gid,role,role_score,cluster_id,priority_score,evidence
100000000011452100,consolidator,0.6533611584603228,1,0.5373775558904046,"consolidator: вход 110,000 KZT/7 перев., выход 16,685 KZT/2 перев.; seeds=7; confidence=0.65."
100000000018102100,peripheral,0.4023156852933736,1,0.14941493596819216,"peripheral: вход 7,000 KZT/1 перев., выход 0 KZT/0 перев.; seeds=7; confidence=0.40. Граница наблюдения."
100000000031787100,distributor,0.4794254698529476,2,0.30248424607288327,"distributor: вход 90,000 KZT/2 перев., выход 90,000 KZT/4 перев.; seeds=1; confidence=0.48."
100000000041368100,terminal,0.5431134989113405,3,0.4649940318044434,"terminal: вход 160,000 KZT/1 перев., выход 0 KZT/0 перев.; seeds=10; confidence=0.54."
100000000076451100,distributor,0.5062310183030699,4,0.49252192139907913,"distributor: вход 87,707 KZT/4 перев., выход 58,000 KZT/4 перев.; seeds=7; confidence=0.51."
100000000089154100,distributor,0.7153695327416386,1,0.552299583382364,"distributor: вход 10,000 KZT/1 перев., выход 425,500 KZT/21 перев.; seeds=7; confidence=0.72."
100000000190228100,peripheral,0.5577280871799805,5,0.4836240627140369,"peripheral: вход 5,000 KZT/1 перев., выход 28,560 KZT/1 перев.; seeds=8; confidence=0.56."
100000000201868100,transit,0.6018345642376589,6,0.4450150355381144,"transit: вход 190,000 KZT/1 перев., выход 190,000 KZT/1 перев.; seeds=7; confidence=0.60."
100000000254336100,consolidator,0.5201240843479853,1,0.42648443617398496,"consolidator: вход 97,177 KZT/2 перев., выход 60,000 KZT/1 перев.; seeds=7; confidence=0.52."
100000000267734100,distributor,0.6985947136710761,2,0.45836062336436095,"distributor: вход 180,000 KZT/4 перев., выход 282,000 KZT/8 перев.; seeds=1; confidence=0.70."
100000000274067100,distributor,0.6939280070865236,2,0.3960061532414597,"distributor: вход 517,704 KZT/9 перев., выход 2,969,000 KZT/9 перев.; seeds=1; confidence=0.69."
100000000287768100,terminal,0.5345466780313075,1,0.2601758186837292,"terminal: вход 35,168 KZT/1 перев., выход 0 KZT/0 перев.; seeds=7; confidence=0.53."
100000000288317100,distributor,0.48150168039044183,1,0.46480864215112444,"distributor: вход 100,000 KZT/2 перев., выход 53,500 KZT/3 перев.; seeds=7; confidence=0.48."
100000000291906100,distributor,0.5844266833461847,7,0.5473037848668849,"distributor: вход 388,000 KZT/3 перев., выход 455,854 KZT/6 перев.; seeds=7; confidence=0.58."
100000000291908100,peripheral,0.5566217669139489,7,0.42955588397201694,"peripheral: вход 295,500 KZT/5 перев., выход 13,300 KZT/1 перев.; seeds=7; confidence=0.56."
100000000297649100,peripheral,0.5527865066595848,8,0.43301556661575535,"peripheral: вход 40,000 KZT/1 перев., выход 70,600 KZT/2 перев.; seeds=8; confidence=0.55."
100000000299820100,peripheral,0.4023156852933736,9,0.16764465938719597,"peripheral: вход 10,000 KZT/1 перев., выход 0 KZT/0 перев.; seeds=7; confidence=0.40. Граница наблюдения."
100000000307908100,terminal,0.5229537386675159,10,0.16183005700905095,"terminal: вход 5,000 KZT/1 перев., выход 0 KZT/0 перев.; seeds=1; confidence=0.52."
100000000331309100,distributor,0.5616529040851811,11,0.5823406347521323,"distributor: вход 984,635 KZT/8 перев., выход 23,001,375 KZT/126 перев.; seeds=7; confidence=0.56."
100000000332284100,distributor,0.5336789595026862,11,0.5480842225202526,"distributor: вход 107,426 KZT/12 перев., выход 289,500 KZT/3 перев.; seeds=7; confidence=0.53."
100000000343175100,distributor,0.8100068826755751,12,0.6146179968607657,"distributor: вход 178,712 KZT/14 перев., выход 4,000,039 KZT/33 перев.; seeds=7; confidence=0.81. Вход seed неполон."
100000000369781100,peripheral,0.4023156852933736,11,0.16834378649269224,"peripheral: вход 5,000 KZT/1 перев., выход 0 KZT/0 перев.; seeds=7; confidence=0.40. Граница наблюдения."
100000000375150100,peripheral,0.4023156852933736,13,0.34430124318335714,"peripheral: вход 300,000 KZT/1 перев., выход 0 KZT/0 перев.; seeds=10; confidence=0.40. Граница наблюдения."
100000000404740100,peripheral,0.4023156852933736,14,0.19169932991438005,"peripheral: вход 25,000 KZT/1 перев., выход 0 KZT/0 перев.; seeds=7; confidence=0.40. Граница наблюдения."
100000000408846100,terminal,0.5353952202329657,15,0.2792708196269159,"terminal: вход 40,500 KZT/1 перев., выход 0 KZT/0 перев.; seeds=7; confidence=0.54."
100000000413678100,distributor,0.543814606770095,9,0.5122517463538656,"distributor: вход 306,500 KZT/2 перев., выход 528,198 KZT/18 перев.; seeds=7; confidence=0.54."
100000000424935100,peripheral,0.4023156852933736,16,0.14491617471344023,"peripheral: вход 15,000 KZT/1 перев., выход 0 KZT/0 перев.; seeds=7; confidence=0.40. Граница наблюдения."
100000000425407100,terminal,0.5290856584538399,3,0.258821179291347,"terminal: вход 20,000 KZT/1 перев., выход 0 KZT/0 перев.; seeds=7; confidence=0.53."
100000000437046100,distributor,0.7280447042310818,1,0.6339577341482479,"distributor: вход 1,107,200 KZT/20 перев., выход 7,606,224 KZT/73 перев.; seeds=7; confidence=0.73."
100000000440392100,terminal,0.5857166431844963,17,0.3874444175967016,"terminal: вход 105,705 KZT/4 перев., выход 0 KZT/0 перев.; seeds=7; confidence=0.59."
100000000456947100,peripheral,0.1812375,18,0.05807830295966453,"peripheral: вход 0 KZT/0 перев., выход 0 KZT/0 перев.; seeds=0; confidence=0.18. Вход seed неполон."
100000000470237100,peripheral,0.4023156852933736,16,0.20074681669815897,"peripheral: вход 32,500 KZT/1 перев., выход 0 KZT/0 перев.; seeds=7; confidence=0.40. Граница наблюдения."
100000000481716100,terminal,0.5248007509829122,19,0.26664830820862373,"terminal: вход 8,000 KZT/1 перев., выход 0 KZT/0 перев.; seeds=7; confidence=0.52."
100000000489417100,consolidator,0.5438942782633188,13,0.5018792190016417,"consolidator: вход 73,504 KZT/3 перев., выход 80,000 KZT/1 перев.; seeds=7; confidence=0.54."
100000000490383100,distributor,0.5335604568313194,17,0.5297264375319098,"distributor: вход 62,600 KZT/3 перев., выход 461,375 KZT/9 перев.; seeds=7; confidence=0.53."
100000000500040100,peripheral,0.4023156852933736,1,0.1519926213834253,"peripheral: вход 20,000 KZT/1 перев., выход 0 KZT/0 перев.; seeds=7; confidence=0.40. Граница наблюдения."
100000000507799100,peripheral,0.3679809340299254,20,0.33614041497911173,"peripheral: вход 5,132 KZT/1 перев., выход 8,000 KZT/1 перев.; seeds=7; confidence=0.37."
100000000533217100,terminal,0.5368695199771942,1,0.3447831644709044,"terminal: вход 53,587 KZT/1 перев., выход 0 KZT/0 перев.; seeds=7; confidence=0.54."
100000000534581100,consolidator,0.5946250526986505,9,0.4643038037753518,"consolidator: вход 55,960 KZT/2 перев., выход 40,000 KZT/1 перев.; seeds=7; confidence=0.59."
100000000542087100,peripheral,0.4023156852933736,21,0.12406704048083982,"peripheral: вход 8,507 KZT/1 перев., выход 0 KZT/0 перев.; seeds=7; confidence=0.40. Граница наблюдения."
100000000552584100,peripheral,0.6023720369843355,22,0.3530215472544913,"peripheral: вход 2,500,000 KZT/3 перев., выход 57,500 KZT/1 перев.; seeds=2; confidence=0.60."
100000000555721100,terminal,0.5764689964319732,1,0.39755015275221955,"terminal: вход 113,000 KZT/3 перев., выход 0 KZT/0 перев.; seeds=7; confidence=0.58."
100000000557536100,peripheral,0.44175955588012067,21,0.24523824774117964,"peripheral: вход 153,000 KZT/7 перев., выход 0 KZT/0 перев.; seeds=7; confidence=0.44. Граница наблюдения."
100000000560751100,terminal,0.5319069261883893,13,0.30509658291932384,"terminal: вход 25,000 KZT/1 перев., выход 0 KZT/0 перев.; seeds=7; confidence=0.53."
100000000561160100,peripheral,0.4023156852933736,3,0.21848815415047113,"peripheral: вход 240,000 KZT/1 перев., выход 0 KZT/0 перев.; seeds=7; confidence=0.40. Граница наблюдения."
100000000569479100,terminal,0.5471333820366269,1,0.35643473743584936,"terminal: вход 320,000 KZT/1 перев., выход 0 KZT/0 перев.; seeds=7; confidence=0.55."
100000000572276100,peripheral,0.5419180933010606,23,0.2478306988736322,"peripheral: вход 13,075 KZT/1 перев., выход 34,547 KZT/1 перев.; seeds=1; confidence=0.54."
100000000580561100,distributor,0.6780114057823068,24,0.40423321768256987,"distributor: вход 27,980 KZT/3 перев., выход 1,488,077 KZT/13 перев.; seeds=0; confidence=0.68. Вход seed неполон."
100000000581662100,peripheral,0.4023156852933736,25,0.13347997344234452,"peripheral: вход 21,160 KZT/1 перев., выход 0 KZT/0 перев.; seeds=2; confidence=0.40. Граница наблюдения."
100000000581682100,peripheral,0.4023156852933736,16,0.127897666895945,"peripheral: вход 5,000 KZT/1 перев., выход 0 KZT/0 перев.; seeds=7; confidence=0.40. Граница наблюдения."
100000000583220100,transit,0.57387368420575,26,0.48255951162026484,"transit: вход 5,000 KZT/1 перев., выход 761,255 KZT/4 перев.; seeds=7; confidence=0.57."
100000000594783100,distributor,0.6496804712005139,22,0.44284460882620563,"distributor: вход 2,635,000 KZT/10 перев., выход 152,500 KZT/2 перев.; seeds=2; confidence=0.65."
100000000596954100,distributor,0.7000528108980263,3,0.6420505614169226,"distributor: вход 120,000 KZT/1 перев., выход 48,100 KZT/2 перев.; seeds=10; confidence=0.70."
100000000600707100,peripheral,0.4138522778816462,27,0.18401981943267648,"peripheral: вход 89,000 KZT/2 перев., выход 0 KZT/0 перев.; seeds=1; confidence=0.41. Граница наблюдения."
100000000607731100,peripheral,0.6089943390623941,28,0.2514526746489469,"peripheral: вход 20,000 KZT/1 перев., выход 66,666 KZT/1 перев.; seeds=1; confidence=0.61."
100000000607941100,consolidator,0.48915758591518055,17,0.46174880842369753,"consolidator: вход 50,000 KZT/3 перев., выход 70,000 KZT/4 перев.; seeds=7; confidence=0.49."
100000000608031100,peripheral,0.4023156852933736,29,0.19211546853159164,"peripheral: вход 30,000 KZT/1 перев., выход 0 KZT/0 перев.; seeds=7; confidence=0.40. Граница наблюдения."
100000000611474100,terminal,0.5339944128040672,30,0.31665960442586844,"terminal: вход 32,000 KZT/1 перев., выход 0 KZT/0 перев.; seeds=7; confidence=0.53."
100000000625169100,terminal,0.5252049341684587,23,0.15341253533492488,"terminal: вход 10,000 KZT/1 перев., выход 0 KZT/0 перев.; seeds=1; confidence=0.53."
100000000627521100,peripheral,0.4023156852933736,31,0.12233812565336695,"peripheral: вход 6,500 KZT/1 перев., выход 0 KZT/0 перев.; seeds=7; confidence=0.40. Граница наблюдения."
100000000629812100,terminal,0.5517557105750608,32,0.4550765723223089,"terminal: вход 22,000 KZT/2 перев., выход 0 KZT/0 перев.; seeds=10; confidence=0.55."
100000000634341100,peripheral,0.4138522778816462,1,0.2226872732283575,"peripheral: вход 24,000 KZT/2 перев., выход 0 KZT/0 перев.; seeds=7; confidence=0.41. Граница наблюдения."
100000000640800100,distributor,0.6599818528685533,9,0.5416440460078445,"distributor: вход 80,000 KZT/1 перев., выход 518,135 KZT/6 перев.; seeds=7; confidence=0.66."
100000000646541100,terminal,0.5758625376098309,1,0.39912032186753155,"terminal: вход 25,300 KZT/4 перев., выход 0 KZT/0 перев.; seeds=7; confidence=0.58."
100000000655469100,peripheral,0.4138522778816462,33,0.19886599122243445,"peripheral: вход 20,000 KZT/2 перев., выход 0 KZT/0 перев.; seeds=7; confidence=0.41. Граница наблюдения."
100000000656682100,distributor,0.600428980594068,1,0.4406609645754084,"distributor: вход 71,000 KZT/1 перев., выход 80,000 KZT/3 перев.; seeds=7; confidence=0.60."
100000000661131100,terminal,0.5280761129821175,23,0.15254811841883695,"terminal: вход 15,600 KZT/1 перев., выход 0 KZT/0 перев.; seeds=1; confidence=0.53."
100000000661912100,transit,0.6347294724640066,9,0.6093780578657048,"transit: вход 393,036 KZT/9 перев., выход 430,700 KZT/8 перев.; seeds=7; confidence=0.63."
100000000667713100,distributor,0.7025188661532442,17,0.5657580542357562,"distributor: вход 119,495 KZT/10 перев., выход 79,236 KZT/7 перев.; seeds=7; confidence=0.70."
100000000673868100,distributor,0.8071336353721708,34,0.6285491184223256,"distributor: вход 2,030,650 KZT/5 перев., выход 383,000 KZT/19 перев.; seeds=7; confidence=0.81."
100000000673915100,peripheral,0.4023156852933736,21,0.1375254207921812,"peripheral: вход 20,200 KZT/1 перев., выход 0 KZT/0 перев.; seeds=7; confidence=0.40. Граница наблюдения."
100000000703894100,peripheral,0.5927371776576975,28,0.25288721014473337,"peripheral: вход 120,000 KZT/1 перев., выход 35,000 KZT/1 перев.; seeds=1; confidence=0.59."
100000000703902100,terminal,0.5309080101932621,23,0.1867988378609879,"terminal: вход 25,499 KZT/1 перев., выход 0 KZT/0 перев.; seeds=1; confidence=0.53."
100000000704700100,peripheral,0.4023156852933736,35,0.11733924396587059,"peripheral: вход 10,000 KZT/1 перев., выход 0 KZT/0 перев.; seeds=1; confidence=0.40. Граница наблюдения."
100000000706545100,consolidator,0.6794112120101444,17,0.5690440854966897,"consolidator: вход 1,070,300 KZT/8 перев., выход 75,800 KZT/3 перев.; seeds=7; confidence=0.68."
100000000718427100,terminal,0.5236453971882045,23,0.1482542746430132,"terminal: вход 6,000 KZT/1 перев., выход 0 KZT/0 перев.; seeds=1; confidence=0.52."
100000000723383100,distributor,0.7117556503062828,33,0.5574434004722475,"distributor: вход 6,800 KZT/1 перев., выход 75,000 KZT/2 перев.; seeds=7; confidence=0.71."
100000000724540100,peripheral,0.49402574428107476,36,0.43475264931551455,"peripheral: вход 50,000 KZT/1 перев., выход 100,000 KZT/1 перев.; seeds=8; confidence=0.49."
100000000733373100,terminal,0.5258030982102108,17,0.2475647494167179,"terminal: вход 10,710 KZT/1 перев., выход 0 KZT/0 перев.; seeds=7; confidence=0.53."
100000000733451100,peripheral,0.5378731165349818,13,0.5321223455361641,"peripheral: вход 70,000 KZT/2 перев., выход 300,000 KZT/1 перев.; seeds=10; confidence=0.54."
100000000733940100,peripheral,0.4138522778816462,37,0.25975848855483247,"peripheral: вход 752,000 KZT/2 перев., выход 0 KZT/0 перев.; seeds=7; confidence=0.41. Граница наблюдения."
100000000737152100,peripheral,0.4023156852933736,1,0.17474220398464527,"peripheral: вход 35,000 KZT/1 перев., выход 0 KZT/0 перев.; seeds=7; confidence=0.40. Граница наблюдения."
100000000749118100,peripheral,0.37395137501900966,1,0.29624437651608887,"peripheral: вход 10,330 KZT/1 перев., выход 16,500 KZT/1 перев.; seeds=7; confidence=0.37."
100000000764836100,distributor,0.590897508509518,9,0.4686053742452059,"distributor: вход 251,716 KZT/1 перев., выход 50,000 KZT/2 перев.; seeds=7; confidence=0.59."
100000000765628100,terminal,0.5229537386675159,17,0.24759862289401943,"terminal: вход 5,000 KZT/1 перев., выход 0 KZT/0 перев.; seeds=7; confidence=0.52."
100000000769919100,terminal,0.5457694936219527,38,0.3062192238968227,"terminal: вход 250,000 KZT/1 перев., выход 0 KZT/0 перев.; seeds=1; confidence=0.55."
100000000782285100,terminal,0.5243005844648433,1,0.2563562068812297,"terminal: вход 6,151 KZT/1 перев., выход 0 KZT/0 перев.; seeds=7; confidence=0.52."
100000000783406100,terminal,0.5242613254219275,39,0.22850783168225167,"terminal: вход 6,066 KZT/1 перев., выход 0 KZT/0 перев.; seeds=7; confidence=0.52."
100000000785800100,transit,0.5814589358895035,40,0.3012479834777344,"transit: вход 19,000 KZT/1 перев., выход 19,000 KZT/1 перев.; seeds=1; confidence=0.58."
100000000790311100,terminal,0.5351235532206512,4,0.27908871501744725,"terminal: вход 46,300 KZT/1 перев., выход 0 KZT/0 перев.; seeds=7; confidence=0.54."
100000000791285100,distributor,0.6545053448099483,15,0.5430066775998563,"distributor: вход 1,120,000 KZT/2 перев., выход 650,000 KZT/3 перев.; seeds=7; confidence=0.65."
100000000795033100,terminal,0.5285390741397219,1,0.2947808600572336,"terminal: вход 18,200 KZT/1 перев., выход 0 KZT/0 перев.; seeds=7; confidence=0.53."
100000000795129100,terminal,0.5468151550011162,4,0.3616066882849006,"terminal: вход 332,000 KZT/1 перев., выход 0 KZT/0 перев.; seeds=7; confidence=0.55."
100000000795374100,terminal,0.536980802523397,9,0.2839097767971661,"terminal: вход 50,000 KZT/1 перев., выход 0 KZT/0 перев.; seeds=7; confidence=0.54."
100000000802149100,terminal,0.5414684318410827,1,0.3021119250547758,"terminal: вход 104,128 KZT/1 перев., выход 0 KZT/0 перев.; seeds=7; confidence=0.54."
100000000803368100,peripheral,0.4023156852933736,41,0.21920631510312139,"peripheral: вход 139,503 KZT/1 перев., выход 0 KZT/0 перев.; seeds=7; confidence=0.40. Граница наблюдения."
100000000806727100,peripheral,0.6013641807268716,3,0.44252451243356067,"peripheral: вход 45,000 KZT/1 перев., выход 5,000 KZT/1 перев.; seeds=11; confidence=0.60."
100000000810551100,coordinator,0.6435155706960799,3,0.6020133938164622,"кандидат в узлы координации: вход 100,000 KZT/1 перев., выход 7,100 KZT/1 перев.; seeds=10; confidence=0.64."
100000000817146100,terminal,0.5382030926966849,17,0.45547248422809206,"terminal: вход 70,020 KZT/1 перев., выход 0 KZT/0 перев.; seeds=9; confidence=0.54."
100000000821507100,terminal,0.5476069186181516,34,0.3549479927824991,"terminal: вход 400,000 KZT/1 перев., выход 0 KZT/0 перев.; seeds=7; confidence=0.55."
100000000831684100,peripheral,0.5238264459112623,8,0.2743267598495571,"peripheral: вход 15,000 KZT/2 перев., выход 50,000 KZT/3 перев.; seeds=1; confidence=0.52."
100000000838385100,distributor,0.6492883315205307,16,0.5439637889889156,"distributor: вход 436,900 KZT/8 перев., выход 177,500 KZT/6 перев.; seeds=7; confidence=0.65."
100000000850297100,transit,0.5807451043737296,12,0.2728169310730775,"transit: вход 17,520 KZT/1 перев., выход 17,520 KZT/1 перев.; seeds=1; confidence=0.58."
100000000860514100,peripheral,0.5523544532198335,14,0.3748755334239503,"peripheral: вход 12,000 KZT/1 перев., выход 50,000 KZT/1 перев.; seeds=7; confidence=0.55."
100000000861294100,terminal,0.5428466003370884,42,0.24823727601367068,"terminal: вход 150,000 KZT/1 перев., выход 0 KZT/0 перев.; seeds=1; confidence=0.54."
100000000870121100,terminal,0.5266265535989637,13,0.2609992237296659,"terminal: вход 12,000 KZT/1 перев., выход 0 KZT/0 перев.; seeds=7; confidence=0.53."
100000000878006100,terminal,0.5363304541185864,11,0.26001750550648967,"terminal: вход 47,003 KZT/1 перев., выход 0 KZT/0 перев.; seeds=7; confidence=0.54."
100000000896111100,terminal,0.546689561801885,22,0.28433149778200306,"terminal: вход 287,100 KZT/1 перев., выход 0 KZT/0 перев.; seeds=1; confidence=0.55."
100000000907277100,terminal,0.5277663730169421,23,0.17105164346089058,"terminal: вход 17,534 KZT/1 перев., выход 0 KZT/0 перев.; seeds=1; confidence=0.53."
100000000910216100,transit,0.5705209234618673,3,0.4708561314250352,"transit: вход 71,000 KZT/3 перев., выход 52,010 KZT/1 перев.; seeds=7; confidence=0.57."
100000000912487100,terminal,0.5252049341684587,3,0.34943939362874515,"terminal: вход 10,000 KZT/1 перев., выход 0 KZT/0 перев.; seeds=9; confidence=0.53."
100000000913911100,consolidator,0.6848492634482721,3,0.5381423881090219,"consolidator: вход 467,000 KZT/2 перев., выход 600,000 KZT/1 перев.; seeds=7; confidence=0.68."
100000000917179100,terminal,0.5622519880711583,41,0.3753852067880134,"terminal: вход 94,465 KZT/2 перев., выход 0 KZT/0 перев.; seeds=7; confidence=0.56."
100000000922570100,peripheral,0.37442901102459153,8,0.1893435896885704,"peripheral: вход 47,101 KZT/1 перев., выход 50,000 KZT/1 перев.; seeds=1; confidence=0.37."
100000000926078100,peripheral,0.4023156852933736,9,0.22331061888108794,"peripheral: вход 250,000 KZT/1 перев., выход 0 KZT/0 перев.; seeds=7; confidence=0.40. Граница наблюдения."
100000000926766100,peripheral,0.5732020289757694,14,0.313758429035204,"peripheral: вход 18,750 KZT/1 перев., выход 6,000 KZT/1 перев.; seeds=7; confidence=0.57."
100000000933075100,transit,0.7183335951203668,8,0.6361724053104408,"transit: вход 40,000 KZT/1 перев., выход 55,000 KZT/2 перев.; seeds=8; confidence=0.72."
100000000941942100,terminal,0.5420419285827496,3,0.45690320622361863,"terminal: вход 130,000 KZT/1 перев., выход 0 KZT/0 перев.; seeds=10; confidence=0.54."
100000000942301100,terminal,0.5605594927946451,1,0.34963599413841173,"terminal: вход 57,580 KZT/2 перев., выход 0 KZT/0 перев.; seeds=7; confidence=0.56."
100000000943371100,terminal,0.5273958458030604,13,0.3853501158030617,"terminal: вход 15,500 KZT/1 перев., выход 0 KZT/0 перев.; seeds=10; confidence=0.53."
100000000945428100,terminal,0.5396421785931669,1,0.3296901000794679,"terminal: вход 89,629 KZT/1 перев., выход 0 KZT/0 перев.; seeds=7; confidence=0.54."
100000000954884100,terminal,0.5342645600363541,39,0.285427899357286,"terminal: вход 34,000 KZT/1 перев., выход 0 KZT/0 перев.; seeds=7; confidence=0.53."
100000000955444100,terminal,0.5239283901228549,24,0.1870655500640418,"terminal: вход 6,910 KZT/1 перев., выход 0 KZT/0 перев.; seeds=1; confidence=0.52."
100000000955529100,peripheral,0.5202092898803877,3,0.3847724846615604,"peripheral: вход 27,000 KZT/1 перев., выход 63,500 KZT/1 перев.; seeds=7; confidence=0.52."
100000000957746100,peripheral,0.4023156852933736,29,0.151796899396711,"peripheral: вход 5,300 KZT/1 перев., выход 0 KZT/0 перев.; seeds=7; confidence=0.40. Граница наблюдения."
100000000961900100,terminal,0.5684066028869705,1,0.3472692856071195,"terminal: вход 36,000 KZT/3 перев., выход 0 KZT/0 перев.; seeds=7; confidence=0.57."
100000000967918100,terminal,0.5647133209979852,1,0.3475257781514255,"terminal: вход 21,200 KZT/3 перев., выход 0 KZT/0 перев.; seeds=7; confidence=0.56."
100000000968253100,terminal,0.5265798837407947,23,0.16652399589586092,"terminal: вход 15,000 KZT/1 перев., выход 0 KZT/0 перев.; seeds=1; confidence=0.53."
100000000971908100,terminal,0.5398026230994701,42,0.22557477024526795,"terminal: вход 89,000 KZT/1 перев., выход 0 KZT/0 перев.; seeds=1; confidence=0.54."
100000000976943100,transit,0.5771268882090675,12,0.5476539565126467,"transit: вход 70,000 KZT/1 перев., выход 84,000 KZT/3 перев.; seeds=8; confidence=0.58."
100000000978041100,terminal,0.5345695739113406,23,0.2109185140835873,"terminal: вход 44,445 KZT/1 перев., выход 0 KZT/0 перев.; seeds=1; confidence=0.53."
100000000979567100,terminal,0.5252049341684587,23,0.2065053053361974,"terminal: вход 10,000 KZT/1 перев., выход 0 KZT/0 перев.; seeds=1; confidence=0.53."
100000000979923100,terminal,0.5403302265573313,12,0.4087244724217513,"terminal: вход 97,900 KZT/1 перев., выход 0 KZT/0 перев.; seeds=8; confidence=0.54."
100000000981693100,peripheral,0.4023156852933736,1,0.1761299877358878,"peripheral: вход 16,500 KZT/1 перев., выход 0 KZT/0 перев.; seeds=7; confidence=0.40. Граница наблюдения."
100000000993112100,terminal,0.5425498126655293,43,0.4343693594778932,"terminal: вход 141,000 KZT/1 перев., выход 0 KZT/0 перев.; seeds=8; confidence=0.54."
100000000998559100,terminal,0.5405899455413483,3,0.4477395612258364,"terminal: вход 100,000 KZT/1 перев., выход 0 KZT/0 перев.; seeds=10; confidence=0.54."
100000001009583100,terminal,0.5479058840037802,11,0.33470582733310206,"terminal: вход 393,740 KZT/1 перев., выход 0 KZT/0 перев.; seeds=7; confidence=0.55."
100000001046057100,terminal,0.5399032835459786,5,0.3122370970349497,"terminal: вход 83,420 KZT/1 перев., выход 0 KZT/0 перев.; seeds=7; confidence=0.54."
100000001046626100,terminal,0.5432797858431405,11,0.30184684433684417,"terminal: вход 150,000 KZT/1 перев., выход 0 KZT/0 перев.; seeds=7; confidence=0.54."
100000001049200100,distributor,0.5077018061913162,44,0.49596392149193985,"distributor: вход 76,624 KZT/2 перев., выход 36,000 KZT/5 перев.; seeds=7; confidence=0.51."
100000001052789100,terminal,0.5391172018684204,44,0.29516577584025716,"terminal: вход 70,975 KZT/1 перев., выход 0 KZT/0 перев.; seeds=7; confidence=0.54."
100000001052945100,distributor,0.6597035507980683,45,0.5434826174321336,"distributor: вход 56,520 KZT/1 перев., выход 1,595,700 KZT/6 перев.; seeds=7; confidence=0.66."
100000001053894100,peripheral,0.44175955588012067,31,0.29029949378024605,"peripheral: вход 2,000,000 KZT/7 перев., выход 0 KZT/0 перев.; seeds=7; confidence=0.44. Граница наблюдения."
100000001056414100,terminal,0.5460132444300339,25,0.2967096980003522,"terminal: вход 250,000 KZT/1 перев., выход 0 KZT/0 перев.; seeds=2; confidence=0.55."
100000001063678100,distributor,0.5935249699705059,30,0.47487195827040757,"distributor: вход 35,000 KZT/1 перев., выход 90,000 KZT/2 перев.; seeds=7; confidence=0.59."
100000001065234100,peripheral,0.4023156852933736,46,0.23608311394290799,"peripheral: вход 360,000 KZT/1 перев., выход 0 KZT/0 перев.; seeds=7; confidence=0.40. Граница наблюдения."
100000001065481100,peripheral,0.4138522778816462,13,0.20393377621071201,"peripheral: вход 16,000 KZT/2 перев., выход 0 KZT/0 перев.; seeds=7; confidence=0.41. Граница наблюдения."
100000001066017100,distributor,0.6515053868875794,1,0.4980230553989344,"distributor: вход 136,123 KZT/3 перев., выход 82,500 KZT/4 перев.; seeds=7; confidence=0.65."
100000001072022100,terminal,0.6090183675429977,3,0.6043249852054698,"terminal: вход 1,684,000 KZT/6 перев., выход 0 KZT/0 перев.; seeds=10; confidence=0.61."
100000001073568100,distributor,0.7443792921883442,41,0.5610111272046785,"distributor: вход 707,465 KZT/4 перев., выход 219,503 KZT/3 перев.; seeds=7; confidence=0.74."
100000001074553100,terminal,0.553731554991082,5,0.31530724339184785,"terminal: вход 28,971 KZT/2 перев., выход 0 KZT/0 перев.; seeds=2; confidence=0.55."
100000001083990100,terminal,0.5576730519296942,8,0.44385418142673627,"terminal: вход 49,900 KZT/2 перев., выход 0 KZT/0 перев.; seeds=8; confidence=0.56."
100000001089055100,peripheral,0.4023156852933736,29,0.1528834318109734,"peripheral: вход 13,000 KZT/1 перев., выход 0 KZT/0 перев.; seeds=7; confidence=0.40. Граница наблюдения."
100000001102676100,transit,0.5911499120827974,3,0.471999662040126,"transit: вход 50,000 KZT/1 перев., выход 50,000 KZT/1 перев.; seeds=8; confidence=0.59."
100000001103905100,terminal,0.5280453265878392,23,0.17076311000000688,"terminal: вход 18,000 KZT/1 перев., выход 0 KZT/0 перев.; seeds=1; confidence=0.53."
100000001110358100,terminal,0.5563862573704669,1,0.3688292914067647,"terminal: вход 32,000 KZT/2 перев., выход 0 KZT/0 перев.; seeds=7; confidence=0.56."
100000001111763100,terminal,0.5275107408319907,23,0.16957583970977816,"terminal: вход 17,144 KZT/1 перев., выход 0 KZT/0 перев.; seeds=1; confidence=0.53."
100000001114385100,terminal,0.5320545532890721,3,0.25342038760717134,"terminal: вход 29,500 KZT/1 перев., выход 0 KZT/0 перев.; seeds=7; confidence=0.53."
100000001126374100,distributor,0.5818836828786995,1,0.5081721661188966,"distributor: вход 182,500 KZT/7 перев., выход 29,200 KZT/4 перев.; seeds=7; confidence=0.58."
100000001130176100,terminal,0.5542987707547891,1,0.35755997471781586,"terminal: вход 25,000 KZT/2 перев., выход 0 KZT/0 перев.; seeds=7; confidence=0.55."
100000001130553100,peripheral,0.4138522778816462,11,0.21702076733068085,"peripheral: вход 18,000 KZT/2 перев., выход 0 KZT/0 перев.; seeds=7; confidence=0.41. Граница наблюдения."
100000001131403100,peripheral,0.4220376205867471,45,0.28041591853347536,"peripheral: вход 1,570,000 KZT/3 перев., выход 0 KZT/0 перев.; seeds=7; confidence=0.42. Граница наблюдения."
100000001138283100,distributor,0.6022585058913911,9,0.4491596188590635,"distributor: вход 81,805 KZT/1 перев., выход 50,000 KZT/2 перев.; seeds=7; confidence=0.60."
100000001138376100,terminal,0.5273539596927659,4,0.2360304407525471,"terminal: вход 15,300 KZT/1 перев., выход 0 KZT/0 перев.; seeds=7; confidence=0.53."
100000001140785100,terminal,0.5676344856115482,5,0.48328984593218727,"terminal: вход 215,000 KZT/2 перев., выход 0 KZT/0 перев.; seeds=8; confidence=0.57."
100000001141268100,consolidator,0.7416394033408985,47,0.6659100341764119,"consolidator: вход 480,000 KZT/2 перев., выход 10,000 KZT/1 перев.; seeds=9; confidence=0.74."
100000001145749100,terminal,0.5257777217627762,3,0.41126955919343394,"terminal: вход 10,000 KZT/1 перев., выход 0 KZT/0 перев.; seeds=10; confidence=0.53."
100000001149815100,terminal,0.5266265535989637,23,0.14636872343356133,"terminal: вход 12,000 KZT/1 перев., выход 0 KZT/0 перев.; seeds=1; confidence=0.53."
100000001155773100,terminal,0.5305509446897709,23,0.16589409682801667,"terminal: вход 21,500 KZT/1 перев., выход 0 KZT/0 перев.; seeds=1; confidence=0.53."
100000001160401100,terminal,0.5587986285540205,1,0.3369967856263678,"terminal: вход 47,190 KZT/2 перев., выход 0 KZT/0 перев.; seeds=7; confidence=0.56."
100000001162560100,distributor,0.7045580380821064,5,0.4118747899965787,"distributor: вход 331,300 KZT/2 перев., выход 2,904,398 KZT/14 перев.; seeds=1; confidence=0.70."
100000001164648100,terminal,0.5480669271054935,48,0.3285744317944542,"terminal: вход 13,660 KZT/2 перев., выход 0 KZT/0 перев.; seeds=7; confidence=0.55."
100000001166289100,consolidator,0.533355909451921,23,0.34090434396129515,"consolidator: вход 721,039 KZT/10 перев., выход 25,000 KZT/1 перев.; seeds=1; confidence=0.53."
100000001169666100,peripheral,0.5356083724663887,19,0.4808917079103128,"peripheral: вход 220,000 KZT/2 перев., выход 24,000 KZT/1 перев.; seeds=9; confidence=0.54."
100000001184915100,terminal,0.5667002039245449,4,0.38579526209699316,"terminal: вход 201,000 KZT/2 перев., выход 0 KZT/0 перев.; seeds=7; confidence=0.57."
100000001194266100,terminal,0.5358301882313894,3,0.417665681016512,"terminal: вход 50,000 KZT/1 перев., выход 0 KZT/0 перев.; seeds=10; confidence=0.54."
100000001202637100,peripheral,0.4023156852933736,19,0.2724599777120342,"peripheral: вход 10,000 KZT/1 перев., выход 0 KZT/0 перев.; seeds=9; confidence=0.40. Граница наблюдения."
100000001202787100,consolidator,0.29372052365385426,1,0.24383998567016646,"consolidator: вход 14,850 KZT/2 перев., выход 0 KZT/0 перев.; seeds=7; confidence=0.29. Граница наблюдения."
100000001220124100,peripheral,0.4023156852933736,9,0.19724319376280636,"peripheral: вход 40,000 KZT/1 перев., выход 0 KZT/0 перев.; seeds=7; confidence=0.40. Граница наблюдения."
100000001222245100,peripheral,0.43357421317501976,11,0.28145346947874544,"peripheral: вход 420,000 KZT/5 перев., выход 0 KZT/0 перев.; seeds=7; confidence=0.43. Граница наблюдения."
100000001222263100,transit,0.5967424803584762,11,0.46521566682529375,"transit: вход 745,570 KZT/1 перев., выход 420,000 KZT/5 перев.; seeds=7; confidence=0.60."
100000001223977100,peripheral,0.5564093575358885,49,0.4899779589693343,"peripheral: вход 5,000 KZT/1 перев., выход 18,000 KZT/1 перев.; seeds=10; confidence=0.56."
100000001227106100,terminal,0.5437723580321377,11,0.3048743855059642,"terminal: вход 164,765 KZT/1 перев., выход 0 KZT/0 перев.; seeds=7; confidence=0.54."
100000001229743100,transit,0.511805795348683,1,0.36709149831074206,"transit: вход 7,000 KZT/1 перев., выход 9,000 KZT/1 перев.; seeds=7; confidence=0.51."
100000001232297100,distributor,0.5895293788715209,13,0.48269346823008746,"distributor: вход 5,000 KZT/1 перев., выход 45,000 KZT/2 перев.; seeds=10; confidence=0.59."
100000001236706100,consolidator,0.5627413489041067,13,0.5226583500511485,"consolidator: вход 142,700 KZT/3 перев., выход 36,000 KZT/2 перев.; seeds=7; confidence=0.56."
100000001241318100,terminal,0.5367571401631472,1,0.3253859133320516,"terminal: вход 53,000 KZT/1 перев., выход 0 KZT/0 перев.; seeds=7; confidence=0.54."
100000001246806100,peripheral,0.4023156852933736,5,0.3106987192193914,"peripheral: вход 130,000 KZT/1 перев., выход 0 KZT/0 перев.; seeds=9; confidence=0.40. Граница наблюдения."
100000001248999100,terminal,0.5310842240943324,29,0.24640453902575496,"terminal: вход 23,425 KZT/1 перев., выход 0 KZT/0 перев.; seeds=7; confidence=0.53."
100000001249054100,peripheral,0.4023156852933736,19,0.1400243677770934,"peripheral: вход 17,375 KZT/1 перев., выход 0 KZT/0 перев.; seeds=7; confidence=0.40. Граница наблюдения."
100000001250022100,terminal,0.5360414913886424,42,0.20168606897442354,"terminal: вход 50,000 KZT/1 перев., выход 0 KZT/0 перев.; seeds=1; confidence=0.54."
100000001251686100,terminal,0.528378168956962,3,0.3663097566154986,"terminal: вход 18,000 KZT/1 перев., выход 0 KZT/0 перев.; seeds=9; confidence=0.53."
100000001252290100,peripheral,0.5285032560933983,11,0.33350196489932254,"peripheral: вход 141,005 KZT/1 перев., выход 5,000 KZT/1 перев.; seeds=7; confidence=0.53."
100000001253557100,terminal,0.597159330386886,5,0.5773799759108296,"terminal: вход 210,200 KZT/5 перев., выход 0 KZT/0 перев.; seeds=10; confidence=0.60."
100000001256409100,peripheral,0.4023156852933736,36,0.1177249097058189,"peripheral: вход 8,000 KZT/1 перев., выход 0 KZT/0 перев.; seeds=1; confidence=0.40. Граница наблюдения."
100000001262647100,terminal,0.5301961923979781,4,0.2625655094866697,"terminal: вход 23,650 KZT/1 перев., выход 0 KZT/0 перев.; seeds=7; confidence=0.53."
100000001270349100,terminal,0.5449049168110173,42,0.26813843409528665,"terminal: вход 200,000 KZT/1 перев., выход 0 KZT/0 перев.; seeds=1; confidence=0.54."
100000001270470100,peripheral,0.4138522778816462,1,0.21730475657769033,"peripheral: вход 28,300 KZT/2 перев., выход 0 KZT/0 перев.; seeds=7; confidence=0.41. Граница наблюдения."
100000001273783100,terminal,0.530052136311048,12,0.17985520185473258,"terminal: вход 23,200 KZT/1 перев., выход 0 KZT/0 перев.; seeds=1; confidence=0.53."
100000001275557100,peripheral,0.4023156852933736,30,0.1656019100343252,"peripheral: вход 20,000 KZT/1 перев., выход 0 KZT/0 перев.; seeds=7; confidence=0.40. Граница наблюдения."
100000001275752100,terminal,0.5434261705653463,5,0.42912781982049114,"terminal: вход 151,500 KZT/1 перев., выход 0 KZT/0 перев.; seeds=9; confidence=0.54."
100000001276409100,peripheral,0.4023156852933736,19,0.18831653985443536,"peripheral: вход 94,760 KZT/1 перев., выход 0 KZT/0 перев.; seeds=7; confidence=0.40. Граница наблюдения."
100000001279272100,distributor,0.7240629691356363,1,0.5574047042934475,"distributor: вход 250,000 KZT/1 перев., выход 136,758 KZT/2 перев.; seeds=7; confidence=0.72."
100000001279875100,terminal,0.5356333563431804,25,0.20805879643891675,"terminal: вход 49,235 KZT/1 перев., выход 0 KZT/0 перев.; seeds=1; confidence=0.54."
100000001280798100,terminal,0.5313437198771613,19,0.2591278464381473,"terminal: вход 23,785 KZT/1 перев., выход 0 KZT/0 перев.; seeds=7; confidence=0.53."
100000001282143100,terminal,0.6094736854692671,25,0.6121966978575386,"terminal: вход 1,700,000 KZT/6 перев., выход 0 KZT/0 перев.; seeds=10; confidence=0.61."
100000001285440100,terminal,0.5682357924275736,47,0.5374241053327883,"terminal: вход 243,000 KZT/2 перев., выход 0 KZT/0 перев.; seeds=9; confidence=0.57."
100000001286703100,peripheral,0.4023156852933736,31,0.13711182465443372,"peripheral: вход 20,500 KZT/1 перев., выход 0 KZT/0 перев.; seeds=7; confidence=0.40. Граница наблюдения."
100000001287955100,distributor,0.6787845940241944,25,0.45361079507198016,"distributor: вход 17,520 KZT/1 перев., выход 310,000 KZT/5 перев.; seeds=1; confidence=0.68."
100000001290243100,terminal,0.5252049341684587,17,0.25500318706186936,"terminal: вход 10,000 KZT/1 перев., выход 0 KZT/0 перев.; seeds=7; confidence=0.53."
100000001297206100,peripheral,0.4023156852933736,1,0.13816413259462906,"peripheral: вход 6,758 KZT/1 перев., выход 0 KZT/0 перев.; seeds=7; confidence=0.40. Граница наблюдения."
100000001298099100,terminal,0.5294453845566113,19,0.2523711206887409,"terminal: вход 19,000 KZT/1 перев., выход 0 KZT/0 перев.; seeds=7; confidence=0.53."
100000001299323100,peripheral,0.4023156852933736,5,0.26321068548571286,"peripheral: вход 109,000 KZT/1 перев., выход 0 KZT/0 перев.; seeds=8; confidence=0.40. Граница наблюдения."
100000001299443100,peripheral,0.4023156852933736,48,0.07550035933810512,"peripheral: вход 8,000 KZT/1 перев., выход 0 KZT/0 перев.; seeds=1; confidence=0.40. Граница наблюдения."
100000001299828100,peripheral,0.4023156852933736,1,0.2148748297363289,"peripheral: вход 100,000 KZT/1 перев., выход 0 KZT/0 перев.; seeds=7; confidence=0.40. Граница наблюдения."
100000001303311100,terminal,0.6030401462044395,47,0.6030810389692774,"terminal: вход 1,324,000 KZT/5 перев., выход 0 KZT/0 перев.; seeds=9; confidence=0.60."
100000001307612100,terminal,0.5336603502239187,23,0.20209714719191255,"terminal: вход 38,483 KZT/1 перев., выход 0 KZT/0 перев.; seeds=1; confidence=0.53."
100000001308856100,terminal,0.5316402808847601,23,0.18365841524921228,"terminal: вход 27,000 KZT/1 перев., выход 0 KZT/0 перев.; seeds=1; confidence=0.53."
100000001311175100,peripheral,0.4023156852933736,25,0.20301281605831234,"peripheral: вход 300,000 KZT/1 перев., выход 0 KZT/0 перев.; seeds=2; confidence=0.40. Граница наблюдения."
100000001317336100,distributor,0.7271225209293628,37,0.5550570122387043,"distributor: вход 131,196 KZT/1 перев., выход 1,752,000 KZT/3 перев.; seeds=7; confidence=0.73."
100000001325618100,peripheral,0.4023156852933736,48,0.07707446388735294,"peripheral: вход 9,300 KZT/1 перев., выход 0 KZT/0 перев.; seeds=1; confidence=0.40. Граница наблюдения."
100000001329153100,terminal,0.5433972733373587,1,0.3099393030066692,"terminal: вход 150,687 KZT/1 перев., выход 0 KZT/0 перев.; seeds=7; confidence=0.54."
100000001330595100,consolidator,0.4653018361912315,35,0.29757014622840633,"consolidator: вход 87,000 KZT/6 перев., выход 154,000 KZT/1 перев.; seeds=1; confidence=0.47."
100000001330685100,consolidator,0.6625914273219397,11,0.5727896535126759,"consolidator: вход 2,435,923 KZT/7 перев., выход 100,500 KZT/1 перев.; seeds=7; confidence=0.66."
100000001339466100,terminal,0.5324167154251741,3,0.388128449019577,"terminal: вход 30,000 KZT/1 перев., выход 0 KZT/0 перев.; seeds=9; confidence=0.53."
100000001346560100,consolidator,0.6450957081866924,3,0.6322344147488018,"consolidator: вход 10,000 KZT/2 перев., выход 22,200 KZT/1 перев.; seeds=11; confidence=0.65."
100000001362940100,terminal,0.5390930077102274,3,0.43932187792169625,"terminal: вход 81,000 KZT/1 перев., выход 0 KZT/0 перев.; seeds=10; confidence=0.54."
100000001363952100,consolidator,0.6138086997580439,9,0.49400555366280346,"consolidator: вход 196,655 KZT/2 перев., выход 91,000 KZT/2 перев.; seeds=7; confidence=0.61."
100000001373265100,peripheral,0.5316713901498052,9,0.3567675277718655,"peripheral: вход 142,482 KZT/1 перев., выход 5,000 KZT/1 перев.; seeds=7; confidence=0.53."
100000001378288100,peripheral,0.4220376205867471,9,0.2631085252636332,"peripheral: вход 268,000 KZT/3 перев., выход 0 KZT/0 перев.; seeds=7; confidence=0.42. Граница наблюдения."
100000001379511100,terminal,0.5378912259800954,5,0.2968599052938083,"terminal: вход 55,000 KZT/1 перев., выход 0 KZT/0 перев.; seeds=7; confidence=0.54."
100000001380054100,distributor,0.6529564661416783,28,0.3809170984673333,"distributor: вход 127,050 KZT/2 перев., выход 360,000 KZT/4 перев.; seeds=1; confidence=0.65."
100000001380107100,terminal,0.524153910108108,32,0.3652977077957402,"terminal: вход 6,000 KZT/1 перев., выход 0 KZT/0 перев.; seeds=10; confidence=0.52."
100000001380986100,terminal,0.5384939152019191,5,0.20892210222703556,"terminal: вход 70,170 KZT/1 перев., выход 0 KZT/0 перев.; seeds=1; confidence=0.54."
100000001382002100,peripheral,0.38691600766304596,1,0.31389618702837413,"peripheral: вход 55,000 KZT/2 перев., выход 56,500 KZT/3 перев.; seeds=7; confidence=0.39."
100000001384826100,peripheral,0.5258614893201881,11,0.3476279298366876,"peripheral: вход 364,260 KZT/1 перев., выход 10,000 KZT/1 перев.; seeds=7; confidence=0.53."
100000001386612100,terminal,0.537757316212015,50,0.3214732502613087,"terminal: вход 62,264 KZT/1 перев., выход 0 KZT/0 перев.; seeds=7; confidence=0.54."
100000001389255100,terminal,0.5272323499218173,23,0.16923319758241004,"terminal: вход 16,136 KZT/1 перев., выход 0 KZT/0 перев.; seeds=1; confidence=0.53."
100000001411870100,terminal,0.5943855709733529,42,0.4236777853524127,"terminal: вход 900,000 KZT/4 перев., выход 0 KZT/0 перев.; seeds=2; confidence=0.59."
100000001415126100,terminal,0.3793357648522683,50,0.3089866292509965,"terminal: вход 27,000 KZT/1 перев., выход 0 KZT/0 перев.; seeds=7; confidence=0.38. Вход seed неполон."
100000001418900100,terminal,0.556277488811625,23,0.24189315159255614,"terminal: вход 40,140 KZT/2 перев., выход 0 KZT/0 перев.; seeds=1; confidence=0.56."
100000001420847100,terminal,0.5510548603366011,44,0.3038459463390266,"terminal: вход 20,000 KZT/2 перев., выход 0 KZT/0 перев.; seeds=7; confidence=0.55."
100000001427082100,distributor,0.6518457099883254,33,0.5549365944581294,"distributor: вход 5,000 KZT/1 перев., выход 124,900 KZT/6 перев.; seeds=7; confidence=0.65."
100000001429930100,terminal,0.3789551175072249,13,0.303094207018428,"terminal: вход 26,000 KZT/1 перев., выход 0 KZT/0 перев.; seeds=7; confidence=0.38. Вход seed неполон."
100000001439416100,distributor,0.6094979415215611,1,0.4880583480217939,"distributor: вход 10,000 KZT/1 перев., выход 165,000 KZT/3 перев.; seeds=7; confidence=0.61."
100000001445848100,transit,0.5214703168564997,39,0.4252900486487598,"transit: вход 546,000 KZT/13 перев., выход 351,850 KZT/14 перев.; seeds=7; confidence=0.52."
100000001463701100,terminal,0.5711766444919452,12,0.5226517803433616,"terminal: вход 621,000 KZT/2 перев., выход 0 KZT/0 перев.; seeds=8; confidence=0.57."
100000001471706100,peripheral,0.44511080576329237,50,0.35769024552949874,"peripheral: вход 377,000 KZT/8 перев., выход 0 KZT/0 перев.; seeds=8; confidence=0.45. Граница наблюдения."
100000001477796100,terminal,0.5437735760297702,3,0.27503957722464145,"terminal: вход 182,000 KZT/1 перев., выход 0 KZT/0 перев.; seeds=1; confidence=0.54."
100000001484381100,terminal,0.585651189305244,19,0.394147235158902,"terminal: вход 95,585 KZT/4 перев., выход 0 KZT/0 перев.; seeds=7; confidence=0.59."
100000001490461100,peripheral,0.5499965361450503,19,0.45864623791434656,"peripheral: вход 20,000 KZT/1 перев., выход 5,000 KZT/1 перев.; seeds=9; confidence=0.55."
100000001498732100,peripheral,0.4023156852933736,5,0.12792808857187574,"peripheral: вход 5,500 KZT/1 перев., выход 0 KZT/0 перев.; seeds=7; confidence=0.40. Граница наблюдения."
100000001524952100,terminal,0.5408841209870594,1,0.3358137066539952,"terminal: вход 103,807 KZT/1 перев., выход 0 KZT/0 перев.; seeds=7; confidence=0.54."
100000001526235100,distributor,0.5272264423921866,14,0.5185777003237761,"distributor: вход 82,000 KZT/4 перев., выход 432,750 KZT/9 перев.; seeds=7; confidence=0.53."
100000001527186100,terminal,0.5712221619423886,3,0.5364003457677032,"terminal: вход 678,000 KZT/2 перев., выход 0 KZT/0 перев.; seeds=10; confidence=0.57."
100000001530709100,terminal,0.5377385662420268,1,0.27080733569781823,"terminal: вход 53,961 KZT/1 перев., выход 0 KZT/0 перев.; seeds=7; confidence=0.54."
100000001530740100,terminal,0.5270939532127954,17,0.2878770647402794,"terminal: вход 15,000 KZT/1 перев., выход 0 KZT/0 перев.; seeds=7; confidence=0.53."
100000001530983100,distributor,0.5698777482070774,17,0.560790469549399,"distributor: вход 564,158 KZT/4 перев., выход 1,829,538 KZT/17 перев.; seeds=7; confidence=0.57."
100000001533161100,peripheral,0.4023156852933736,51,0.19010706307528644,"peripheral: вход 100,000 KZT/1 перев., выход 0 KZT/0 перев.; seeds=7; confidence=0.40. Граница наблюдения."
100000001534244100,consolidator,0.7288234122566886,5,0.6240456692003595,"consolidator: вход 366,000 KZT/2 перев., выход 45,000 KZT/1 перев.; seeds=8; confidence=0.73."
100000001537524100,peripheral,0.4023156852933736,25,0.26726280361746607,"peripheral: вход 150,000 KZT/1 перев., выход 0 KZT/0 перев.; seeds=8; confidence=0.40. Граница наблюдения."
100000001538095100,terminal,0.5689061244180913,25,0.5425081978669594,"terminal: вход 280,000 KZT/2 перев., выход 0 KZT/0 перев.; seeds=9; confidence=0.57."
100000001541418100,terminal,0.5624307747898925,5,0.39125060012609425,"terminal: вход 96,900 KZT/2 перев., выход 0 KZT/0 перев.; seeds=7; confidence=0.56."
100000001549194100,terminal,0.5361777943805177,41,0.2849473501979544,"terminal: вход 46,500 KZT/1 перев., выход 0 KZT/0 перев.; seeds=7; confidence=0.54."
100000001550388100,terminal,0.5358301882313894,1,0.3003846587924727,"terminal: вход 50,000 KZT/1 перев., выход 0 KZT/0 перев.; seeds=7; confidence=0.54."
100000001550419100,terminal,0.530937549737597,41,0.25340730372738046,"terminal: вход 23,000 KZT/1 перев., выход 0 KZT/0 перев.; seeds=7; confidence=0.53."
100000001554432100,terminal,0.5366542258861605,3,0.4224004541892759,"terminal: вход 53,920 KZT/1 перев., выход 0 KZT/0 перев.; seeds=10; confidence=0.54."
100000001557930100,terminal,0.5333969736987869,42,0.1854944827634799,"terminal: вход 34,610 KZT/1 перев., выход 0 KZT/0 перев.; seeds=1; confidence=0.53."
100000001567366100,terminal,0.5942571922201533,17,0.44797638448809646,"terminal: вход 824,070 KZT/4 перев., выход 0 KZT/0 перев.; seeds=7; confidence=0.59."
100000001578517100,terminal,0.5324167154251741,17,0.255556357803996,"terminal: вход 30,000 KZT/1 перев., выход 0 KZT/0 перев.; seeds=7; confidence=0.53."
100000001584286100,terminal,0.5844273386668076,25,0.5353610178069643,"terminal: вход 738,699 KZT/3 перев., выход 0 KZT/0 перев.; seeds=8; confidence=0.58."
100000001590795100,peripheral,0.4023156852933736,48,0.06902553896248602,"peripheral: вход 5,060 KZT/1 перев., выход 0 KZT/0 перев.; seeds=1; confidence=0.40. Граница наблюдения."
100000001597424100,terminal,0.5365076346510477,41,0.28689991119258407,"terminal: вход 48,100 KZT/1 перев., выход 0 KZT/0 перев.; seeds=7; confidence=0.54."
100000001597505100,peripheral,0.504944834714552,43,0.45489836093140185,"peripheral: вход 26,460 KZT/1 перев., выход 12,920 KZT/1 перев.; seeds=8; confidence=0.50."
100000001598625100,peripheral,0.4023156852933736,9,0.17985999048407558,"peripheral: вход 25,000 KZT/1 перев., выход 0 KZT/0 перев.; seeds=7; confidence=0.40. Граница наблюдения."
100000001600934100,peripheral,0.5961492171561569,9,0.3682102042976975,"peripheral: вход 180,300 KZT/2 перев., выход 11,000 KZT/1 перев.; seeds=7; confidence=0.60."
100000001601320100,transit,0.43484702899343286,2,0.33860921201293515,"transit: вход 43,500 KZT/2 перев., выход 46,200 KZT/1 перев.; seeds=1; confidence=0.43."
100000001609499100,distributor,0.5700942771680123,1,0.5211294658893864,"distributor: вход 263,113 KZT/3 перев., выход 21,000 KZT/2 перев.; seeds=7; confidence=0.57."
100000001611488100,terminal,0.5853480663987315,11,0.4649079663586501,"terminal: вход 779,300 KZT/3 перев., выход 0 KZT/0 перев.; seeds=7; confidence=0.59."
100000001616816100,consolidator,0.5507039311833226,42,0.6130787743918268,"consolidator: вход 176,195 KZT/12 перев., выход 181,326 KZT/10 перев.; seeds=10; confidence=0.55. Вход seed неполон."
100000001632325100,terminal,0.575439986700928,23,0.28571202977116655,"terminal: вход 85,600 KZT/3 перев., выход 0 KZT/0 перев.; seeds=1; confidence=0.58."
100000001633685100,terminal,0.5699287939945186,1,0.3575042100008641,"terminal: вход 45,000 KZT/3 перев., выход 0 KZT/0 перев.; seeds=7; confidence=0.57."
100000001637376100,transit,0.6907105053978977,11,0.4658780155862669,"transit: вход 116,700 KZT/1 перев., выход 234,250 KZT/2 перев.; seeds=7; confidence=0.69."
100000001639766100,terminal,0.5299335803120135,42,0.23373533854439418,"terminal: вход 20,000 KZT/1 перев., выход 0 KZT/0 перев.; seeds=1; confidence=0.53."
100000001641789100,terminal,0.5279175104953634,42,0.43376366795586374,"terminal: вход 17,826 KZT/1 перев., выход 0 KZT/0 перев.; seeds=11; confidence=0.53."
100000001641951100,terminal,0.5755851658139584,3,0.4684699211143412,"terminal: вход 25,000 KZT/4 перев., выход 0 KZT/0 перев.; seeds=11; confidence=0.58."
100000001648936100,terminal,0.540153041058448,42,0.22755413869905416,"terminal: вход 92,740 KZT/1 перев., выход 0 KZT/0 перев.; seeds=1; confidence=0.54."
100000001650895100,peripheral,0.5310891503679133,19,0.46199337395236917,"peripheral: вход 153,500 KZT/1 перев., выход 10,000 KZT/1 перев.; seeds=9; confidence=0.53."
100000001660397100,transit,0.766998288718294,1,0.5694765071188331,"transit: вход 48,600 KZT/2 перев., выход 49,000 KZT/4 перев.; seeds=7; confidence=0.77."
100000001669260100,peripheral,0.4023156852933736,36,0.18405305056637336,"peripheral: вход 500,000 KZT/1 перев., выход 0 KZT/0 перев.; seeds=1; confidence=0.40. Граница наблюдения."
100000001674850100,terminal,0.5681207827846825,5,0.48473302433915005,"terminal: вход 237,000 KZT/2 перев., выход 0 KZT/0 перев.; seeds=8; confidence=0.57."
100000001677389100,peripheral,0.5075550818104267,29,0.32359624370775236,"peripheral: вход 11,000 KZT/1 перев., выход 5,400 KZT/1 перев.; seeds=7; confidence=0.51."
100000001677929100,distributor,0.48066249721024373,2,0.3967733210905296,"distributor: вход 126,777 KZT/3 перев., выход 286,098 KZT/4 перев.; seeds=1; confidence=0.48."
100000001680944100,terminal,0.5478688131776618,47,0.47371986514563985,"terminal: вход 393,000 KZT/1 перев., выход 0 KZT/0 перев.; seeds=9; confidence=0.55."
100000001684867100,terminal,0.5323134245497714,17,0.2707454756955483,"terminal: вход 30,550 KZT/1 перев., выход 0 KZT/0 перев.; seeds=7; confidence=0.53."
100000001686328100,terminal,0.5428403420419935,5,0.4445546890220819,"terminal: вход 140,000 KZT/1 перев., выход 0 KZT/0 перев.; seeds=9; confidence=0.54."
100000001688676100,terminal,0.5425767594600993,44,0.3196150445380111,"terminal: вход 133,700 KZT/1 перев., выход 0 KZT/0 перев.; seeds=7; confidence=0.54."
100000001689968100,terminal,0.5828085859501808,11,0.46331200950589607,"terminal: вход 344,334 KZT/3 перев., выход 0 KZT/0 перев.; seeds=7; confidence=0.58."
100000001690439100,terminal,0.5273802305185283,11,0.28153242527652494,"terminal: вход 14,200 KZT/1 перев., выход 0 KZT/0 перев.; seeds=7; confidence=0.53."
100000001690558100,terminal,0.549872954864293,44,0.37840028947692544,"terminal: вход 740,000 KZT/1 перев., выход 0 KZT/0 перев.; seeds=7; confidence=0.55."
100000001696818100,terminal,0.5365964480385208,3,0.22478411996833522,"terminal: вход 53,550 KZT/1 перев., выход 0 KZT/0 перев.; seeds=1; confidence=0.54."
100000001697501100,distributor,0.7221244116288528,23,0.5029371261216055,"distributor: вход 123,700 KZT/3 перев., выход 1,482,606 KZT/55 перев.; seeds=1; confidence=0.72."
100000001703168100,transit,0.5966259661747112,3,0.42921366758987706,"transit: вход 45,000 KZT/1 перев., выход 90,000 KZT/1 перев.; seeds=7; confidence=0.60."
100000001714173100,terminal,0.6083855022110479,47,0.5663811011717395,"terminal: вход 638,905 KZT/6 перев., выход 0 KZT/0 перев.; seeds=9; confidence=0.61."
100000001714413100,terminal,0.5460876757168003,11,0.3207447477028858,"terminal: вход 250,172 KZT/1 перев., выход 0 KZT/0 перев.; seeds=7; confidence=0.55."
100000001714883100,peripheral,0.4023156852933736,48,0.07336954879927052,"peripheral: вход 6,900 KZT/1 перев., выход 0 KZT/0 перев.; seeds=1; confidence=0.40. Граница наблюдения."
100000001716579100,terminal,0.5260767929690225,23,0.1634443365598738,"terminal: вход 13,916 KZT/1 перев., выход 0 KZT/0 перев.; seeds=1; confidence=0.53."
100000001724740100,peripheral,0.4283866656432347,5,0.35266816728614164,"peripheral: вход 185,000 KZT/4 перев., выход 0 KZT/0 перев.; seeds=9; confidence=0.43. Граница наблюдения."
100000001726614100,terminal,0.5427621135906914,1,0.31224077874283546,"terminal: вход 138,717 KZT/1 перев., выход 0 KZT/0 перев.; seeds=7; confidence=0.54."
100000001732159100,consolidator,0.45653818355380754,52,0.5514737470921012,"consolidator: вход 2,378,100 KZT/30 перев., выход 1,505,966 KZT/23 перев.; seeds=9; confidence=0.46. Вход seed неполон."
100000001733216100,peripheral,0.4138522778816462,1,0.22624709120587125,"peripheral: вход 60,000 KZT/2 перев., выход 0 KZT/0 перев.; seeds=7; confidence=0.41. Граница наблюдения."
100000001733687100,terminal,0.5468711187679411,5,0.43640873355951065,"terminal: вход 300,000 KZT/1 перев., выход 0 KZT/0 перев.; seeds=8; confidence=0.55."
100000001737722100,terminal,0.5376275710820659,3,0.39433559561278997,"terminal: вход 60,460 KZT/1 перев., выход 0 KZT/0 перев.; seeds=8; confidence=0.54."
100000001740277100,peripheral,0.38014942742710367,2,0.20779530480378186,"peripheral: вход 8,700 KZT/1 перев., выход 5,000 KZT/1 перев.; seeds=1; confidence=0.38."
100000001745217100,terminal,0.536980802523397,1,0.2727949926392116,"terminal: вход 50,000 KZT/1 перев., выход 0 KZT/0 перев.; seeds=7; confidence=0.54."
100000001746925100,coordinator,0.6386955237097584,3,0.5930117006595124,"кандидат в узлы координации: вход 65,250 KZT/1 перев., выход 5,000 KZT/1 перев.; seeds=10; confidence=0.64."
100000001782980100,peripheral,0.6217736232383696,28,0.2754212689263576,"peripheral: вход 50,000 KZT/1 перев., выход 596,200 KZT/3 перев.; seeds=1; confidence=0.62."
100000001784279100,terminal,0.5346082696518185,1,0.2606326122733882,"terminal: вход 35,674 KZT/1 перев., выход 0 KZT/0 перев.; seeds=7; confidence=0.53."
100000001785161100,terminal,0.5558552950421426,34,0.3474694708154007,"terminal: вход 30,000 KZT/2 перев., выход 0 KZT/0 перев.; seeds=7; confidence=0.56."
100000001788284100,distributor,0.6535770005311159,14,0.5111274997035115,"distributor: вход 8,000 KZT/1 перев., выход 296,700 KZT/8 перев.; seeds=7; confidence=0.65."
100000001805543100,terminal,0.5371036256093583,17,0.29980444471125867,"terminal: вход 59,000 KZT/1 перев., выход 0 KZT/0 перев.; seeds=7; confidence=0.54."
100000001808684100,transit,0.5649247290009041,42,0.3219444172793258,"transit: вход 48,400 KZT/3 перев., выход 37,700 KZT/2 перев.; seeds=1; confidence=0.56."
100000001816678100,peripheral,0.4023156852933736,3,0.17453365911352453,"peripheral: вход 60,000 KZT/1 перев., выход 0 KZT/0 перев.; seeds=7; confidence=0.40. Граница наблюдения."
100000001818442100,terminal,0.5355890375962181,19,0.28787246400189603,"terminal: вход 42,215 KZT/1 перев., выход 0 KZT/0 перев.; seeds=7; confidence=0.54."
100000001819396100,terminal,0.5438672233142313,15,0.3325520114575147,"terminal: вход 166,080 KZT/1 перев., выход 0 KZT/0 перев.; seeds=7; confidence=0.54."
100000001822623100,terminal,0.5447606277548819,30,0.3361789518773578,"terminal: вход 201,300 KZT/1 перев., выход 0 KZT/0 перев.; seeds=7; confidence=0.54."
100000001822650100,peripheral,0.4023156852933736,5,0.26682199432607034,"peripheral: вход 112,000 KZT/1 перев., выход 0 KZT/0 перев.; seeds=8; confidence=0.40. Граница наблюдения."
100000001825934100,peripheral,0.5216521726595984,27,0.3022958957434185,"peripheral: вход 40,000 KZT/1 перев., выход 97,000 KZT/1 перев.; seeds=1; confidence=0.52."
100000001831496100,peripheral,0.5509758998047046,12,0.4027029003495275,"peripheral: вход 25,000 KZT/1 перев., выход 373,000 KZT/1 перев.; seeds=7; confidence=0.55."
100000001835625100,terminal,0.5393886684139159,11,0.2751096306551688,"terminal: вход 75,130 KZT/1 перев., выход 0 KZT/0 перев.; seeds=7; confidence=0.54."
100000001837130100,terminal,0.544081474672811,1,0.3214024467731943,"terminal: вход 172,900 KZT/1 перев., выход 0 KZT/0 перев.; seeds=7; confidence=0.54."
100000001845505100,peripheral,0.4023156852933736,9,0.19125938565602305,"peripheral: вход 20,000 KZT/1 перев., выход 0 KZT/0 перев.; seeds=7; confidence=0.40. Граница наблюдения."
100000001848426100,terminal,0.5404155999977712,42,0.22924672595097476,"terminal: вход 95,530 KZT/1 перев., выход 0 KZT/0 перев.; seeds=1; confidence=0.54."
100000001851289100,terminal,0.5762588816974652,17,0.3812009516593427,"terminal: вход 109,510 KZT/3 перев., выход 0 KZT/0 перев.; seeds=7; confidence=0.58."
100000001852140100,terminal,0.5334634504757427,53,0.25451038262363435,"terminal: вход 30,000 KZT/1 перев., выход 0 KZT/0 перев.; seeds=1; confidence=0.53."
100000001853812100,terminal,0.538985555394738,9,0.29714617380981595,"terminal: вход 70,000 KZT/1 перев., выход 0 KZT/0 перев.; seeds=7; confidence=0.54."
100000001857829100,distributor,0.5657277390822,9,0.5760995134715222,"distributor: вход 888,535 KZT/9 перев., выход 2,390,993 KZT/16 перев.; seeds=7; confidence=0.57."
100000001860090100,terminal,0.5234105950034718,42,0.18510484175836078,"terminal: вход 5,000 KZT/1 перев., выход 0 KZT/0 перев.; seeds=1; confidence=0.52."
100000001870116100,terminal,0.530291051708382,23,0.1833965945522639,"terminal: вход 24,000 KZT/1 перев., выход 0 KZT/0 перев.; seeds=1; confidence=0.53."
100000001872484100,distributor,0.6934836107166242,40,0.41446805791123237,"distributor: вход 871,400 KZT/13 перев., выход 514,580 KZT/9 перев.; seeds=1; confidence=0.69."
100000001875167100,terminal,0.5726835196019829,11,0.4090197510766435,"terminal: вход 1,000,000 KZT/2 перев., выход 0 KZT/0 перев.; seeds=7; confidence=0.57."
100000001875239100,terminal,0.5851457858028186,5,0.5456760906247984,"terminal: вход 712,000 KZT/3 перев., выход 0 KZT/0 перев.; seeds=9; confidence=0.59."
100000001884825100,terminal,0.5841889593837521,5,0.5177469029950483,"terminal: вход 495,000 KZT/3 перев., выход 0 KZT/0 перев.; seeds=8; confidence=0.58."
100000001887715100,consolidator,0.7756149809744272,47,0.7233467934756824,"consolidator: вход 1,331,500 KZT/4 перев., выход 750,000 KZT/1 перев.; seeds=9; confidence=0.78."
100000001893287100,peripheral,0.5657436398230906,42,0.29293294071436343,"peripheral: вход 18,000 KZT/3 перев., выход 152,700 KZT/14 перев.; seeds=1; confidence=0.57."
100000001899164100,consolidator,0.7208197616353662,8,0.6920799392879603,"consolidator: вход 291,675 KZT/5 перев., выход 76,500 KZT/3 перев.; seeds=8; confidence=0.72."
100000001904863100,terminal,0.5485233224464302,41,0.5102691119720459,"terminal: вход 500,000 KZT/1 перев., выход 0 KZT/0 перев.; seeds=11; confidence=0.55."
100000001924185100,terminal,0.564960032419798,12,0.5405549753093571,"terminal: вход 151,000 KZT/2 перев., выход 0 KZT/0 перев.; seeds=11; confidence=0.56."
100000001927599100,terminal,0.5668478246649307,19,0.5010509128916937,"terminal: вход 188,000 KZT/2 перев., выход 0 KZT/0 перев.; seeds=9; confidence=0.57."
100000001929088100,terminal,0.5695833855524249,2,0.41013104408550866,"terminal: вход 396,010 KZT/2 перев., выход 0 KZT/0 перев.; seeds=2; confidence=0.57."
100000001934935100,terminal,0.5421319095466783,1,0.300322953976382,"terminal: вход 118,935 KZT/1 перев., выход 0 KZT/0 перев.; seeds=7; confidence=0.54."
100000001937767100,distributor,0.6560115339346572,41,0.7162839893860354,"distributor: вход 53,000 KZT/1 перев., выход 1,933,000 KZT/6 перев.; seeds=11; confidence=0.66."
100000001952325100,terminal,0.5609215060402516,23,0.27692169844416203,"terminal: вход 77,888 KZT/2 перев., выход 0 KZT/0 перев.; seeds=1; confidence=0.56."
100000001953577100,terminal,0.5270012385312585,23,0.16774995100920673,"terminal: вход 15,600 KZT/1 перев., выход 0 KZT/0 перев.; seeds=1; confidence=0.53."
100000001954534100,peripheral,0.5518712145026861,1,0.3897629843534998,"peripheral: вход 13,000 KZT/1 перев., выход 40,000 KZT/1 перев.; seeds=7; confidence=0.55."
100000001954903100,terminal,0.5317215006459963,12,0.18763827727960536,"terminal: вход 27,118 KZT/1 перев., выход 0 KZT/0 перев.; seeds=1; confidence=0.53."
100000001957974100,peripheral,0.4023156852933736,41,0.21577485016312278,"peripheral: вход 500,000 KZT/1 перев., выход 0 KZT/0 перев.; seeds=7; confidence=0.40. Граница наблюдения."
100000001960517100,terminal,0.5445077041051021,42,0.3385859338001508,"terminal: вход 200,000 KZT/1 перев., выход 0 KZT/0 перев.; seeds=2; confidence=0.54."
100000001961048100,terminal,0.5428466003370884,34,0.3174900481675732,"terminal: вход 150,000 KZT/1 перев., выход 0 KZT/0 перев.; seeds=7; confidence=0.54."
100000001965374100,distributor,0.6558813739743801,22,0.45531336569805014,"distributor: вход 1,759,720 KZT/8 перев., выход 3,082,100 KZT/5 перев.; seeds=1; confidence=0.66."
100000001969496100,terminal,0.5308486698368368,41,0.2527626573825967,"terminal: вход 22,740 KZT/1 перев., выход 0 KZT/0 перев.; seeds=7; confidence=0.53."
100000001985793100,terminal,0.5478189016289773,42,0.2860036242747454,"terminal: вход 420,000 KZT/1 перев., выход 0 KZT/0 перев.; seeds=1; confidence=0.55."
100000001987030100,consolidator,0.5839787924855843,4,0.4692217141309474,"consolidator: вход 30,864 KZT/2 перев., выход 19,000 KZT/1 перев.; seeds=7; confidence=0.58."
100000001991973100,peripheral,0.4023156852933736,48,0.0982798642249739,"peripheral: вход 20,800 KZT/1 перев., выход 0 KZT/0 перев.; seeds=1; confidence=0.40. Граница наблюдения."
100000002015633100,terminal,0.5406479179638233,11,0.2843548117463712,"terminal: вход 94,970 KZT/1 перев., выход 0 KZT/0 перев.; seeds=7; confidence=0.54."
100000002028158100,terminal,0.5334347730100161,4,0.26904457626664113,"terminal: вход 34,800 KZT/1 перев., выход 0 KZT/0 перев.; seeds=7; confidence=0.53."
100000002032323100,transit,0.5872483785132413,5,0.4843009121298372,"transit: вход 300,000 KZT/1 перев., выход 1,050,000 KZT/2 перев.; seeds=7; confidence=0.59."
100000002087788100,terminal,0.5410010017427588,11,0.36284405401793185,"terminal: вход 100,500 KZT/1 перев., выход 0 KZT/0 перев.; seeds=7; confidence=0.54."
100000002095257100,terminal,0.524940860689255,8,0.3652211838779804,"terminal: вход 8,500 KZT/1 перев., выход 0 KZT/0 перев.; seeds=8; confidence=0.52."
100000002103448100,terminal,0.5327792491402904,23,0.17412514189637868,"terminal: вход 27,000 KZT/1 перев., выход 0 KZT/0 перев.; seeds=1; confidence=0.53."
100000002109656100,terminal,0.5489016798312328,25,0.3191090420736764,"terminal: вход 500,000 KZT/1 перев., выход 0 KZT/0 перев.; seeds=2; confidence=0.55."
100000002116705100,terminal,0.5289857963946668,23,0.15637751287809348,"terminal: вход 17,600 KZT/1 перев., выход 0 KZT/0 перев.; seeds=1; confidence=0.53."
100000002119762100,peripheral,0.43796022211835384,11,0.2572183180316479,"peripheral: вход 77,000 KZT/6 перев., выход 0 KZT/0 перев.; seeds=7; confidence=0.44. Граница наблюдения."
100000002121357100,consolidator,0.7254142845477785,5,0.6153965993833871,"consolidator: вход 255,300 KZT/2 перев., выход 113,000 KZT/1 перев.; seeds=8; confidence=0.73."
100000002126791100,peripheral,0.4220376205867471,5,0.3692072116794877,"peripheral: вход 1,313,000 KZT/3 перев., выход 0 KZT/0 перев.; seeds=9; confidence=0.42. Граница наблюдения."
100000002130400100,peripheral,0.4023156852933736,27,0.09693838363998411,"peripheral: вход 10,000 KZT/1 перев., выход 0 KZT/0 перев.; seeds=1; confidence=0.40. Граница наблюдения."
100000002132479100,peripheral,0.5286657290292374,41,0.40689878253728334,"peripheral: вход 30,000 KZT/2 перев., выход 20,000 KZT/1 перев.; seeds=8; confidence=0.53."
100000002152857100,distributor,0.6630004602743415,42,0.3787287865119418,"distributor: вход 105,000 KZT/1 перев., выход 1,230,000 KZT/6 перев.; seeds=1; confidence=0.66."
100000002156381100,consolidator,0.7503881675430786,54,0.6403052054039109,"consolidator: вход 61,000 KZT/7 перев., выход 21,800 KZT/3 перев.; seeds=8; confidence=0.75."
100000002158488100,terminal,0.5325573589982505,23,0.1954517685795738,"terminal: вход 31,723 KZT/1 перев., выход 0 KZT/0 перев.; seeds=1; confidence=0.53."
100000002170580100,terminal,0.5428466003370884,12,0.2619105960402878,"terminal: вход 150,000 KZT/1 перев., выход 0 KZT/0 перев.; seeds=1; confidence=0.54."
100000002173070100,terminal,0.5324167154251741,17,0.255556357803996,"terminal: вход 30,000 KZT/1 перев., выход 0 KZT/0 перев.; seeds=7; confidence=0.53."
100000002173161100,terminal,0.602495889025793,17,0.5937806346919925,"terminal: вход 1,427,500 KZT/5 перев., выход 0 KZT/0 перев.; seeds=9; confidence=0.60."
100000002175422100,distributor,0.7051753489814604,37,0.5856335337709253,"distributor: вход 68,500 KZT/5 перев., выход 1,621,188 KZT/14 перев.; seeds=7; confidence=0.71."
100000002182176100,terminal,0.534350160257254,1,0.29101658909062195,"terminal: вход 42,465 KZT/1 перев., выход 0 KZT/0 перев.; seeds=7; confidence=0.53."
100000002184107100,terminal,0.5242613254219275,39,0.22850783168225167,"terminal: вход 6,066 KZT/1 перев., выход 0 KZT/0 перев.; seeds=7; confidence=0.52."
100000002185328100,distributor,0.6233545254974597,33,0.4963240508459598,"distributor: вход 15,000 KZT/1 перев., выход 55,000 KZT/4 перев.; seeds=7; confidence=0.62."
100000002188586100,peripheral,0.4023156852933736,19,0.16259135366171434,"peripheral: вход 38,310 KZT/1 перев., выход 0 KZT/0 перев.; seeds=7; confidence=0.40. Граница наблюдения."
100000002188829100,terminal,0.5476183348710704,3,0.49328090117653617,"terminal: вход 400,000 KZT/1 перев., выход 0 KZT/0 перев.; seeds=10; confidence=0.55."
100000002193259100,transit,0.5806041035064302,8,0.5979730967148504,"transit: вход 48,000 KZT/2 перев., выход 58,000 KZT/3 перев.; seeds=8; confidence=0.58."
100000002194320100,peripheral,0.4023156852933736,46,0.22416936365861911,"peripheral: вход 275,000 KZT/1 перев., выход 0 KZT/0 перев.; seeds=7; confidence=0.40. Граница наблюдения."
100000002194329100,terminal,0.5321566394253491,1,0.24408127688428372,"terminal: вход 25,170 KZT/1 перев., выход 0 KZT/0 перев.; seeds=7; confidence=0.53."
100000002199091100,terminal,0.5380612450415607,23,0.21954266005244744,"terminal: вход 65,000 KZT/1 перев., выход 0 KZT/0 перев.; seeds=1; confidence=0.54."
100000002205022100,distributor,0.6100321296636033,32,0.6536556297830363,"distributor: вход 7,100 KZT/1 перев., выход 518,000 KZT/3 перев.; seeds=10; confidence=0.61."
100000002208836100,peripheral,0.4023156852933736,11,0.18906766595530405,"peripheral: вход 90,000 KZT/1 перев., выход 0 KZT/0 перев.; seeds=7; confidence=0.40. Граница наблюдения."
100000002211413100,terminal,0.533407679516585,23,0.20038680888496957,"terminal: вход 37,000 KZT/1 перев., выход 0 KZT/0 перев.; seeds=1; confidence=0.53."
100000002212494100,terminal,0.5436404219239258,37,0.3365497376692304,"terminal: вход 160,000 KZT/1 перев., выход 0 KZT/0 перев.; seeds=7; confidence=0.54."
100000002214207100,peripheral,0.4023156852933736,27,0.16766275147022844,"peripheral: вход 97,000 KZT/1 перев., выход 0 KZT/0 перев.; seeds=1; confidence=0.40. Граница наблюдения."
100000002214301100,peripheral,0.5275641508736175,1,0.37800342560948424,"peripheral: вход 21,438 KZT/1 перев., выход 8,000 KZT/1 перев.; seeds=7; confidence=0.53."
100000002214383100,peripheral,0.4023156852933736,23,0.16735176748328143,"peripheral: вход 213,000 KZT/1 перев., выход 0 KZT/0 перев.; seeds=1; confidence=0.40. Граница наблюдения."
100000002214570100,terminal,0.5313795318939586,23,0.18928491400002062,"terminal: вход 26,471 KZT/1 перев., выход 0 KZT/0 перев.; seeds=1; confidence=0.53."
100000002214664100,transit,0.5525746426597259,23,0.3084946165397702,"transit: вход 7,950 KZT/1 перев., выход 76,950 KZT/2 перев.; seeds=1; confidence=0.55."
100000002216999100,terminal,0.5312695782249245,23,0.16708911000828902,"terminal: вход 23,677 KZT/1 перев., выход 0 KZT/0 перев.; seeds=1; confidence=0.53."
100000002217161100,distributor,0.7018784333999989,39,0.6015860288736481,"distributor: вход 404,750 KZT/15 перев., выход 995,132 KZT/19 перев.; seeds=7; confidence=0.70."
100000002217806100,peripheral,0.4138522778816462,20,0.22802121870820602,"peripheral: вход 55,000 KZT/2 перев., выход 0 KZT/0 перев.; seeds=7; confidence=0.41. Граница наблюдения."
100000002224132100,distributor,0.8175041446101672,22,0.585276964985173,"distributor: вход 3,951,020 KZT/10 перев., выход 12,115,000 KZT/25 перев.; seeds=2; confidence=0.82."
100000002227960100,peripheral,0.4023156852933736,33,0.14181798392719103,"peripheral: вход 10,000 KZT/1 перев., выход 0 KZT/0 перев.; seeds=7; confidence=0.40. Граница наблюдения."
100000002227989100,peripheral,0.4023156852933736,33,0.1715378691484762,"peripheral: вход 20,000 KZT/1 перев., выход 0 KZT/0 перев.; seeds=7; confidence=0.40. Граница наблюдения."
100000002229615100,peripheral,0.4023156852933736,33,0.2066874378283752,"peripheral: вход 25,000 KZT/1 перев., выход 0 KZT/0 перев.; seeds=7; confidence=0.40. Граница наблюдения."
100000002231144100,peripheral,0.4023156852933736,33,0.16310742380594684,"peripheral: вход 15,000 KZT/1 перев., выход 0 KZT/0 перев.; seeds=7; confidence=0.40. Граница наблюдения."
100000002232266100,terminal,0.5359412104443431,9,0.2784261591924933,"terminal: вход 45,000 KZT/1 перев., выход 0 KZT/0 перев.; seeds=7; confidence=0.54."
100000002236528100,terminal,0.538701249182987,2,0.2995421973658159,"terminal: вход 66,000 KZT/1 перев., выход 0 KZT/0 перев.; seeds=7; confidence=0.54."
100000002241986100,distributor,0.6951470572648271,31,0.5563706303474121,"distributor: вход 280,000 KZT/1 перев., выход 3,077,000 KZT/12 перев.; seeds=7; confidence=0.70."
100000002242066100,peripheral,0.4023156852933736,39,0.20317570437502216,"peripheral: вход 60,000 KZT/1 перев., выход 0 KZT/0 перев.; seeds=7; confidence=0.40. Граница наблюдения."
100000002242455100,peripheral,0.4023156852933736,11,0.2122838838851359,"peripheral: вход 110,000 KZT/1 перев., выход 0 KZT/0 перев.; seeds=7; confidence=0.40. Граница наблюдения."
100000002243354100,terminal,0.5292540119284844,23,0.1782400961257068,"terminal: вход 20,879 KZT/1 перев., выход 0 KZT/0 перев.; seeds=1; confidence=0.53."
100000002255058100,terminal,0.5711302132101059,3,0.33613086744247395,"terminal: вход 491,500 KZT/2 перев., выход 0 KZT/0 перев.; seeds=1; confidence=0.57."
100000002257794100,terminal,0.5435128622493088,35,0.30088974274211827,"terminal: вход 154,000 KZT/1 перев., выход 0 KZT/0 перев.; seeds=1; confidence=0.54."
100000002258492100,peripheral,0.4023156852933736,50,0.2523797426832884,"peripheral: вход 9,000 KZT/1 перев., выход 0 KZT/0 перев.; seeds=8; confidence=0.40. Граница наблюдения."
100000002267998100,distributor,0.5375723411504695,30,0.5243252838831364,"distributor: вход 420,000 KZT/4 перев., выход 1,115,000 KZT/12 перев.; seeds=7; confidence=0.54."
100000002284426100,terminal,0.5626881689511575,11,0.3276052093549647,"terminal: вход 90,000 KZT/2 перев., выход 0 KZT/0 перев.; seeds=7; confidence=0.56."
100000002289937100,terminal,0.5288110237342467,23,0.17610803567348007,"terminal: вход 20,000 KZT/1 перев., выход 0 KZT/0 перев.; seeds=1; confidence=0.53."
100000002293421100,transit,0.5052433208906635,1,0.4719537303877745,"transit: вход 41,000 KZT/6 перев., выход 47,000 KZT/5 перев.; seeds=7; confidence=0.51."
100000002299948100,terminal,0.5238487047013312,43,0.32443043007050276,"terminal: вход 6,750 KZT/1 перев., выход 0 KZT/0 перев.; seeds=8; confidence=0.52."
100000002301828100,terminal,0.5362519360327546,29,0.27670586475072895,"terminal: вход 46,977 KZT/1 перев., выход 0 KZT/0 перев.; seeds=7; confidence=0.54."
100000002304943100,peripheral,0.4023156852933736,33,0.14632186545702575,"peripheral: вход 15,000 KZT/1 перев., выход 0 KZT/0 перев.; seeds=7; confidence=0.40. Граница наблюдения."
100000002305007100,terminal,0.5380438857181642,23,0.20891290972712132,"terminal: вход 56,000 KZT/1 перев., выход 0 KZT/0 перев.; seeds=1; confidence=0.54."
100000002305477100,peripheral,0.4023156852933736,33,0.15555220609872178,"peripheral: вход 20,000 KZT/1 перев., выход 0 KZT/0 перев.; seeds=7; confidence=0.40. Граница наблюдения."
100000002306369100,distributor,0.7901015074712591,3,0.6062276997553999,"distributor: вход 73,166 KZT/1 перев., выход 260,900 KZT/9 перев.; seeds=7; confidence=0.79."
100000002308091100,terminal,0.5444107356742816,25,0.288184925490418,"terminal: вход 186,720 KZT/1 перев., выход 0 KZT/0 перев.; seeds=1; confidence=0.54."
100000002320495100,peripheral,0.4023156852933736,29,0.17574088271308078,"peripheral: вход 13,526 KZT/1 перев., выход 0 KZT/0 перев.; seeds=7; confidence=0.40. Граница наблюдения."
100000002324543100,terminal,0.5322679070993279,5,0.18410697624995415,"terminal: вход 30,202 KZT/1 перев., выход 0 KZT/0 перев.; seeds=1; confidence=0.53."
100000002335358100,terminal,0.564408169073956,17,0.40160859692929063,"terminal: вход 140,000 KZT/2 перев., выход 0 KZT/0 перев.; seeds=7; confidence=0.56."
100000002340562100,terminal,0.5557319226171473,2,0.2737258850874671,"terminal: вход 36,650 KZT/2 перев., выход 0 KZT/0 перев.; seeds=1; confidence=0.56."
100000002343825100,consolidator,0.7628721539673774,5,0.6597504736627721,"consolidator: вход 350,000 KZT/4 перев., выход 89,800 KZT/2 перев.; seeds=8; confidence=0.76."
100000002346166100,terminal,0.524153910108108,23,0.1380135003235965,"terminal: вход 6,000 KZT/1 перев., выход 0 KZT/0 перев.; seeds=1; confidence=0.52."
100000002356167100,distributor,0.5962183462535683,11,0.4453912419923086,"distributor: вход 300,000 KZT/1 перев., выход 29,500 KZT/3 перев.; seeds=7; confidence=0.60."
100000002369443100,terminal,0.536980802523397,23,0.2023320792472733,"terminal: вход 50,000 KZT/1 перев., выход 0 KZT/0 перев.; seeds=1; confidence=0.54."
100000002369454100,peripheral,0.4023156852933736,9,0.17985999048407558,"peripheral: вход 25,000 KZT/1 перев., выход 0 KZT/0 перев.; seeds=7; confidence=0.40. Граница наблюдения."
100000002369510100,terminal,0.5348165356290648,23,0.1871092157736138,"terminal: вход 37,150 KZT/1 перев., выход 0 KZT/0 перев.; seeds=1; confidence=0.53."
100000002369874100,terminal,0.5943890601289904,5,0.5744200542218069,"terminal: вход 600,000 KZT/4 перев., выход 0 KZT/0 перев.; seeds=9; confidence=0.59."
100000002371751100,transit,0.61187463650373,38,0.3466245258791508,"transit: вход 200,000 KZT/5 перев., выход 250,000 KZT/1 перев.; seeds=1; confidence=0.61."
100000002371892100,peripheral,0.4023156852933736,55,0.16673055675014703,"peripheral: вход 43,830 KZT/1 перев., выход 0 KZT/0 перев.; seeds=7; confidence=0.40. Граница наблюдения."
100000002373144100,peripheral,0.5403377142024761,1,0.3359952818001352,"peripheral: вход 46,468 KZT/1 перев., выход 10,764 KZT/1 перев.; seeds=7; confidence=0.54."
100000002373386100,terminal,0.5314344983601894,23,0.16782472806978233,"terminal: вход 24,000 KZT/1 перев., выход 0 KZT/0 перев.; seeds=1; confidence=0.53."
100000002380341100,terminal,0.5381387510002577,1,0.29924589548103936,"terminal: вход 57,566 KZT/1 перев., выход 0 KZT/0 перев.; seeds=7; confidence=0.54."
100000002391278100,transit,0.5501968067488862,42,0.29654980629715527,"transit: вход 30,000 KZT/5 перев., выход 52,700 KZT/2 перев.; seeds=1; confidence=0.55."
100000002394199100,peripheral,0.5713926077786242,2,0.2891998010683698,"peripheral: вход 277,398 KZT/3 перев., выход 76,777 KZT/1 перев.; seeds=1; confidence=0.57."
100000002398779100,consolidator,0.8168389653567012,1,0.7379602053913654,"consolidator: вход 1,095,690 KZT/28 перев., выход 66,000 KZT/3 перев.; seeds=8; confidence=0.82."
100000002404112100,peripheral,0.4023156852933736,15,0.18221142231690557,"peripheral: вход 60,000 KZT/1 перев., выход 0 KZT/0 перев.; seeds=7; confidence=0.40. Граница наблюдения."
100000002432143100,terminal,0.5392601399049214,3,0.42767998701182625,"terminal: вход 81,310 KZT/1 перев., выход 0 KZT/0 перев.; seeds=9; confidence=0.54."
100000002433697100,transit,0.7122395741663331,11,0.47581950205113516,"transit: вход 130,000 KZT/1 перев., выход 110,000 KZT/1 перев.; seeds=7; confidence=0.71."
100000002435265100,terminal,0.5779362820825875,1,0.36681775053616417,"terminal: вход 132,628 KZT/3 перев., выход 0 KZT/0 перев.; seeds=7; confidence=0.58."
100000002443664100,terminal,0.5839175355442784,25,0.5658704404195676,"terminal: вход 556,880 KZT/3 перев., выход 0 KZT/0 перев.; seeds=9; confidence=0.58."
100000002445750100,peripheral,0.535454010332108,1,0.37928602777623976,"peripheral: вход 70,000 KZT/1 перев., выход 10,000 KZT/1 перев.; seeds=7; confidence=0.54."
100000002448088100,consolidator,0.4851520594913131,33,0.4765163486222137,"consolidator: вход 20,000 KZT/3 перев., выход 25,000 KZT/1 перев.; seeds=7; confidence=0.49."
100000002454724100,terminal,0.5769310730972412,34,0.3731889124650973,"terminal: вход 125,000 KZT/3 перев., выход 0 KZT/0 перев.; seeds=7; confidence=0.58."
100000002457464100,terminal,0.5381710723962548,3,0.3984118024687278,"terminal: вход 66,647 KZT/1 перев., выход 0 KZT/0 перев.; seeds=8; confidence=0.54."
100000002459093100,peripheral,0.6093027651094195,42,0.26087389207187217,"peripheral: вход 500,000 KZT/2 перев., выход 55,000 KZT/3 перев.; seeds=1; confidence=0.61."
100000002459163100,terminal,0.5294258665754062,40,0.20303822121117576,"terminal: вход 20,180 KZT/1 перев., выход 0 KZT/0 перев.; seeds=1; confidence=0.53."
100000002459164100,terminal,0.5299335803120135,1,0.2966464376885005,"terminal: вход 20,000 KZT/1 перев., выход 0 KZT/0 перев.; seeds=7; confidence=0.53."
100000002459240100,terminal,0.5432797858431405,11,0.30184684433684417,"terminal: вход 150,000 KZT/1 перев., выход 0 KZT/0 перев.; seeds=7; confidence=0.54."
100000002459832100,terminal,0.572595218970282,36,0.46186685920749593,"terminal: вход 880,606 KZT/2 перев., выход 0 KZT/0 перев.; seeds=7; confidence=0.57."
100000002462183100,terminal,0.576176583055433,56,0.3154568792217003,"terminal: вход 107,500 KZT/3 перев., выход 0 KZT/0 перев.; seeds=1; confidence=0.58."
100000002469065100,terminal,0.5445675443996708,17,0.3334059043850205,"terminal: вход 200,000 KZT/1 перев., выход 0 KZT/0 перев.; seeds=7; confidence=0.54."
100000002472632100,consolidator,0.6306087812183989,14,0.5219074032329105,"consolidator: вход 502,400 KZT/3 перев., выход 20,000 KZT/1 перев.; seeds=7; confidence=0.63."
100000002474570100,peripheral,0.4023156852933736,48,0.07292222545025868,"peripheral: вход 6,750 KZT/1 перев., выход 0 KZT/0 перев.; seeds=1; confidence=0.40. Граница наблюдения."
100000002475601100,terminal,0.5455970021100708,36,0.25434783155753343,"terminal: вход 232,301 KZT/1 перев., выход 0 KZT/0 перев.; seeds=1; confidence=0.55."
100000002478829100,peripheral,0.4023156852933736,33,0.18054264877316142,"peripheral: вход 34,000 KZT/1 перев., выход 0 KZT/0 перев.; seeds=7; confidence=0.40. Граница наблюдения."
100000002479804100,distributor,0.5916022228017223,3,0.3172726590951797,"distributor: вход 46,000 KZT/1 перев., выход 35,300 KZT/2 перев.; seeds=1; confidence=0.59."
100000002480800100,terminal,0.5708790189948918,3,0.5539433414431622,"terminal: вход 569,251 KZT/2 перев., выход 0 KZT/0 перев.; seeds=10; confidence=0.57."
100000002481735100,terminal,0.5518640035900424,17,0.3245359083228157,"terminal: вход 22,436 KZT/2 перев., выход 0 KZT/0 перев.; seeds=7; confidence=0.55."
100000002481974100,distributor,0.7366802394589625,9,0.5723046190062713,"distributor: вход 89,447 KZT/2 перев., выход 318,000 KZT/4 перев.; seeds=7; confidence=0.74."
100000002487222100,peripheral,0.4138522778816462,11,0.2196360143683566,"peripheral: вход 90,000 KZT/2 перев., выход 0 KZT/0 перев.; seeds=7; confidence=0.41. Граница наблюдения."
100000002488629100,terminal,0.5386869985571302,42,0.21858389837707232,"terminal: вход 73,050 KZT/1 перев., выход 0 KZT/0 перев.; seeds=1; confidence=0.54."
100000002489253100,terminal,0.5364930468841114,17,0.2858951924482981,"terminal: вход 51,000 KZT/1 перев., выход 0 KZT/0 перев.; seeds=7; confidence=0.54."
100000002492277100,terminal,0.5423092220612457,3,0.31506350951810735,"terminal: вход 138,500 KZT/1 перев., выход 0 KZT/0 перев.; seeds=7; confidence=0.54."
100000002505277100,peripheral,0.4023156852933736,1,0.19368965477604036,"peripheral: вход 60,000 KZT/1 перев., выход 0 KZT/0 перев.; seeds=7; confidence=0.40. Граница наблюдения."
100000002506987100,peripheral,0.4023156852933736,19,0.15301387351705936,"peripheral: вход 28,200 KZT/1 перев., выход 0 KZT/0 перев.; seeds=7; confidence=0.40. Граница наблюдения."
100000002508637100,peripheral,0.531557566809336,36,0.2639037754319162,"peripheral: вход 306,410 KZT/1 перев., выход 8,000 KZT/1 перев.; seeds=1; confidence=0.53."
100000002509598100,terminal,0.5470030548761532,25,0.30545381184461906,"terminal: вход 305,550 KZT/1 перев., выход 0 KZT/0 перев.; seeds=2; confidence=0.55."
100000002511581100,terminal,0.5289857963946668,23,0.15637751287809348,"terminal: вход 17,600 KZT/1 перев., выход 0 KZT/0 перев.; seeds=1; confidence=0.53."
100000002511825100,terminal,0.5376527964922977,1,0.3135167072997779,"terminal: вход 65,000 KZT/1 перев., выход 0 KZT/0 перев.; seeds=7; confidence=0.54."
100000002512742100,peripheral,0.4023156852933736,48,0.07162347287365874,"peripheral: вход 6,000 KZT/1 перев., выход 0 KZT/0 перев.; seeds=1; confidence=0.40. Граница наблюдения."
100000002513028100,distributor,0.8056551922548594,57,0.6039769810480832,"distributor: вход 9,500 KZT/1 перев., выход 332,709 KZT/24 перев.; seeds=7; confidence=0.81."
100000002514975100,peripheral,0.4023156852933736,15,0.17836690062605018,"peripheral: вход 17,920 KZT/1 перев., выход 0 KZT/0 перев.; seeds=7; confidence=0.40. Граница наблюдения."
100000002516862100,peripheral,0.43357421317501976,57,0.24253409250066363,"peripheral: вход 81,710 KZT/5 перев., выход 0 KZT/0 перев.; seeds=7; confidence=0.43. Граница наблюдения."
100000002521039100,terminal,0.5474697869575493,1,0.339048572430345,"terminal: вход 349,370 KZT/1 перев., выход 0 KZT/0 перев.; seeds=7; confidence=0.55."
100000002527114100,distributor,0.7168275390171033,23,0.4424827729075352,"distributor: вход 129,000 KZT/4 перев., выход 3,289,249 KZT/113 перев.; seeds=0; confidence=0.72. Вход seed неполон."
100000002528544100,terminal,0.5446375370645872,36,0.24663636308458273,"terminal: вход 192,912 KZT/1 перев., выход 0 KZT/0 перев.; seeds=1; confidence=0.54."
100000002528978100,peripheral,0.4023156852933736,19,0.13868411517309215,"peripheral: вход 15,900 KZT/1 перев., выход 0 KZT/0 перев.; seeds=7; confidence=0.40. Граница наблюдения."
100000002529877100,peripheral,0.4023156852933736,25,0.2776659953120997,"peripheral: вход 232,000 KZT/1 перев., выход 0 KZT/0 перев.; seeds=8; confidence=0.40. Граница наблюдения."
100000002529880100,terminal,0.565554142915322,5,0.4687713960490191,"terminal: вход 147,000 KZT/2 перев., выход 0 KZT/0 перев.; seeds=8; confidence=0.57."
100000002530224100,terminal,0.5419089053209085,5,0.4184199867603592,"terminal: вход 113,000 KZT/1 перев., выход 0 KZT/0 перев.; seeds=9; confidence=0.54."
100000002531406100,transit,0.5580000060528613,36,0.3590509646832642,"transit: вход 520,000 KZT/1 перев., выход 500,000 KZT/1 перев.; seeds=1; confidence=0.56."
100000002534091100,terminal,0.5307472399043507,9,0.26004421010902073,"terminal: вход 22,200 KZT/1 перев., выход 0 KZT/0 перев.; seeds=7; confidence=0.53."
100000002537811100,peripheral,0.5387069154486809,12,0.5280979017199332,"peripheral: вход 52,000 KZT/1 перев., выход 15,000 KZT/1 перев.; seeds=11; confidence=0.54."
100000002539625100,terminal,0.5403369326958879,5,0.4344598550866715,"terminal: вход 94,700 KZT/1 перев., выход 0 KZT/0 перев.; seeds=9; confidence=0.54."
100000002540033100,peripheral,0.4023156852933736,47,0.27577394069987676,"peripheral: вход 10,000 KZT/1 перев., выход 0 KZT/0 перев.; seeds=9; confidence=0.40. Граница наблюдения."
100000002540623100,terminal,0.5407787945740176,12,0.24308827368071795,"terminal: вход 100,000 KZT/1 перев., выход 0 KZT/0 перев.; seeds=1; confidence=0.54."
100000002546921100,terminal,0.5299335803120135,41,0.25104647487469345,"terminal: вход 20,000 KZT/1 перев., выход 0 KZT/0 перев.; seeds=7; confidence=0.53."
100000002547110100,terminal,0.6277854740067653,5,0.5738362729509789,"terminal: вход 1,500,000 KZT/10 перев., выход 0 KZT/0 перев.; seeds=8; confidence=0.63."
100000002548759100,terminal,0.5701042008414571,5,0.5070312122639641,"terminal: вход 375,000 KZT/2 перев., выход 0 KZT/0 перев.; seeds=9; confidence=0.57."
100000002550141100,terminal,0.5413572193627274,9,0.3110543948509471,"terminal: вход 100,586 KZT/1 перев., выход 0 KZT/0 перев.; seeds=7; confidence=0.54."
100000002554175100,terminal,0.5316534157868936,19,0.2622027361806988,"terminal: вход 24,621 KZT/1 перев., выход 0 KZT/0 перев.; seeds=7; confidence=0.53."
100000002556775100,terminal,0.5468711187679411,11,0.32707695194619907,"terminal: вход 300,000 KZT/1 перев., выход 0 KZT/0 перев.; seeds=7; confidence=0.55."
100000002558173100,terminal,0.5246169799641183,43,0.330843687368526,"terminal: вход 9,300 KZT/1 перев., выход 0 KZT/0 перев.; seeds=8; confidence=0.52."
100000002559089100,terminal,0.5721573841168733,25,0.5650716385627024,"terminal: вход 715,000 KZT/2 перев., выход 0 KZT/0 перев.; seeds=9; confidence=0.57."
100000002565277100,terminal,0.5482282450792672,3,0.49804333060127126,"terminal: вход 483,319 KZT/1 перев., выход 0 KZT/0 перев.; seeds=10; confidence=0.55."
100000002566204100,terminal,0.5392141669955616,12,0.23472448027680626,"terminal: вход 80,805 KZT/1 перев., выход 0 KZT/0 перев.; seeds=1; confidence=0.54."
100000002567887100,terminal,0.537285542730475,11,0.2640926039192734,"terminal: вход 50,915 KZT/1 перев., выход 0 KZT/0 перев.; seeds=7; confidence=0.54."
100000002570206100,terminal,0.5654681127690925,29,0.41141862714643335,"terminal: вход 166,960 KZT/2 перев., выход 0 KZT/0 перев.; seeds=7; confidence=0.57."
100000002575080100,transit,0.7172509087073718,4,0.5262763653284668,"transit: вход 13,000 KZT/1 перев., выход 12,500 KZT/1 перев.; seeds=7; confidence=0.72."
100000002578405100,distributor,0.7173672764101489,23,0.49876302375747794,"distributor: вход 1,200,351 KZT/7 перев., выход 3,108,352 KZT/120 перев.; seeds=1; confidence=0.72."
100000002578653100,terminal,0.5299335803120135,58,0.2696227563119193,"terminal: вход 20,000 KZT/1 перев., выход 0 KZT/0 перев.; seeds=7; confidence=0.53."
100000002580377100,peripheral,0.546241476087207,17,0.3434423568320424,"peripheral: вход 37,750 KZT/2 перев., выход 5,000 KZT/1 перев.; seeds=7; confidence=0.55."
100000002581346100,terminal,0.543887946944088,11,0.3055064432530437,"terminal: вход 166,400 KZT/1 перев., выход 0 KZT/0 перев.; seeds=7; confidence=0.54."
100000002589019100,terminal,0.5329822379270558,8,0.19556880610678998,"terminal: вход 34,710 KZT/1 перев., выход 0 KZT/0 перев.; seeds=1; confidence=0.53."
100000002591469100,terminal,0.5453020088449676,2,0.26558703831671604,"terminal: вход 235,670 KZT/1 перев., выход 0 KZT/0 перев.; seeds=1; confidence=0.55."
100000002592567100,distributor,0.597044887655285,17,0.4695504285792961,"distributor: вход 5,297 KZT/1 перев., выход 48,600 KZT/2 перев.; seeds=7; confidence=0.60."
100000002593038100,terminal,0.5318665748525667,8,0.41064035078268973,"terminal: вход 28,500 KZT/1 перев., выход 0 KZT/0 перев.; seeds=8; confidence=0.53."
100000002593344100,terminal,0.570593715910068,5,0.5541814727275506,"terminal: вход 431,000 KZT/2 перев., выход 0 KZT/0 перев.; seeds=9; confidence=0.57."
100000002594214100,peripheral,0.4023156852933736,31,0.2310854227927664,"peripheral: вход 1,000,000 KZT/1 перев., выход 0 KZT/0 перев.; seeds=7; confidence=0.40. Граница наблюдения."
100000002596035100,terminal,0.545207449805739,12,0.4428429969642478,"terminal: вход 231,570 KZT/1 перев., выход 0 KZT/0 перев.; seeds=8; confidence=0.55."
100000002596039100,peripheral,0.4023156852933736,9,0.20185806815129903,"peripheral: вход 280,000 KZT/1 перев., выход 0 KZT/0 перев.; seeds=7; confidence=0.40. Граница наблюдения."
100000002597003100,peripheral,0.3713458663139388,1,0.3089001860058333,"peripheral: вход 17,700 KZT/1 перев., выход 11,000 KZT/1 перев.; seeds=7; confidence=0.37."
100000002597074100,peripheral,0.4023156852933736,1,0.14489260749179605,"peripheral: вход 8,000 KZT/1 перев., выход 0 KZT/0 перев.; seeds=7; confidence=0.40. Граница наблюдения."
100000002597623100,terminal,0.528387707474118,1,0.22870411170726937,"terminal: вход 16,418 KZT/1 перев., выход 0 KZT/0 перев.; seeds=7; confidence=0.53."
100000002599729100,peripheral,0.4138522778816462,1,0.23435932705410398,"peripheral: вход 65,000 KZT/2 перев., выход 0 KZT/0 перев.; seeds=7; confidence=0.41. Граница наблюдения."
100000002600345100,terminal,0.5583957761143632,17,0.3587564633252367,"terminal: вход 52,400 KZT/2 перев., выход 0 KZT/0 перев.; seeds=7; confidence=0.56."
100000002603371100,terminal,0.5251488370319718,1,0.22901582678446214,"terminal: вход 9,300 KZT/1 перев., выход 0 KZT/0 перев.; seeds=7; confidence=0.53."
100000002603478100,terminal,0.5299059154487833,8,0.17770369044885903,"terminal: вход 23,500 KZT/1 перев., выход 0 KZT/0 перев.; seeds=1; confidence=0.53."
100000002603769100,terminal,0.5850760595741246,1,0.4597257775478785,"terminal: вход 1,185,368 KZT/3 перев., выход 0 KZT/0 перев.; seeds=7; confidence=0.59."
100000002605184100,terminal,0.5424389671911947,4,0.33771983158170865,"terminal: вход 140,000 KZT/1 перев., выход 0 KZT/0 перев.; seeds=7; confidence=0.54."
100000002605308100,terminal,0.6146702476350716,41,0.6067664191214412,"terminal: вход 2,569,522 KZT/7 перев., выход 0 KZT/0 перев.; seeds=11; confidence=0.61."
100000002605548100,terminal,0.5635313707643422,12,0.5211954197132358,"terminal: вход 116,695 KZT/2 перев., выход 0 KZT/0 перев.; seeds=10; confidence=0.56."
100000002606567100,peripheral,0.5530057691103137,1,0.35577013976844063,"peripheral: вход 14,095 KZT/1 перев., выход 53,000 KZT/1 перев.; seeds=7; confidence=0.55."
100000002609774100,peripheral,0.545629404661537,19,0.3859082830501637,"peripheral: вход 7,700 KZT/1 перев., выход 27,500 KZT/1 перев.; seeds=7; confidence=0.55."
100000002611334100,peripheral,0.5398695690556475,1,0.3583687380293273,"peripheral: вход 48,288 KZT/1 перев., выход 15,500 KZT/1 перев.; seeds=7; confidence=0.54."
100000002612809100,distributor,0.6519440756849711,27,0.42014764840883395,"distributor: вход 30,000 KZT/2 перев., выход 114,000 KZT/4 перев.; seeds=1; confidence=0.65."
100000002613776100,terminal,0.5543859173079353,3,0.3199187577889582,"terminal: вход 30,000 KZT/2 перев., выход 0 KZT/0 перев.; seeds=7; confidence=0.55."
100000002613929100,terminal,0.5330556713884402,5,0.4235743584555753,"terminal: вход 28,560 KZT/1 перев., выход 0 KZT/0 перев.; seeds=8; confidence=0.53."
100000002614095100,terminal,0.5238928053775408,23,0.13664137112138441,"terminal: вход 5,300 KZT/1 перев., выход 0 KZT/0 перев.; seeds=1; confidence=0.52."
100000002615479100,terminal,0.5449804252142455,5,0.2716550018795945,"terminal: вход 220,000 KZT/1 перев., выход 0 KZT/0 перев.; seeds=1; confidence=0.54."
100000002618492100,terminal,0.5684616483136012,12,0.4910945822542884,"terminal: вход 296,500 KZT/2 перев., выход 0 KZT/0 перев.; seeds=8; confidence=0.57."
100000002621434100,terminal,0.539717639780857,5,0.40526916028477983,"terminal: вход 81,000 KZT/1 перев., выход 0 KZT/0 перев.; seeds=9; confidence=0.54."
100000002621915100,terminal,0.5229537386675159,17,0.27878532186970045,"terminal: вход 5,000 KZT/1 перев., выход 0 KZT/0 перев.; seeds=7; confidence=0.52."
100000002621949100,terminal,0.543208057950569,3,0.46570659760370753,"terminal: вход 164,612 KZT/1 перев., выход 0 KZT/0 перев.; seeds=10; confidence=0.54."
100000002622822100,peripheral,0.4023156852933736,47,0.3461464125510209,"peripheral: вход 750,000 KZT/1 перев., выход 0 KZT/0 перев.; seeds=9; confidence=0.40. Граница наблюдения."
100000002628146100,terminal,0.5547348009272006,43,0.4117778114576519,"terminal: вход 30,500 KZT/2 перев., выход 0 KZT/0 перев.; seeds=8; confidence=0.55."
100000002628576100,distributor,0.5730529284890509,11,0.5255066572272628,"distributor: вход 727,882 KZT/3 перев., выход 539,000 KZT/2 перев.; seeds=7; confidence=0.57."
100000002632742100,terminal,0.5680755383604332,5,0.513423774082122,"terminal: вход 235,500 KZT/2 перев., выход 0 KZT/0 перев.; seeds=8; confidence=0.57."
100000002633108100,terminal,0.5825343519188286,41,0.41712115892922047,"terminal: вход 320,000 KZT/3 перев., выход 0 KZT/0 перев.; seeds=7; confidence=0.58."
100000002633701100,terminal,0.5460121347860211,5,0.2620599591686693,"terminal: вход 266,850 KZT/1 перев., выход 0 KZT/0 перев.; seeds=1; confidence=0.55."
100000002635746100,peripheral,0.4023156852933736,48,0.06987291661870457,"peripheral: вход 5,300 KZT/1 перев., выход 0 KZT/0 перев.; seeds=1; confidence=0.40. Граница наблюдения."
100000002635780100,terminal,0.5433579234788262,2,0.4704405658497358,"terminal: вход 163,000 KZT/1 перев., выход 0 KZT/0 перев.; seeds=9; confidence=0.54."
100000002644285100,terminal,0.5489016798312328,25,0.3191090420736764,"terminal: вход 500,000 KZT/1 перев., выход 0 KZT/0 перев.; seeds=2; confidence=0.55."
100000002645046100,peripheral,0.4023156852933736,48,0.08212341707407553,"peripheral: вход 12,000 KZT/1 перев., выход 0 KZT/0 перев.; seeds=1; confidence=0.40. Граница наблюдения."
100000002645609100,terminal,0.6010544043124171,1,0.4764498673470319,"terminal: вход 546,821 KZT/5 перев., выход 0 KZT/0 перев.; seeds=7; confidence=0.60."
100000002645993100,distributor,0.8114007387431559,1,0.593137493409035,"distributor: вход 49,650 KZT/4 перев., выход 86,980 KZT/9 перев.; seeds=7; confidence=0.81."
100000002646745100,terminal,0.5268100091472879,23,0.1473356269669579,"terminal: вход 12,300 KZT/1 перев., выход 0 KZT/0 перев.; seeds=1; confidence=0.53."
100000002646887100,terminal,0.5315830712991927,5,0.2611807365123603,"terminal: вход 24,354 KZT/1 перев., выход 0 KZT/0 перев.; seeds=7; confidence=0.53."
100000002648315100,distributor,0.7130727615584115,2,0.3245473506851395,"distributor: вход 132,000 KZT/1 перев., выход 76,000 KZT/3 перев.; seeds=1; confidence=0.71."
100000002653187100,peripheral,0.4023156852933736,8,0.25073166837740823,"peripheral: вход 15,000 KZT/1 перев., выход 0 KZT/0 перев.; seeds=8; confidence=0.40. Граница наблюдения."
100000002653948100,terminal,0.5400182931888696,11,0.28074800528871247,"terminal: вход 85,200 KZT/1 перев., выход 0 KZT/0 перев.; seeds=7; confidence=0.54."
100000002659103100,peripheral,0.4023156852933736,51,0.20255012677810222,"peripheral: вход 165,000 KZT/1 перев., выход 0 KZT/0 перев.; seeds=7; confidence=0.40. Граница наблюдения."
100000002659265100,peripheral,0.4023156852933736,5,0.27530809041108595,"peripheral: вход 141,000 KZT/1 перев., выход 0 KZT/0 перев.; seeds=8; confidence=0.40. Граница наблюдения."
100000002660298100,peripheral,0.4023156852933736,19,0.15600637439927978,"peripheral: вход 30,900 KZT/1 перев., выход 0 KZT/0 перев.; seeds=7; confidence=0.40. Граница наблюдения."
100000002662768100,terminal,0.5393118587035901,3,0.24443272980221073,"terminal: вход 84,300 KZT/1 перев., выход 0 KZT/0 перев.; seeds=1; confidence=0.54."
100000002663511100,terminal,0.5463389979014983,1,0.33633518017632846,"terminal: вход 268,940 KZT/1 перев., выход 0 KZT/0 перев.; seeds=7; confidence=0.55."
100000002666248100,terminal,0.5382322629508667,3,0.4333684624655617,"terminal: вход 70,032 KZT/1 перев., выход 0 KZT/0 перев.; seeds=10; confidence=0.54."
100000002670463100,peripheral,0.4023156852933736,48,0.11008922633883444,"peripheral: вход 31,500 KZT/1 перев., выход 0 KZT/0 перев.; seeds=1; confidence=0.40. Граница наблюдения."
100000002670860100,terminal,0.5699703579681937,25,0.4086312031059109,"terminal: вход 450,000 KZT/2 перев., выход 0 KZT/0 перев.; seeds=3; confidence=0.57."
100000002670960100,terminal,0.5486309533298868,25,0.31741239749933786,"terminal: вход 480,310 KZT/1 перев., выход 0 KZT/0 перев.; seeds=2; confidence=0.55."
100000002671326100,peripheral,0.4138522778816462,5,0.27754225879964806,"peripheral: вход 1,050,000 KZT/2 перев., выход 0 KZT/0 перев.; seeds=7; confidence=0.41. Граница наблюдения."
100000002671806100,terminal,0.5257475984008935,8,0.16039818639622366,"terminal: вход 12,440 KZT/1 перев., выход 0 KZT/0 перев.; seeds=1; confidence=0.53."
100000002677201100,peripheral,0.36338610487707157,5,0.4107680166483202,"peripheral: вход 150,000 KZT/1 перев., выход 87,750 KZT/1 перев.; seeds=8; confidence=0.36."
100000002679516100,terminal,0.5759239123480991,8,0.5330642784915282,"terminal: вход 102,335 KZT/3 перев., выход 0 KZT/0 перев.; seeds=10; confidence=0.58."
100000002680477100,terminal,0.5308556584257114,25,0.18060093995622767,"terminal: вход 25,000 KZT/1 перев., выход 0 KZT/0 перев.; seeds=1; confidence=0.53."
100000002681449100,distributor,0.47135490211027103,52,0.45872866242029636,"distributor: вход 94,638 KZT/2 перев., выход 133,000 KZT/2 перев.; seeds=7; confidence=0.47."
100000002681544100,terminal,0.5662383442507745,2,0.4324472796328448,"terminal: вход 166,072 KZT/2 перев., выход 0 KZT/0 перев.; seeds=7; confidence=0.57."
100000002686226100,peripheral,0.4138522778816462,29,0.2714494855671441,"peripheral: вход 430,000 KZT/2 перев., выход 0 KZT/0 перев.; seeds=7; confidence=0.41. Граница наблюдения."
100000002689717100,peripheral,0.4023156852933736,19,0.1685726241113197,"peripheral: вход 47,500 KZT/1 перев., выход 0 KZT/0 перев.; seeds=7; confidence=0.40. Граница наблюдения."
100000002691583100,terminal,0.5466443173776357,15,0.3498906569167325,"terminal: вход 285,200 KZT/1 перев., выход 0 KZT/0 перев.; seeds=7; confidence=0.55."
100000002691858100,terminal,0.5365957187603151,43,0.39643849872920656,"terminal: вход 51,500 KZT/1 перев., выход 0 KZT/0 перев.; seeds=8; confidence=0.54."
100000002692044100,terminal,0.5402660371807315,8,0.24470655061321958,"terminal: вход 97,000 KZT/1 перев., выход 0 KZT/0 перев.; seeds=1; confidence=0.54."
100000002692750100,consolidator,0.6691316953281273,42,0.5403686265053058,"consolidator: вход 112,830 KZT/3 перев., выход 77,000 KZT/8 перев.; seeds=7; confidence=0.67."
100000002695812100,peripheral,0.4023156852933736,19,0.18854454506137172,"peripheral: вход 95,000 KZT/1 перев., выход 0 KZT/0 перев.; seeds=7; confidence=0.40. Граница наблюдения."
100000002696152100,distributor,0.7534646147448781,54,0.6688588048485629,"distributor: вход 21,800 KZT/3 перев., выход 69,000 KZT/8 перев.; seeds=8; confidence=0.75."
100000002697752100,terminal,0.5669426899470241,9,0.42870873864310205,"terminal: вход 190,785 KZT/2 перев., выход 0 KZT/0 перев.; seeds=7; confidence=0.57."
100000002700161100,peripheral,0.4023156852933736,49,0.3161912650076181,"peripheral: вход 39,000 KZT/1 перев., выход 0 KZT/0 перев.; seeds=10; confidence=0.40. Граница наблюдения."
100000002702968100,peripheral,0.4023156852933736,19,0.15662687072490214,"peripheral: вход 31,600 KZT/1 перев., выход 0 KZT/0 перев.; seeds=7; confidence=0.40. Граница наблюдения."
100000002703376100,terminal,0.535177699728142,1,0.2704387110534591,"terminal: вход 46,501 KZT/1 перев., выход 0 KZT/0 перев.; seeds=7; confidence=0.54."
100000002704875100,terminal,0.5902967295095752,9,0.4644794721328853,"terminal: вход 244,891 KZT/4 перев., выход 0 KZT/0 перев.; seeds=7; confidence=0.59."
100000002705460100,terminal,0.540676815191811,17,0.34012811256099795,"terminal: вход 95,000 KZT/1 перев., выход 0 KZT/0 перев.; seeds=7; confidence=0.54."
100000002706810100,peripheral,0.4023156852933736,48,0.11896070832936892,"peripheral: вход 45,000 KZT/1 перев., выход 0 KZT/0 перев.; seeds=1; confidence=0.40. Граница наблюдения."
100000002707106100,peripheral,0.4138522778816462,41,0.16415276160741302,"peripheral: вход 15,000 KZT/2 перев., выход 0 KZT/0 перев.; seeds=7; confidence=0.41. Граница наблюдения."
100000002708624100,terminal,0.5319069261883893,14,0.2833869032821173,"terminal: вход 25,000 KZT/1 перев., выход 0 KZT/0 перев.; seeds=7; confidence=0.53."
100000002710570100,terminal,0.5452367040447434,37,0.36756267513816543,"terminal: вход 225,015 KZT/1 перев., выход 0 KZT/0 перев.; seeds=7; confidence=0.55."
100000002712416100,terminal,0.5644163387992587,25,0.507691016287277,"terminal: вход 116,800 KZT/2 перев., выход 0 KZT/0 перев.; seeds=9; confidence=0.56."
100000002713074100,consolidator,0.7025765888347987,29,0.5320210789853009,"consolidator: вход 700,000 KZT/2 перев., выход 430,000 KZT/2 перев.; seeds=7; confidence=0.70."
100000002713974100,peripheral,0.4023156852933736,9,0.17768371571494884,"peripheral: вход 50,000 KZT/1 перев., выход 0 KZT/0 перев.; seeds=7; confidence=0.40. Граница наблюдения."
100000002718366100,terminal,0.6277547523948724,5,0.6093235240891933,"terminal: вход 2,525,000 KZT/10 перев., выход 0 KZT/0 перев.; seeds=9; confidence=0.63."
100000002720627100,terminal,0.54434839302855,12,0.4370986391054268,"terminal: вход 199,300 KZT/1 перев., выход 0 KZT/0 перев.; seeds=8; confidence=0.54."
100000002721825100,terminal,0.5258965783686431,1,0.28546574615274634,"terminal: вход 11,000 KZT/1 перев., выход 0 KZT/0 перев.; seeds=7; confidence=0.53."
100000002722108100,terminal,0.5724300092004873,25,0.3780672649762555,"terminal: вход 800,000 KZT/2 перев., выход 0 KZT/0 перев.; seeds=2; confidence=0.57."
100000002723439100,peripheral,0.4138522778816462,54,0.28865969144974823,"peripheral: вход 18,000 KZT/2 перев., выход 0 KZT/0 перев.; seeds=8; confidence=0.41. Граница наблюдения."
100000002723538100,distributor,0.72166273520881,9,0.5918203050846301,"distributor: вход 105,647 KZT/3 перев., выход 560,499 KZT/14 перев.; seeds=7; confidence=0.72."
100000002723674100,peripheral,0.4023156852933736,33,0.1694118814631336,"peripheral: вход 30,000 KZT/1 перев., выход 0 KZT/0 перев.; seeds=7; confidence=0.40. Граница наблюдения."
100000002726055100,peripheral,0.4023156852933736,33,0.1554528647344282,"peripheral: вход 10,000 KZT/1 перев., выход 0 KZT/0 перев.; seeds=7; confidence=0.40. Граница наблюдения."
100000002727288100,terminal,0.5282680317631023,4,0.27777942073494616,"terminal: вход 16,000 KZT/1 перев., выход 0 KZT/0 перев.; seeds=7; confidence=0.53."
100000002728246100,peripheral,0.4023156852933736,11,0.17540430217300615,"peripheral: вход 10,000 KZT/1 перев., выход 0 KZT/0 перев.; seeds=7; confidence=0.40. Граница наблюдения."
100000002729875100,peripheral,0.4023156852933736,19,0.17955276617835325,"peripheral: вход 76,000 KZT/1 перев., выход 0 KZT/0 перев.; seeds=7; confidence=0.40. Граница наблюдения."
100000002731501100,distributor,0.7065076360095486,35,0.4052445097916417,"distributor: вход 570,370 KZT/7 перев., выход 833,960 KZT/20 перев.; seeds=1; confidence=0.71."
100000002733083100,peripheral,0.4023156852933736,19,0.1377565074399765,"peripheral: вход 15,200 KZT/1 перев., выход 0 KZT/0 перев.; seeds=7; confidence=0.40. Граница наблюдения."
100000002733905100,distributor,0.624677783713792,23,0.43512960787291904,"distributor: вход 100,000 KZT/5 перев., выход 717,839 KZT/3 перев.; seeds=1; confidence=0.62."
100000002734815100,peripheral,0.4023156852933736,5,0.2685665276874374,"peripheral: вход 110,000 KZT/1 перев., выход 0 KZT/0 перев.; seeds=8; confidence=0.40. Граница наблюдения."
100000002736033100,peripheral,0.5426122225935288,29,0.3481945593708982,"peripheral: вход 34,530 KZT/1 перев., выход 11,000 KZT/1 перев.; seeds=7; confidence=0.54."
100000002736316100,terminal,0.5817028969575816,1,0.46605091146347755,"terminal: вход 266,921 KZT/3 перев., выход 0 KZT/0 перев.; seeds=7; confidence=0.58."
100000002737980100,terminal,0.5340892780861608,17,0.2735478987618177,"terminal: вход 32,900 KZT/1 перев., выход 0 KZT/0 перев.; seeds=7; confidence=0.53."
100000002738256100,transit,0.5857932501302915,59,0.32669989124037313,"transit: вход 150,200 KZT/1 перев., выход 175,000 KZT/1 перев.; seeds=1; confidence=0.59."
100000002741024100,distributor,0.5435319235646827,1,0.5582556523339288,"distributor: вход 817,981 KZT/9 перев., выход 434,989 KZT/7 перев.; seeds=7; confidence=0.54."
100000002742067100,terminal,0.5263159700121649,4,0.2302429163847404,"terminal: вход 12,730 KZT/1 перев., выход 0 KZT/0 перев.; seeds=7; confidence=0.53."
100000002744581100,terminal,0.5260743469677369,2,0.18379537201687418,"terminal: вход 12,000 KZT/1 перев., выход 0 KZT/0 перев.; seeds=1; confidence=0.53."
100000002748040100,peripheral,0.4023156852933736,19,0.14135021195736383,"peripheral: вход 18,000 KZT/1 перев., выход 0 KZT/0 перев.; seeds=7; confidence=0.40. Граница наблюдения."
100000002748180100,distributor,0.6814753963785494,25,0.3561278589632731,"distributor: вход 9,900 KZT/1 перев., выход 679,743 KZT/9 перев.; seeds=1; confidence=0.68."
100000002748511100,peripheral,0.4023156852933736,17,0.18862540189363822,"peripheral: вход 20,000 KZT/1 перев., выход 0 KZT/0 перев.; seeds=7; confidence=0.40. Граница наблюдения."
100000002748532100,consolidator,0.7194632579687892,47,0.692898599038378,"consolidator: вход 355,575 KZT/3 перев., выход 646,685 KZT/7 перев.; seeds=9; confidence=0.72."
100000002748581100,terminal,0.5354941723141247,41,0.2829323483844168,"terminal: вход 41,180 KZT/1 перев., выход 0 KZT/0 перев.; seeds=7; confidence=0.54."
100000002748761100,terminal,0.5854184108864325,25,0.3878624781435492,"terminal: вход 796,800 KZT/3 перев., выход 0 KZT/0 перев.; seeds=2; confidence=0.59."
100000002750332100,terminal,0.5253379413469023,5,0.1568724445244563,"terminal: вход 11,360 KZT/1 перев., выход 0 KZT/0 перев.; seeds=1; confidence=0.53."
100000002750956100,terminal,0.5352839047390684,1,0.2971709723342086,"terminal: вход 47,416 KZT/1 перев., выход 0 KZT/0 перев.; seeds=7; confidence=0.54."
100000002752565100,peripheral,0.4023156852933736,9,0.18143705662618798,"peripheral: вход 57,000 KZT/1 перев., выход 0 KZT/0 перев.; seeds=7; confidence=0.40. Граница наблюдения."
100000002753146100,terminal,0.5854598581461461,25,0.38815888509835916,"terminal: вход 803,540 KZT/3 перев., выход 0 KZT/0 перев.; seeds=2; confidence=0.59."
100000002755292100,terminal,0.545061084079092,11,0.31340831864096264,"terminal: вход 203,400 KZT/1 перев., выход 0 KZT/0 перев.; seeds=7; confidence=0.55."
100000002757240100,terminal,0.5365579194490859,3,0.4103054082435184,"terminal: вход 51,183 KZT/1 перев., выход 0 KZT/0 перев.; seeds=9; confidence=0.54."
100000002757791100,terminal,0.5392243275477102,42,0.2261161247159644,"terminal: вход 73,050 KZT/1 перев., выход 0 KZT/0 перев.; seeds=1; confidence=0.54."
100000002757797100,terminal,0.5405899455413483,8,0.24680017694960915,"terminal: вход 100,000 KZT/1 перев., выход 0 KZT/0 перев.; seeds=1; confidence=0.54."
100000002760175100,terminal,0.5439515590324787,12,0.43450789258815553,"terminal: вход 187,410 KZT/1 перев., выход 0 KZT/0 перев.; seeds=8; confidence=0.54."
100000002762076100,consolidator,0.44875124779999487,2,0.3310996895832234,"consolidator: вход 140,350 KZT/2 перев., выход 30,000 KZT/1 перев.; seeds=2; confidence=0.45."
100000002769809100,terminal,0.5419378025488962,44,0.33219066012550674,"terminal: вход 113,422 KZT/1 перев., выход 0 KZT/0 перев.; seeds=7; confidence=0.54."
100000002773323100,consolidator,0.735609723818886,5,0.6397980308714578,"consolidator: вход 285,000 KZT/2 перев., выход 1,171,644 KZT/2 перев.; seeds=8; confidence=0.74."
100000002774456100,terminal,0.5360834956864462,12,0.37871856915736013,"terminal: вход 50,363 KZT/1 перев., выход 0 KZT/0 перев.; seeds=8; confidence=0.54."
100000002778085100,terminal,0.5378062587006137,17,0.30571305321430087,"terminal: вход 66,208 KZT/1 перев., выход 0 KZT/0 перев.; seeds=7; confidence=0.54."
100000002779485100,terminal,0.5620180367252929,9,0.3828952729240417,"terminal: вход 91,000 KZT/2 перев., выход 0 KZT/0 перев.; seeds=7; confidence=0.56."
100000002781227100,distributor,0.8048686702382418,60,0.4672386163938202,"distributor: вход 191,168 KZT/8 перев., выход 212,420 KZT/10 перев.; seeds=1; confidence=0.80."
100000002784085100,terminal,0.5445077041051021,5,0.2681411236890628,"terminal: вход 200,000 KZT/1 перев., выход 0 KZT/0 перев.; seeds=1; confidence=0.54."
100000002791494100,peripheral,0.4023156852933736,19,0.18445125368302084,"peripheral: вход 85,860 KZT/1 перев., выход 0 KZT/0 перев.; seeds=7; confidence=0.40. Граница наблюдения."
100000002793851100,terminal,0.5252714272404078,17,0.2431228218118876,"terminal: вход 11,052 KZT/1 перев., выход 0 KZT/0 перев.; seeds=7; confidence=0.53."
100000002793881100,terminal,0.5853687900285883,5,0.5524257489374483,"terminal: вход 785,600 KZT/3 перев., выход 0 KZT/0 перев.; seeds=9; confidence=0.59."
100000002794197100,terminal,0.5322387368451462,2,0.18128128052731818,"terminal: вход 30,100 KZT/1 перев., выход 0 KZT/0 перев.; seeds=1; confidence=0.53."
100000002794374100,peripheral,0.4023156852933736,61,0.29681610423969657,"peripheral: вход 111,000 KZT/1 перев., выход 0 KZT/0 перев.; seeds=9; confidence=0.40. Граница наблюдения."
100000002796853100,peripheral,0.6224624592280152,60,0.2991474528519473,"peripheral: вход 199,000 KZT/8 перев., выход 46,168 KZT/5 перев.; seeds=1; confidence=0.62."
100000002799941100,terminal,0.5494517568416757,44,0.3689876109538307,"terminal: вход 600,000 KZT/1 перев., выход 0 KZT/0 перев.; seeds=7; confidence=0.55."
100000002807334100,terminal,0.5378045342961327,11,0.26644798732066505,"terminal: вход 54,715 KZT/1 перев., выход 0 KZT/0 перев.; seeds=7; confidence=0.54."
100000002809568100,terminal,0.524735567989113,1,0.24316442207622332,"terminal: вход 10,000 KZT/1 перев., выход 0 KZT/0 перев.; seeds=7; confidence=0.52."
100000002809896100,terminal,0.5349547467531397,19,0.2831477344620842,"terminal: вход 38,000 KZT/1 перев., выход 0 KZT/0 перев.; seeds=7; confidence=0.53."
100000002810870100,terminal,0.5327802967906786,23,0.1983917763456335,"terminal: вход 33,677 KZT/1 перев., выход 0 KZT/0 перев.; seeds=1; confidence=0.53."
100000002812641100,transit,0.437096183206338,5,0.4409312912262326,"transit: вход 10,000 KZT/1 перев., выход 7,024 KZT/1 перев.; seeds=8; confidence=0.44."
100000002815005100,terminal,0.5485731588739116,5,0.4502844688007971,"terminal: вход 476,500 KZT/1 перев., выход 0 KZT/0 перев.; seeds=8; confidence=0.55."
100000002818726100,terminal,0.5263689563984028,13,0.23398036460888397,"terminal: вход 10,879 KZT/1 перев., выход 0 KZT/0 перев.; seeds=7; confidence=0.53."
100000002820010100,terminal,0.5324167154251741,42,0.18034075002070166,"terminal: вход 30,000 KZT/1 перев., выход 0 KZT/0 перев.; seeds=1; confidence=0.53."
100000002821425100,terminal,0.5464216027863956,25,0.301144260820269,"terminal: вход 275,000 KZT/1 перев., выход 0 KZT/0 перев.; seeds=2; confidence=0.55."
100000002822472100,terminal,0.5686567008156612,25,0.5133608283596753,"terminal: вход 266,722 KZT/2 перев., выход 0 KZT/0 перев.; seeds=8; confidence=0.57."
100000002824176100,terminal,0.5426150575993577,42,0.3264112403921708,"terminal: вход 144,000 KZT/1 перев., выход 0 KZT/0 перев.; seeds=2; confidence=0.54."
100000002826669100,terminal,0.5879331649427316,1,0.41667475635790485,"terminal: вход 159,900 KZT/4 перев., выход 0 KZT/0 перев.; seeds=7; confidence=0.59."
100000002830055100,terminal,0.5261532427428186,23,0.16384535619724996,"terminal: вход 14,000 KZT/1 перев., выход 0 KZT/0 перев.; seeds=1; confidence=0.53."
100000002831727100,transit,0.5654469555195348,44,0.410398864263173,"transit: вход 6,000 KZT/1 перев., выход 77,000 KZT/3 перев.; seeds=7; confidence=0.57."
100000002832753100,peripheral,0.4023156852933736,4,0.19615603657882183,"peripheral: вход 12,500 KZT/1 перев., выход 0 KZT/0 перев.; seeds=7; confidence=0.40. Граница наблюдения."
100000002835874100,peripheral,0.4023156852933736,5,0.24768643962544484,"peripheral: вход 58,700 KZT/1 перев., выход 0 KZT/0 перев.; seeds=8; confidence=0.40. Граница наблюдения."
100000002836052100,terminal,0.5270939532127954,3,0.39562610673695126,"terminal: вход 15,000 KZT/1 перев., выход 0 KZT/0 перев.; seeds=11; confidence=0.53."
100000002836736100,terminal,0.5704857091371621,42,0.43862218437817113,"terminal: вход 509,000 KZT/2 перев., выход 0 KZT/0 перев.; seeds=3; confidence=0.57."
100000002838519100,terminal,0.536223038804767,41,0.2852376237628351,"terminal: вход 46,900 KZT/1 перев., выход 0 KZT/0 перев.; seeds=7; confidence=0.54."
100000002838861100,consolidator,0.7133923403527017,5,0.7060518415155113,"consolidator: вход 554,524 KZT/5 перев., выход 10,000 KZT/1 перев.; seeds=8; confidence=0.71."
100000002842321100,terminal,0.5436404219239258,11,0.30397088696490165,"terminal: вход 160,000 KZT/1 перев., выход 0 KZT/0 перев.; seeds=7; confidence=0.54."
100000002842337100,terminal,0.5360414913886424,2,0.22966735736866553,"terminal: вход 50,000 KZT/1 перев., выход 0 KZT/0 перев.; seeds=1; confidence=0.54."
100000002844652100,terminal,0.5373009172859462,2,0.20721520697996204,"terminal: вход 61,360 KZT/1 перев., выход 0 KZT/0 перев.; seeds=1; confidence=0.54."
100000002844897100,terminal,0.5251768682011793,5,0.1567355535201086,"terminal: вход 10,800 KZT/1 перев., выход 0 KZT/0 перев.; seeds=1; confidence=0.53."
100000002845605100,terminal,0.5370335873645223,1,0.3090689841253671,"terminal: вход 57,567 KZT/1 перев., выход 0 KZT/0 перев.; seeds=7; confidence=0.54."
100000002847207100,terminal,0.5349115915373898,3,0.4125844432439814,"terminal: вход 46,243 KZT/1 перев., выход 0 KZT/0 перев.; seeds=10; confidence=0.53."
100000002849158100,consolidator,0.7777802211953767,5,0.720695673465218,"consolidator: вход 723,000 KZT/3 перев., выход 1,313,000 KZT/3 перев.; seeds=9; confidence=0.78."
100000002852402100,terminal,0.5371208366389616,4,0.29981658972312836,"terminal: вход 55,000 KZT/1 перев., выход 0 KZT/0 перев.; seeds=7; confidence=0.54."
100000002858835100,terminal,0.5304060447429376,23,0.1839313919225218,"terminal: вход 24,400 KZT/1 перев., выход 0 KZT/0 перев.; seeds=1; confidence=0.53."
100000002860934100,peripheral,0.4283866656432347,16,0.27691894930506483,"peripheral: вход 279,500 KZT/4 перев., выход 0 KZT/0 перев.; seeds=7; confidence=0.43. Граница наблюдения."
100000002861485100,terminal,0.5318032855013162,17,0.26785838793151984,"terminal: вход 29,323 KZT/1 перев., выход 0 KZT/0 перев.; seeds=7; confidence=0.53."
100000002862113100,terminal,0.5588460611950673,41,0.3402239620263286,"terminal: вход 47,405 KZT/2 перев., выход 0 KZT/0 перев.; seeds=7; confidence=0.56."
100000002863356100,peripheral,0.513415543418676,23,0.2520786997233798,"peripheral: вход 45,000 KZT/1 перев., выход 20,000 KZT/1 перев.; seeds=1; confidence=0.51."
100000002864256100,terminal,0.5422193489247342,3,0.4586813643527093,"terminal: вход 135,780 KZT/1 перев., выход 0 KZT/0 перев.; seeds=10; confidence=0.54."
100000002864680100,terminal,0.536888861415061,8,0.220611799304521,"terminal: вход 55,932 KZT/1 перев., выход 0 KZT/0 перев.; seeds=1; confidence=0.54."
100000002870463100,consolidator,0.6476927229004202,42,0.5510822621579251,"consolidator: вход 207,000 KZT/4 перев., выход 10,000 KZT/1 перев.; seeds=7; confidence=0.65."
100000002870937100,terminal,0.5392745148512775,2,0.2219165219016848,"terminal: вход 83,700 KZT/1 перев., выход 0 KZT/0 перев.; seeds=1; confidence=0.54."
100000002871199100,terminal,0.5309931559767747,41,0.253715727496762,"terminal: вход 23,186 KZT/1 перев., выход 0 KZT/0 перев.; seeds=7; confidence=0.53."
100000002872399100,terminal,0.6236920148789812,2,0.39321175751932697,"terminal: вход 1,090,000 KZT/9 перев., выход 0 KZT/0 перев.; seeds=1; confidence=0.62."
100000002876914100,peripheral,0.4023156852933736,48,0.08212341707407553,"peripheral: вход 12,000 KZT/1 перев., выход 0 KZT/0 перев.; seeds=1; confidence=0.40. Граница наблюдения."
100000002877262100,terminal,0.5410889707127086,5,0.4030694675675944,"terminal: вход 100,000 KZT/1 перев., выход 0 KZT/0 перев.; seeds=8; confidence=0.54."
100000002878467100,terminal,0.567296761377417,5,0.47588905213796895,"terminal: вход 200,000 KZT/2 перев., выход 0 KZT/0 перев.; seeds=8; confidence=0.57."
100000002878483100,peripheral,0.4023156852933736,48,0.07162347287365874,"peripheral: вход 6,000 KZT/1 перев., выход 0 KZT/0 перев.; seeds=1; confidence=0.40. Граница наблюдения."
100000002881669100,terminal,0.5282040750036675,8,0.16990077809139356,"terminal: вход 18,600 KZT/1 перев., выход 0 KZT/0 перев.; seeds=1; confidence=0.53."
100000002883402100,terminal,0.582272088650143,5,0.5614294942669031,"terminal: вход 300,000 KZT/3 перев., выход 0 KZT/0 перев.; seeds=10; confidence=0.58."
100000002884708100,peripheral,0.4138522778816462,5,0.344866198156218,"peripheral: вход 1,171,644 KZT/2 перев., выход 0 KZT/0 перев.; seeds=8; confidence=0.41. Граница наблюдения."
100000002886166100,terminal,0.5797661714977045,35,0.3206846038494837,"terminal: вход 185,000 KZT/3 перев., выход 0 KZT/0 перев.; seeds=1; confidence=0.58."
100000002890167100,terminal,0.5415494102260021,17,0.33365717949791346,"terminal: вход 118,150 KZT/1 перев., выход 0 KZT/0 перев.; seeds=7; confidence=0.54."
100000002891765100,terminal,0.537986091262189,41,0.29538830841105773,"terminal: вход 55,576 KZT/1 перев., выход 0 KZT/0 перев.; seeds=7; confidence=0.54."
100000002893020100,terminal,0.5293194338297326,19,0.2494470919105352,"terminal: вход 18,340 KZT/1 перев., выход 0 KZT/0 перев.; seeds=7; confidence=0.53."
100000002894076100,terminal,0.6086869223319731,2,0.6097534734300111,"terminal: вход 1,122,782 KZT/6 перев., выход 0 KZT/0 перев.; seeds=10; confidence=0.61."
100000002896506100,peripheral,0.4023156852933736,11,0.17064021717334865,"peripheral: вход 45,000 KZT/1 перев., выход 0 KZT/0 перев.; seeds=7; confidence=0.40. Граница наблюдения."
100000002901457100,distributor,0.6368958428600844,1,0.5337462662798504,"distributor: вход 340,000 KZT/1 перев., выход 119,000 KZT/3 перев.; seeds=7; confidence=0.64."
100000002904919100,peripheral,0.5375490495709115,1,0.3369715398297814,"peripheral: вход 60,325 KZT/1 перев., выход 5,500 KZT/1 перев.; seeds=7; confidence=0.54."
100000002906470100,terminal,0.5424467219341552,44,0.3154162372055272,"terminal: вход 130,000 KZT/1 перев., выход 0 KZT/0 перев.; seeds=7; confidence=0.54."
100000002908521100,terminal,0.5358218243678571,23,0.19634314701710023,"terminal: вход 44,500 KZT/1 перев., выход 0 KZT/0 перев.; seeds=1; confidence=0.54."
100000002911170100,terminal,0.5684722401356971,34,0.39007297271913743,"terminal: вход 300,000 KZT/2 перев., выход 0 KZT/0 перев.; seeds=7; confidence=0.57."
100000002913340100,terminal,0.5311806983241643,23,0.1665468408744072,"terminal: вход 23,600 KZT/1 перев., выход 0 KZT/0 перев.; seeds=1; confidence=0.53."
100000002914245100,terminal,0.542910396895165,36,0.2328056646468257,"terminal: вход 140,611 KZT/1 перев., выход 0 KZT/0 перев.; seeds=1; confidence=0.54."
100000002916006100,peripheral,0.402838173196352,50,0.15459895264072818,"peripheral: вход 0 KZT/0 перев., выход 32,000 KZT/1 перев.; seeds=0; confidence=0.40. Вход seed неполон."
100000002921047100,consolidator,0.6561424811214935,2,0.6333520761811877,"consolidator: вход 338,000 KZT/2 перев., выход 163,000 KZT/1 перев.; seeds=9; confidence=0.66."
100000002922000100,peripheral,0.4023156852933736,51,0.23015324168855178,"peripheral: вход 448,000 KZT/1 перев., выход 0 KZT/0 перев.; seeds=7; confidence=0.40. Граница наблюдения."
100000002926970100,terminal,0.5399812223627511,19,0.310543008734103,"terminal: вход 85,000 KZT/1 перев., выход 0 KZT/0 перев.; seeds=7; confidence=0.54."
100000002933386100,peripheral,0.5509886445628169,3,0.40915416142311295,"peripheral: вход 15,000 KZT/1 перев., выход 58,000 KZT/1 перев.; seeds=7; confidence=0.55."
100000002934441100,terminal,0.5592992250205481,1,0.3700160965942038,"terminal: вход 60,846 KZT/2 перев., выход 0 KZT/0 перев.; seeds=7; confidence=0.56."
100000002936322100,terminal,0.572380388342643,36,0.45829143084983265,"terminal: вход 787,133 KZT/2 перев., выход 0 KZT/0 перев.; seeds=7; confidence=0.57."
100000002938501100,peripheral,0.4904115494305005,17,0.31984613299698345,"peripheral: вход 8,395 KZT/1 перев., выход 5,000 KZT/1 перев.; seeds=7; confidence=0.49."
100000002939838100,terminal,0.5839870167278242,17,0.587761578627911,"terminal: вход 571,233 KZT/3 перев., выход 0 KZT/0 перев.; seeds=10; confidence=0.58."
100000002941114100,consolidator,0.7707034525714144,12,0.6567213215856945,"consolidator: вход 128,510 KZT/15 перев., выход 15,000 KZT/1 перев.; seeds=8; confidence=0.77."
100000002943472100,terminal,0.5440051448037766,5,0.4223407001914518,"terminal: вход 170,000 KZT/1 перев., выход 0 KZT/0 перев.; seeds=8; confidence=0.54."
100000002945031100,terminal,0.5277097811545285,13,0.24174539832814107,"terminal: вход 15,000 KZT/1 перев., выход 0 KZT/0 перев.; seeds=7; confidence=0.53."
100000002945626100,terminal,0.5847537746427185,5,0.5622425826804003,"terminal: вход 584,000 KZT/3 перев., выход 0 KZT/0 перев.; seeds=9; confidence=0.58."
100000002947299100,terminal,0.5395630506148268,3,0.42967305463250466,"terminal: вход 85,000 KZT/1 перев., выход 0 KZT/0 перев.; seeds=9; confidence=0.54."
100000002948492100,terminal,0.5312199573670802,41,0.2549366830906307,"terminal: вход 23,660 KZT/1 перев., выход 0 KZT/0 перев.; seeds=7; confidence=0.53."
100000002951898100,terminal,0.5351398112492022,41,0.2806066499986418,"terminal: вход 39,990 KZT/1 перев., выход 0 KZT/0 перев.; seeds=7; confidence=0.54."
100000002952631100,terminal,0.5353294221895118,17,0.2892721757146812,"terminal: вход 48,050 KZT/1 перев., выход 0 KZT/0 перев.; seeds=7; confidence=0.54."
100000002952756100,terminal,0.5362911950756705,25,0.2298645939144322,"terminal: вход 47,000 KZT/1 перев., выход 0 KZT/0 перев.; seeds=1; confidence=0.54."
100000002954780100,terminal,0.5425560358302425,5,0.4238693712008245,"terminal: вход 133,400 KZT/1 перев., выход 0 KZT/0 перев.; seeds=9; confidence=0.54."
100000002956769100,terminal,0.5855465498301088,25,0.5774408938974027,"terminal: вход 840,000 KZT/3 перев., выход 0 KZT/0 перев.; seeds=9; confidence=0.59."
100000002956779100,terminal,0.5480579644727895,3,0.2918114282635443,"terminal: вход 411,000 KZT/1 перев., выход 0 KZT/0 перев.; seeds=1; confidence=0.55."
100000002956898100,terminal,0.5683419787856757,4,0.4352831152298855,"terminal: вход 290,240 KZT/2 перев., выход 0 KZT/0 перев.; seeds=7; confidence=0.57."
100000002957306100,terminal,0.5696125558066067,12,0.5667888672133468,"terminal: вход 398,490 KZT/2 перев., выход 0 KZT/0 перев.; seeds=11; confidence=0.57."
100000002957787100,distributor,0.8265518618106286,1,0.6672485391306406,"distributor: вход 84,956 KZT/7 перев., выход 1,276,154 KZT/41 перев.; seeds=7; confidence=0.83."
100000002958139100,terminal,0.5675314467313237,5,0.4634742618745098,"terminal: вход 209,500 KZT/2 перев., выход 0 KZT/0 перев.; seeds=8; confidence=0.57."
100000002958286100,terminal,0.5457980513400565,5,0.27787664679887525,"terminal: вход 257,000 KZT/1 перев., выход 0 KZT/0 перев.; seeds=1; confidence=0.55."
100000002958343100,distributor,0.7840712964776373,2,0.42053086746177193,"distributor: вход 2,900,000 KZT/4 перев., выход 1,390,000 KZT/17 перев.; seeds=1; confidence=0.78."
100000002958345100,terminal,0.5470733993638541,25,0.3058357025209206,"terminal: вход 307,000 KZT/1 перев., выход 0 KZT/0 перев.; seeds=2; confidence=0.55."
100000002963189100,distributor,0.7247484656970733,41,0.6045535544538961,"distributor: вход 490,000 KZT/3 перев., выход 5,219,000 KZT/15 перев.; seeds=7; confidence=0.72."
100000002964966100,terminal,0.5445675443996708,3,0.43860926713840265,"terminal: вход 200,000 KZT/1 перев., выход 0 KZT/0 перев.; seeds=8; confidence=0.54."
100000002968096100,peripheral,0.4023156852933736,9,0.18118962994538917,"peripheral: вход 70,000 KZT/1 перев., выход 0 KZT/0 перев.; seeds=7; confidence=0.40. Граница наблюдения."
100000002969048100,terminal,0.5413340543858346,42,0.2333224507688821,"terminal: вход 108,470 KZT/1 перев., выход 0 KZT/0 перев.; seeds=1; confidence=0.54."
100000002970466100,distributor,0.7188830615507836,1,0.4854116083445859,"distributor: вход 23,317 KZT/1 перев., выход 93,000 KZT/3 перев.; seeds=7; confidence=0.72."
100000002971593100,peripheral,0.4023156852933736,11,0.19683911454863587,"peripheral: вход 49,050 KZT/1 перев., выход 0 KZT/0 перев.; seeds=7; confidence=0.40. Граница наблюдения."
100000002973903100,terminal,0.5750414600979653,8,0.507926961651953,"terminal: вход 92,880 KZT/3 перев., выход 0 KZT/0 перев.; seeds=8; confidence=0.58."
100000002974256100,terminal,0.5241153504397198,8,0.204041361100719,"terminal: вход 7,200 KZT/1 перев., выход 0 KZT/0 перев.; seeds=1; confidence=0.52."
100000002975287100,terminal,0.5277097811545285,29,0.2362633664814542,"terminal: вход 15,000 KZT/1 перев., выход 0 KZT/0 перев.; seeds=7; confidence=0.53."
100000002975437100,peripheral,0.5968446184739673,37,0.36153538998291707,"peripheral: вход 530,000 KZT/2 перев., выход 8,500 KZT/1 перев.; seeds=7; confidence=0.60."
100000002981489100,peripheral,0.4023156852933736,11,0.12926283284858997,"peripheral: вход 10,000 KZT/1 перев., выход 0 KZT/0 перев.; seeds=7; confidence=0.40. Граница наблюдения."
100000002981527100,terminal,0.5433668063663974,5,0.26052866366127775,"terminal: вход 168,000 KZT/1 перев., выход 0 KZT/0 перев.; seeds=1; confidence=0.54."
100000002982252100,terminal,0.5291921472817793,23,0.1778484688995887,"terminal: вход 20,320 KZT/1 перев., выход 0 KZT/0 перев.; seeds=1; confidence=0.53."
100000002983426100,terminal,0.5401747500914741,19,0.31337730717059464,"terminal: вход 88,945 KZT/1 перев., выход 0 KZT/0 перев.; seeds=7; confidence=0.54."
100000002983879100,terminal,0.5666705782114466,3,0.5284323579908221,"terminal: вход 200,050 KZT/2 перев., выход 0 KZT/0 перев.; seeds=9; confidence=0.57."
100000002984403100,transit,0.5215919763305584,14,0.4096870302763111,"transit: вход 20,000 KZT/1 перев., выход 25,000 KZT/1 перев.; seeds=7; confidence=0.52."
100000002986245100,peripheral,0.4023156852933736,48,0.07095810418245492,"peripheral: вход 5,750 KZT/1 перев., выход 0 KZT/0 перев.; seeds=1; confidence=0.40. Граница наблюдения."
100000002988894100,distributor,0.6063116153900596,3,0.6036273074209374,"distributor: вход 306,121 KZT/1 перев., выход 77,500 KZT/3 перев.; seeds=10; confidence=0.61."
100000002989353100,distributor,0.47376966900189665,25,0.3964760257984919,"distributor: вход 500,000 KZT/2 перев., выход 321,160 KZT/2 перев.; seeds=2; confidence=0.47."
100000002990675100,terminal,0.5373678579808426,11,0.26446558531738557,"terminal: вход 51,143 KZT/1 перев., выход 0 KZT/0 перев.; seeds=7; confidence=0.54."
100000002991079100,consolidator,0.6136588114196649,17,0.47720877012426094,"consolidator: вход 148,900 KZT/3 перев., выход 11,000 KZT/1 перев.; seeds=7; confidence=0.61."
100000002992171100,terminal,0.5263370746137633,23,0.16509002770842932,"terminal: вход 14,627 KZT/1 перев., выход 0 KZT/0 перев.; seeds=1; confidence=0.53."
100000002994441100,peripheral,0.4023156852933736,9,0.17322236859289764,"peripheral: вход 5,000 KZT/1 перев., выход 0 KZT/0 перев.; seeds=7; confidence=0.40. Граница наблюдения."
100000002999140100,peripheral,0.4138522778816462,8,0.16527595491662736,"peripheral: вход 10,000 KZT/2 перев., выход 0 KZT/0 перев.; seeds=7; confidence=0.41. Граница наблюдения."
100000003001138100,peripheral,0.4023156852933736,16,0.16501727251228374,"peripheral: вход 30,000 KZT/1 перев., выход 0 KZT/0 перев.; seeds=7; confidence=0.40. Граница наблюдения."
100000003001564100,peripheral,0.5482918188082124,17,0.3618977925659514,"peripheral: вход 23,520 KZT/1 перев., выход 180,000 KZT/1 перев.; seeds=7; confidence=0.55."
100000003001661100,distributor,0.685108822884355,16,0.562168155413527,"distributor: вход 110,000 KZT/1 перев., выход 439,500 KZT/8 перев.; seeds=7; confidence=0.69."
100000003003821100,terminal,0.5341943727751042,3,0.4356629461272192,"terminal: вход 40,000 KZT/1 перев., выход 0 KZT/0 перев.; seeds=10; confidence=0.53."
100000003004487100,distributor,0.765574876481575,37,0.6045230388889595,"distributor: вход 183,703 KZT/9 перев., выход 265,015 KZT/3 перев.; seeds=7; confidence=0.77."
100000003005167100,peripheral,0.4023156852933736,48,0.0738127973164736,"peripheral: вход 7,000 KZT/1 перев., выход 0 KZT/0 перев.; seeds=1; confidence=0.40. Граница наблюдения."
100000003006633100,terminal,0.5257777217627762,39,0.24052075463982162,"terminal: вход 10,000 KZT/1 перев., выход 0 KZT/0 перев.; seeds=7; confidence=0.53."
100000003009900100,terminal,0.5282061505080617,19,0.2447768287731504,"terminal: вход 15,998 KZT/1 перев., выход 0 KZT/0 перев.; seeds=7; confidence=0.53."
100000003010908100,peripheral,0.4023156852933736,19,0.16809579149128578,"peripheral: вход 17,000 KZT/1 перев., выход 0 KZT/0 перев.; seeds=7; confidence=0.40. Граница наблюдения."
100000003014659100,terminal,0.5461738886800768,12,0.44963607974064673,"terminal: вход 280,000 KZT/1 перев., выход 0 KZT/0 перев.; seeds=8; confidence=0.55."
100000003016438100,transit,0.7323302833420702,5,0.6219584436654765,"transit: вход 200,000 KZT/1 перев., выход 300,000 KZT/3 перев.; seeds=8; confidence=0.73."
100000003016635100,distributor,0.7254481584186047,17,0.5609316039695076,"distributor: вход 586,981 KZT/36 перев., выход 9,414,081 KZT/151 перев.; seeds=6; confidence=0.73. Вход seed неполон."
100000003016773100,terminal,0.5352154990393712,5,0.40439413308401995,"terminal: вход 46,555 KZT/1 перев., выход 0 KZT/0 перев.; seeds=9; confidence=0.54."
100000003022835100,terminal,0.5418371000557539,3,0.4555562884362826,"terminal: вход 125,000 KZT/1 перев., выход 0 KZT/0 перев.; seeds=10; confidence=0.54."
100000003024542100,terminal,0.524435124565959,3,0.3807660613409008,"terminal: вход 8,500 KZT/1 перев., выход 0 KZT/0 перев.; seeds=10; confidence=0.52."
100000003025903100,peripheral,0.43796022211835384,11,0.2780205399540973,"peripheral: вход 386,300 KZT/6 перев., выход 0 KZT/0 перев.; seeds=7; confidence=0.44. Граница наблюдения."
100000003031003100,terminal,0.5819585955758747,25,0.5559780171865752,"terminal: вход 280,090 KZT/3 перев., выход 0 KZT/0 перев.; seeds=9; confidence=0.58."
100000003031633100,terminal,0.5704746194681115,5,0.4827173405558426,"terminal: вход 414,000 KZT/2 перев., выход 0 KZT/0 перев.; seeds=8; confidence=0.57."
100000003031761100,terminal,0.5484820907563539,36,0.27612903707980385,"terminal: вход 460,408 KZT/1 перев., выход 0 KZT/0 перев.; seeds=1; confidence=0.55."
100000003031890100,terminal,0.6224085018282455,35,0.3518283690831596,"terminal: вход 215,000 KZT/10 перев., выход 0 KZT/0 перев.; seeds=1; confidence=0.62."
100000003034546100,terminal,0.5703433633235555,5,0.32021071467863,"terminal: вход 486,715 KZT/2 перев., выход 0 KZT/0 перев.; seeds=1; confidence=0.57."
100000003035737100,consolidator,0.6254671099337481,11,0.5277336764851073,"consolidator: вход 809,170 KZT/3 перев., выход 6,545 KZT/1 перев.; seeds=7; confidence=0.63."
100000003036198100,terminal,0.5270939532127954,3,0.22933755340068157,"terminal: вход 15,000 KZT/1 перев., выход 0 KZT/0 перев.; seeds=7; confidence=0.53."
100000003037476100,consolidator,0.39775488438362766,5,0.4114357107103205,"consolidator: вход 555,000 KZT/3 перев., выход 0 KZT/0 перев.; seeds=8; confidence=0.40. Граница наблюдения."
100000003037660100,terminal,0.5364447478993756,3,0.4213573851225562,"terminal: вход 53,000 KZT/1 перев., выход 0 KZT/0 перев.; seeds=10; confidence=0.54."
100000003039473100,terminal,0.5299857294063608,17,0.26572804663782945,"terminal: вход 23,000 KZT/1 перев., выход 0 KZT/0 перев.; seeds=7; confidence=0.53."
100000003040087100,peripheral,0.4023156852933736,19,0.15368500285458214,"peripheral: вход 29,000 KZT/1 перев., выход 0 KZT/0 перев.; seeds=7; confidence=0.40. Граница наблюдения."
100000003042994100,terminal,0.5814120970391523,17,0.4145646788738187,"terminal: вход 286,086 KZT/3 перев., выход 0 KZT/0 перев.; seeds=7; confidence=0.58."
100000003044431100,terminal,0.55948439315078,3,0.3784854181860574,"terminal: вход 60,000 KZT/2 перев., выход 0 KZT/0 перев.; seeds=7; confidence=0.56."
100000003044518100,terminal,0.5328912030261688,2,0.1843992162394252,"terminal: вход 34,423 KZT/1 перев., выход 0 KZT/0 перев.; seeds=1; confidence=0.53."
100000003047800100,peripheral,0.4023156852933736,25,0.10791489948965413,"peripheral: вход 12,212 KZT/1 перев., выход 0 KZT/0 перев.; seeds=1; confidence=0.40. Граница наблюдения."
100000003050771100,terminal,0.5454732395999897,13,0.34667839155157526,"terminal: вход 229,000 KZT/1 перев., выход 0 KZT/0 перев.; seeds=7; confidence=0.55."
100000003054328100,distributor,0.4586303557823562,25,0.29084802310403024,"distributor: вход 140,000 KZT/1 перев., выход 193,720 KZT/2 перев.; seeds=1; confidence=0.46."
100000003057225100,terminal,0.5453311790991493,17,0.3597806165491506,"terminal: вход 236,000 KZT/1 перев., выход 0 KZT/0 перев.; seeds=7; confidence=0.55."
100000003060187100,terminal,0.5405247347228015,44,0.3063328631024147,"terminal: вход 93,046 KZT/1 перев., выход 0 KZT/0 перев.; seeds=7; confidence=0.54."
100000003060517100,terminal,0.547094122993711,29,0.35279268216085863,"terminal: вход 315,955 KZT/1 перев., выход 0 KZT/0 перев.; seeds=7; confidence=0.55."
100000003061115100,peripheral,0.4023156852933736,1,0.19713394529525233,"peripheral: вход 45,000 KZT/1 перев., выход 0 KZT/0 перев.; seeds=7; confidence=0.40. Граница наблюдения."
100000003062895100,terminal,0.568713863180125,5,0.5385126136571763,"terminal: вход 328,444 KZT/2 перев., выход 0 KZT/0 перев.; seeds=9; confidence=0.57."
100000003066385100,terminal,0.5508466753211612,1,0.3215713855028998,"terminal: вход 20,000 KZT/2 перев., выход 0 KZT/0 перев.; seeds=7; confidence=0.55."
100000003068941100,consolidator,0.6233820458130294,1,0.4910505687698103,"consolidator: вход 94,000 KZT/3 перев., выход 25,000 KZT/2 перев.; seeds=7; confidence=0.62."
100000003069463100,peripheral,0.3714740921440168,15,0.3024855502642085,"peripheral: вход 11,500 KZT/1 перев., выход 17,920 KZT/1 перев.; seeds=7; confidence=0.37."
100000003071649100,terminal,0.5444930509246493,5,0.4365776559652585,"terminal: вход 189,500 KZT/1 перев., выход 0 KZT/0 перев.; seeds=9; confidence=0.54."
100000003071930100,consolidator,0.6846861457363318,5,0.6466875183736736,"consolidator: вход 477,610 KZT/4 перев., выход 5,000 KZT/1 перев.; seeds=8; confidence=0.68."
100000003072205100,consolidator,0.41969357218417935,5,0.3660701430973493,"consolidator: вход 163,000 KZT/2 перев., выход 0 KZT/0 перев.; seeds=8; confidence=0.42. Граница наблюдения."
100000003072676100,terminal,0.5339120975536995,29,0.26944141175153435,"terminal: вход 31,545 KZT/1 перев., выход 0 KZT/0 перев.; seeds=7; confidence=0.53."
100000003073398100,terminal,0.5401908403696771,42,0.22779593542922308,"terminal: вход 92,960 KZT/1 перев., выход 0 KZT/0 перев.; seeds=1; confidence=0.54."
100000003073635100,terminal,0.5424033760921739,9,0.31750826261528026,"terminal: вход 129,231 KZT/1 перев., выход 0 KZT/0 перев.; seeds=7; confidence=0.54."
100000003074515100,peripheral,0.4023156852933736,5,0.26213482053577347,"peripheral: вход 105,000 KZT/1 перев., выход 0 KZT/0 перев.; seeds=8; confidence=0.40. Граница наблюдения."
100000003078839100,peripheral,0.4138522778816462,9,0.1855439498371119,"peripheral: вход 14,000 KZT/2 перев., выход 0 KZT/0 перев.; seeds=7; confidence=0.41. Граница наблюдения."
100000003083865100,peripheral,0.4023156852933736,19,0.13681839322179656,"peripheral: вход 15,000 KZT/1 перев., выход 0 KZT/0 перев.; seeds=7; confidence=0.40. Граница наблюдения."
100000003084870100,peripheral,0.4023156852933736,25,0.12788579229992958,"peripheral: вход 6,500 KZT/1 перев., выход 0 KZT/0 перев.; seeds=2; confidence=0.40. Граница наблюдения."
100000003086040100,terminal,0.525769385698047,1,0.290250414124276,"terminal: вход 10,500 KZT/1 перев., выход 0 KZT/0 перев.; seeds=7; confidence=0.53."
100000003087877100,terminal,0.5404549695041597,36,0.21409940611112754,"terminal: вход 91,486 KZT/1 перев., выход 0 KZT/0 перев.; seeds=1; confidence=0.54."
100000003089018100,terminal,0.5453368234615943,5,0.2576607945484358,"terminal: вход 230,000 KZT/1 перев., выход 0 KZT/0 перев.; seeds=1; confidence=0.55."
100000003089553100,terminal,0.5432797858431405,5,0.41728194420702863,"terminal: вход 150,000 KZT/1 перев., выход 0 KZT/0 перев.; seeds=8; confidence=0.54."
100000003091142100,peripheral,0.4023156852933736,1,0.18648877227372287,"peripheral: вход 40,000 KZT/1 перев., выход 0 KZT/0 перев.; seeds=7; confidence=0.40. Граница наблюдения."
100000003093299100,terminal,0.5277097811545285,1,0.22736744541201895,"terminal: вход 15,000 KZT/1 перев., выход 0 KZT/0 перев.; seeds=7; confidence=0.53."
100000003095610100,terminal,0.5312406809969369,19,0.25867581482255037,"terminal: вход 23,665 KZT/1 перев., выход 0 KZT/0 перев.; seeds=7; confidence=0.53."
100000003096787100,peripheral,0.4023156852933736,19,0.13857081102104205,"peripheral: вход 16,400 KZT/1 перев., выход 0 KZT/0 перев.; seeds=7; confidence=0.40. Граница наблюдения."
100000003097324100,terminal,0.5691184771944031,47,0.5423933547040455,"terminal: вход 294,000 KZT/2 перев., выход 0 KZT/0 перев.; seeds=9; confidence=0.57."
100000003097947100,peripheral,0.4023156852933736,9,0.17819345150264077,"peripheral: вход 52,980 KZT/1 перев., выход 0 KZT/0 перев.; seeds=7; confidence=0.40. Граница наблюдения."
100000003102157100,terminal,0.562260258116268,1,0.3710421760512466,"terminal: вход 96,746 KZT/2 перев., выход 0 KZT/0 перев.; seeds=7; confidence=0.56."
100000003104347100,peripheral,0.5264375441282542,30,0.3673802759839381,"peripheral: вход 418,000 KZT/1 перев., выход 32,000 KZT/1 перев.; seeds=7; confidence=0.53."
100000003105089100,peripheral,0.4023156852933736,33,0.14181798392719103,"peripheral: вход 10,000 KZT/1 перев., выход 0 KZT/0 перев.; seeds=7; confidence=0.40. Граница наблюдения."
100000003105929100,peripheral,0.5209163306556616,11,0.37014956545512334,"peripheral: вход 429,567 KZT/2 перев., выход 156,354 KZT/1 перев.; seeds=7; confidence=0.52."
100000003109805100,terminal,0.5347402057600306,29,0.2690190388154983,"terminal: вход 36,929 KZT/1 перев., выход 0 KZT/0 перев.; seeds=7; confidence=0.53."
100000003111305100,terminal,0.5939401234165042,42,0.5739046877844617,"terminal: вход 509,338 KZT/4 перев., выход 0 KZT/0 перев.; seeds=8; confidence=0.59."
100000003112436100,terminal,0.5407787945740176,17,0.303113348440492,"terminal: вход 100,000 KZT/1 перев., выход 0 KZT/0 перев.; seeds=7; confidence=0.54."
100000003112578100,terminal,0.5413861165907151,25,0.2622406716923933,"terminal: вход 101,080 KZT/1 перев., выход 0 KZT/0 перев.; seeds=2; confidence=0.54."
100000003115284100,consolidator,0.8432234065822907,12,0.828713586855974,"consolidator: вход 2,160,500 KZT/15 перев., выход 517,000 KZT/4 перев.; seeds=11; confidence=0.84."
100000003116106100,terminal,0.5711509368399627,11,0.3939933695387618,"terminal: вход 494,050 KZT/2 перев., выход 0 KZT/0 перев.; seeds=7; confidence=0.57."
100000003119550100,terminal,0.5293263749032151,23,0.17725547049459,"terminal: вход 21,000 KZT/1 перев., выход 0 KZT/0 перев.; seeds=1; confidence=0.53."
100000003122817100,terminal,0.5483092866574877,15,0.36155390128317016,"terminal: вход 444,680 KZT/1 перев., выход 0 KZT/0 перев.; seeds=7; confidence=0.55."
100000003123296100,terminal,0.5614794131820458,8,0.2772753789599372,"terminal: вход 86,200 KZT/2 перев., выход 0 KZT/0 перев.; seeds=1; confidence=0.56."
100000003125997100,peripheral,0.4023156852933736,5,0.29242384473503225,"peripheral: вход 87,750 KZT/1 перев., выход 0 KZT/0 перев.; seeds=8; confidence=0.40. Граница наблюдения."
100000003128638100,peripheral,0.4023156852933736,5,0.29431699173690334,"peripheral: вход 300,000 KZT/1 перев., выход 0 KZT/0 перев.; seeds=8; confidence=0.40. Граница наблюдения."
100000003131016100,peripheral,0.6254019159466454,9,0.3976695292977309,"peripheral: вход 405,700 KZT/7 перев., выход 126,000 KZT/4 перев.; seeds=7; confidence=0.63."
100000003131693100,terminal,0.5471146814385743,3,0.48998700586093996,"terminal: вход 353,277 KZT/1 перев., выход 0 KZT/0 перев.; seeds=10; confidence=0.55."
100000003132484100,terminal,0.5402963243847577,5,0.26052000654321983,"terminal: вход 90,000 KZT/1 перев., выход 0 KZT/0 перев.; seeds=1; confidence=0.54."
100000003133045100,peripheral,0.4023156852933736,5,0.18361132177847175,"peripheral: вход 68,000 KZT/1 перев., выход 0 KZT/0 перев.; seeds=7; confidence=0.40. Граница наблюдения."
100000003134474100,terminal,0.5419748733750146,11,0.29207730495169065,"terminal: вход 116,000 KZT/1 перев., выход 0 KZT/0 перев.; seeds=7; confidence=0.54."
100000003134550100,peripheral,0.4023156852933736,5,0.2605269649474944,"peripheral: вход 100,000 KZT/1 перев., выход 0 KZT/0 перев.; seeds=8; confidence=0.40. Граница наблюдения."
100000003134934100,terminal,0.5920616066698791,1,0.5750124790367529,"terminal: вход 379,354 KZT/4 перев., выход 0 KZT/0 перев.; seeds=9; confidence=0.59."
100000003134937100,terminal,0.5251068299563432,17,0.24290078735122142,"terminal: вход 10,286 KZT/1 перев., выход 0 KZT/0 перев.; seeds=7; confidence=0.53."
100000003146511100,peripheral,0.4023156852933736,13,0.14801823836280703,"peripheral: вход 10,000 KZT/1 перев., выход 0 KZT/0 перев.; seeds=7; confidence=0.40. Граница наблюдения."
100000003147719100,terminal,0.5410889707127086,5,0.4131012043724718,"terminal: вход 100,000 KZT/1 перев., выход 0 KZT/0 перев.; seeds=9; confidence=0.54."
100000003148220100,distributor,0.6021254265819975,53,0.4112970009472558,"distributor: вход 5,650 KZT/1 перев., выход 43,400 KZT/4 перев.; seeds=1; confidence=0.60."
100000003149149100,terminal,0.5458810186872922,11,0.3195232954956976,"terminal: вход 245,000 KZT/1 перев., выход 0 KZT/0 перев.; seeds=7; confidence=0.55."
100000003152964100,peripheral,0.5316975199439723,9,0.35749581951063114,"peripheral: вход 141,847 KZT/1 перев., выход 5,500 KZT/1 перев.; seeds=7; confidence=0.53."
100000003154105100,distributor,0.6799441971628012,33,0.5656262561158298,"distributor: вход 60,000 KZT/1 перев., выход 338,000 KZT/9 перев.; seeds=7; confidence=0.68."
100000003157333100,terminal,0.5324167154251741,42,0.18034075002070166,"terminal: вход 30,000 KZT/1 перев., выход 0 KZT/0 перев.; seeds=1; confidence=0.53."
100000003157679100,terminal,0.5941216803825603,5,0.5516316821954957,"terminal: вход 541,000 KZT/4 перев., выход 0 KZT/0 перев.; seeds=9; confidence=0.59."
100000003158727100,terminal,0.5823400667397297,2,0.5534520623047239,"terminal: вход 367,940 KZT/3 перев., выход 0 KZT/0 перев.; seeds=9; confidence=0.58."
100000003159641100,consolidator,0.6368712728081358,46,0.5128745123454151,"consolidator: вход 64,000 KZT/7 перев., выход 197,800 KZT/1 перев.; seeds=7; confidence=0.64."
100000003163256100,transit,0.5272708577745836,17,0.3783370901433885,"transit: вход 13,485 KZT/1 перев., выход 15,000 KZT/1 перев.; seeds=7; confidence=0.53."
100000003163886100,terminal,0.5489016798312328,32,0.5203220338391349,"terminal: вход 500,000 KZT/1 перев., выход 0 KZT/0 перев.; seeds=10; confidence=0.55."
100000003164661100,terminal,0.5848071926650985,28,0.3633379964221958,"terminal: вход 596,200 KZT/3 перев., выход 0 KZT/0 перев.; seeds=1; confidence=0.58."
100000003166017100,peripheral,0.4023156852933736,19,0.13681839322179656,"peripheral: вход 15,000 KZT/1 перев., выход 0 KZT/0 перев.; seeds=7; confidence=0.40. Граница наблюдения."
100000003166755100,terminal,0.5304832721316938,3,0.24559423679710116,"terminal: вход 24,010 KZT/1 перев., выход 0 KZT/0 перев.; seeds=7; confidence=0.53."
100000003171006100,terminal,0.5710724187541307,5,0.5203972621317955,"terminal: вход 485,000 KZT/2 перев., выход 0 KZT/0 перев.; seeds=9; confidence=0.57."
100000003171587100,consolidator,0.5682984017016941,11,0.5188344578190712,"consolidator: вход 700,000 KZT/2 перев., выход 431,300 KZT/7 перев.; seeds=7; confidence=0.57."
100000003173783100,peripheral,0.4138522778816462,34,0.2019322170553025,"peripheral: вход 23,500 KZT/2 перев., выход 0 KZT/0 перев.; seeds=7; confidence=0.41. Граница наблюдения."
100000003177533100,peripheral,0.4220376205867471,9,0.2097478305379399,"peripheral: вход 20,000 KZT/3 перев., выход 0 KZT/0 перев.; seeds=7; confidence=0.42. Граница наблюдения."
100000003178549100,distributor,0.6786329659630971,29,0.5733314887317245,"distributor: вход 250,000 KZT/2 перев., выход 89,080 KZT/4 перев.; seeds=7; confidence=0.68."
100000003180305100,peripheral,0.4023156852933736,1,0.213673636263789,"peripheral: вход 144,000 KZT/1 перев., выход 0 KZT/0 перев.; seeds=7; confidence=0.40. Граница наблюдения."
100000003180820100,peripheral,0.4023156852933736,5,0.26127367227408527,"peripheral: вход 101,000 KZT/1 перев., выход 0 KZT/0 перев.; seeds=8; confidence=0.40. Граница наблюдения."
100000003186579100,peripheral,0.4138522778816462,9,0.24128781335974148,"peripheral: вход 110,000 KZT/2 перев., выход 0 KZT/0 перев.; seeds=7; confidence=0.41. Граница наблюдения."
100000003187359100,terminal,0.5283633860802197,23,0.17373487686319886,"terminal: вход 19,072 KZT/1 перев., выход 0 KZT/0 перев.; seeds=1; confidence=0.53."
100000003188607100,peripheral,0.5550806875375432,2,0.261475345051467,"peripheral: вход 18,000 KZT/1 перев., выход 5,000 KZT/1 перев.; seeds=1; confidence=0.56."
100000003190207100,transit,0.5957696449894417,50,0.5462238926273469,"transit: вход 5,000 KZT/1 перев., выход 377,000 KZT/8 перев.; seeds=8; confidence=0.60."
100000003191430100,terminal,0.5438360503284725,17,0.3582740184616193,"terminal: вход 180,000 KZT/1 перев., выход 0 KZT/0 перев.; seeds=7; confidence=0.54."
100000003192220100,terminal,0.55948439315078,6,0.37023700570027834,"terminal: вход 60,000 KZT/2 перев., выход 0 KZT/0 перев.; seeds=7; confidence=0.56."
100000003192309100,peripheral,0.554270283445858,23,0.26848618362245974,"peripheral: вход 17,200 KZT/1 перев., выход 213,000 KZT/1 перев.; seeds=1; confidence=0.55."
100000003194831100,peripheral,0.4023156852933736,25,0.07567371598708572,"peripheral: вход 6,265 KZT/1 перев., выход 0 KZT/0 перев.; seeds=1; confidence=0.40. Граница наблюдения."
100000003199390100,peripheral,0.4023156852933736,11,0.21380118332168893,"peripheral: вход 260,000 KZT/1 перев., выход 0 KZT/0 перев.; seeds=7; confidence=0.40. Граница наблюдения."
100000003200071100,peripheral,0.402838173196352,62,0.15408545095866208,"peripheral: вход 0 KZT/0 перев., выход 30,000 KZT/1 перев.; seeds=0; confidence=0.40. Вход seed неполон."
100000003204491100,transit,0.698077031831609,1,0.487122775474021,"transit: вход 140,000 KZT/1 перев., выход 100,000 KZT/2 перев.; seeds=7; confidence=0.70."
100000003205210100,terminal,0.5423022102274903,3,0.4592317435902013,"terminal: вход 137,563 KZT/1 перев., выход 0 KZT/0 перев.; seeds=10; confidence=0.54."
100000003207060100,peripheral,0.4023156852933736,1,0.19360596726179546,"peripheral: вход 53,000 KZT/1 перев., выход 0 KZT/0 перев.; seeds=7; confidence=0.40. Граница наблюдения."
100000003213473100,distributor,0.6924115659615027,1,0.5323652302254894,"distributor: вход 57,500 KZT/2 перев., выход 240,000 KZT/12 перев.; seeds=7; confidence=0.69."
100000003214786100,peripheral,0.4023156852933736,1,0.15843371610793153,"peripheral: вход 5,000 KZT/1 перев., выход 0 KZT/0 перев.; seeds=7; confidence=0.40. Граница наблюдения."
100000003215448100,distributor,0.7269973043585934,9,0.5185119827942569,"distributor: вход 91,309 KZT/1 перев., выход 124,000 KZT/4 перев.; seeds=7; confidence=0.73."
100000003216073100,peripheral,0.49332635449468343,36,0.24273082882790767,"peripheral: вход 37,001 KZT/1 перев., выход 70,000 KZT/1 перев.; seeds=1; confidence=0.49."
100000003218308100,terminal,0.5264801688767581,1,0.22365271028493203,"terminal: вход 11,165 KZT/1 перев., выход 0 KZT/0 перев.; seeds=7; confidence=0.53."
100000003219438100,terminal,0.5330205006057039,63,0.30336100859189136,"terminal: вход 32,000 KZT/1 перев., выход 0 KZT/0 перев.; seeds=7; confidence=0.53."
100000003220685100,peripheral,0.4138522778816462,11,0.2718261844281374,"peripheral: вход 1,306,000 KZT/2 перев., выход 0 KZT/0 перев.; seeds=7; confidence=0.41. Граница наблюдения."
100000003221384100,terminal,0.5486561362558043,4,0.3782189609134076,"terminal: вход 511,200 KZT/1 перев., выход 0 KZT/0 перев.; seeds=7; confidence=0.55."
100000003221510100,distributor,0.6020228728081156,1,0.43835925479021115,"distributor: вход 24,000 KZT/1 перев., выход 120,000 KZT/3 перев.; seeds=7; confidence=0.60."
100000003230328100,consolidator,0.31641570459667695,9,0.2770433194809279,"consolidator: вход 26,572 KZT/3 перев., выход 0 KZT/0 перев.; seeds=7; confidence=0.32. Граница наблюдения."
100000003230329100,peripheral,0.4023156852933736,5,0.2636986482258776,"peripheral: вход 110,000 KZT/1 перев., выход 0 KZT/0 перев.; seeds=8; confidence=0.40. Граница наблюдения."
100000003232675100,peripheral,0.4138522778816462,13,0.2185522530948233,"peripheral: вход 44,000 KZT/2 перев., выход 0 KZT/0 перев.; seeds=7; confidence=0.41. Граница наблюдения."
100000003235780100,terminal,0.5596884480792123,1,0.35463308497554036,"terminal: вход 65,000 KZT/2 перев., выход 0 KZT/0 перев.; seeds=7; confidence=0.56."
100000003237045100,peripheral,0.5595374008485109,17,0.33326373345110455,"peripheral: вход 340,200 KZT/2 перев., выход 150,000 KZT/1 перев.; seeds=7; confidence=0.56."
100000003239379100,terminal,0.5399188074341693,8,0.24273293006531985,"terminal: вход 92,500 KZT/1 перев., выход 0 KZT/0 перев.; seeds=1; confidence=0.54."
100000003239859100,terminal,0.5282040750036675,8,0.16990077809139356,"terminal: вход 18,600 KZT/1 перев., выход 0 KZT/0 перев.; seeds=1; confidence=0.53."
100000003241965100,terminal,0.5277097811545285,19,0.24181747752026972,"terminal: вход 15,000 KZT/1 перев., выход 0 KZT/0 перев.; seeds=7; confidence=0.53."
100000003242289100,distributor,0.7174057622159425,29,0.6080779975198052,"distributor: вход 550,791 KZT/8 перев., выход 2,377,741 KZT/26 перев.; seeds=7; confidence=0.72."
100000003242795100,terminal,0.541789229609893,11,0.2905083769829077,"terminal: вход 111,000 KZT/1 перев., выход 0 KZT/0 перев.; seeds=7; confidence=0.54."
100000003246024100,peripheral,0.5128867198104364,9,0.407351193154622,"peripheral: вход 25,000 KZT/1 перев., выход 5,000 KZT/1 перев.; seeds=7; confidence=0.51."
100000003247600100,peripheral,0.4023156852933736,3,0.22785799998509873,"peripheral: вход 58,000 KZT/1 перев., выход 0 KZT/0 перев.; seeds=7; confidence=0.40. Граница наблюдения."
100000003249054100,consolidator,0.6707355356205271,3,0.5394299650818342,"consolidator: вход 99,700 KZT/11 перев., выход 15,000 KZT/1 перев.; seeds=7; confidence=0.67."
100000003252446100,peripheral,0.4023156852933736,5,0.26319811704781754,"peripheral: вход 108,600 KZT/1 перев., выход 0 KZT/0 перев.; seeds=8; confidence=0.40. Граница наблюдения."
100000003254277100,transit,0.719853044257964,1,0.47044532615019913,"transit: вход 49,200 KZT/1 перев., выход 44,997 KZT/1 перев.; seeds=7; confidence=0.72."
100000003254723100,terminal,0.6048309740791348,3,0.5538516462168542,"terminal: вход 269,850 KZT/6 перев., выход 0 KZT/0 перев.; seeds=10; confidence=0.60."
100000003265158100,transit,0.6164442399790913,8,0.6619888502147363,"transit: вход 146,100 KZT/3 перев., выход 154,200 KZT/4 перев.; seeds=9; confidence=0.62."
100000003265658100,peripheral,0.1812375,64,0.05807830295966453,"peripheral: вход 0 KZT/0 перев., выход 0 KZT/0 перев.; seeds=0; confidence=0.18. Вход seed неполон."
100000003270419100,terminal,0.5432797858431405,13,0.4983245954175687,"terminal: вход 150,000 KZT/1 перев., выход 0 KZT/0 перев.; seeds=10; confidence=0.54."
100000003271151100,terminal,0.5423581316679246,9,0.3170708277949538,"terminal: вход 127,294 KZT/1 перев., выход 0 KZT/0 перев.; seeds=7; confidence=0.54."
100000003275398100,peripheral,0.5866870164083949,35,0.236473684627735,"peripheral: вход 300,000 KZT/1 перев., выход 20,000 KZT/1 перев.; seeds=1; confidence=0.59."
100000003278020100,terminal,0.5441920894262283,1,0.33418280643961806,"terminal: вход 190,000 KZT/1 перев., выход 0 KZT/0 перев.; seeds=7; confidence=0.54."
100000003284932100,terminal,0.5379965021005184,3,0.43225921689840047,"terminal: вход 69,925 KZT/1 перев., выход 0 KZT/0 перев.; seeds=10; confidence=0.54."
100000003286537100,terminal,0.5658509991587989,5,0.46717818013274726,"terminal: вход 153,000 KZT/2 перев., выход 0 KZT/0 перев.; seeds=8; confidence=0.57."
100000003289281100,peripheral,0.4023156852933736,1,0.20434981106617775,"peripheral: вход 40,000 KZT/1 перев., выход 0 KZT/0 перев.; seeds=7; confidence=0.40. Граница наблюдения."
100000003289405100,terminal,0.547064435423603,3,0.2776455842252386,"terminal: вход 355,000 KZT/1 перев., выход 0 KZT/0 перев.; seeds=1; confidence=0.55."
100000003292191100,terminal,0.5418181268378806,47,0.40556169366825373,"terminal: вход 112,000 KZT/1 перев., выход 0 KZT/0 перев.; seeds=8; confidence=0.54."
100000003292979100,terminal,0.5355332369263296,3,0.42683287486890226,"terminal: вход 48,950 KZT/1 перев., выход 0 KZT/0 перев.; seeds=10; confidence=0.54."
100000003293377100,terminal,0.536980802523397,11,0.2627595385902787,"terminal: вход 50,000 KZT/1 перев., выход 0 KZT/0 перев.; seeds=7; confidence=0.54."
100000003299365100,transit,0.6022483048053061,3,0.5390171554515135,"transit: вход 200,000 KZT/1 перев., выход 200,000 KZT/1 перев.; seeds=10; confidence=0.60."
100000003321423100,terminal,0.5627479964567788,54,0.4754883261626974,"terminal: вход 100,000 KZT/2 перев., выход 0 KZT/0 перев.; seeds=8; confidence=0.56."
100000003321895100,distributor,0.6071373320624811,55,0.5164793226687119,"distributor: вход 24,000 KZT/1 перев., выход 553,830 KZT/3 перев.; seeds=7; confidence=0.61."
100000003336565100,terminal,0.527779990594706,23,0.1646083837712702,"terminal: вход 16,550 KZT/1 перев., выход 0 KZT/0 перев.; seeds=1; confidence=0.53."
100000003338583100,terminal,0.5305798419177585,35,0.16702864373625653,"terminal: вход 21,765 KZT/1 перев., выход 0 KZT/0 перев.; seeds=1; confidence=0.53."
100000003345947100,peripheral,0.43796022211835384,9,0.25467299219458533,"peripheral: вход 79,500 KZT/6 перев., выход 0 KZT/0 перев.; seeds=7; confidence=0.44. Граница наблюдения."
100000003349739100,peripheral,0.1812375,65,0.05807830295966453,"peripheral: вход 0 KZT/0 перев., выход 0 KZT/0 перев.; seeds=0; confidence=0.18. Вход seed неполон."
100000003360542100,consolidator,0.7571298314553307,12,0.6429619508986045,"consolidator: вход 317,000 KZT/3 перев., выход 51,800 KZT/5 перев.; seeds=11; confidence=0.76."
100000003366154100,distributor,0.7435347021437354,3,0.6728460857110825,"distributor: вход 125,000 KZT/1 перев., выход 289,170 KZT/3 перев.; seeds=10; confidence=0.74."
100000003366471100,consolidator,0.7007498633447389,9,0.5407562369449342,"consolidator: вход 329,789 KZT/5 перев., выход 20,000 KZT/1 перев.; seeds=7; confidence=0.70."
100000003370425100,peripheral,0.4023156852933736,13,0.19870815834593886,"peripheral: вход 20,000 KZT/1 перев., выход 0 KZT/0 перев.; seeds=7; confidence=0.40. Граница наблюдения."
100000003377795100,terminal,0.5237100036846901,2,0.150793919108952,"terminal: вход 7,000 KZT/1 перев., выход 0 KZT/0 перев.; seeds=1; confidence=0.52."
100000003390036100,consolidator,0.6959425980526708,12,0.6940091380374969,"consolidator: вход 231,300 KZT/4 перев., выход 62,000 KZT/2 перев.; seeds=11; confidence=0.70."
100000003404627100,terminal,0.6019963223923624,52,0.6231445472458271,"terminal: вход 877,700 KZT/5 перев., выход 0 KZT/0 перев.; seeds=11; confidence=0.60."
100000003406094100,distributor,0.6289635437871341,17,0.5109436867361138,"distributor: вход 70,000 KZT/4 перев., выход 47,000 KZT/3 перев.; seeds=7; confidence=0.63."
100000003447411100,peripheral,0.4220376205867471,9,0.2435274113670994,"peripheral: вход 302,000 KZT/3 перев., выход 0 KZT/0 перев.; seeds=7; confidence=0.42. Граница наблюдения."
100000003448713100,peripheral,0.4023156852933736,9,0.1991683437249742,"peripheral: вход 266,750 KZT/1 перев., выход 0 KZT/0 перев.; seeds=7; confidence=0.40. Граница наблюдения."
100000003449074100,terminal,0.524735567989113,1,0.24316442207622332,"terminal: вход 10,000 KZT/1 перев., выход 0 KZT/0 перев.; seeds=7; confidence=0.52."
100000003457710100,transit,0.5876979787207726,11,0.4569794288836232,"transit: вход 326,555 KZT/1 перев., выход 1,306,000 KZT/2 перев.; seeds=7; confidence=0.59."
100000003470579100,peripheral,0.4138522778816462,15,0.2639188293577492,"peripheral: вход 357,000 KZT/2 перев., выход 0 KZT/0 перев.; seeds=7; confidence=0.41. Граница наблюдения."
100000003476560100,terminal,0.5358301882313894,3,0.417665681016512,"terminal: вход 50,000 KZT/1 перев., выход 0 KZT/0 перев.; seeds=10; confidence=0.54."
100000003481025100,peripheral,0.4023156852933736,1,0.1701764569201142,"peripheral: вход 9,000 KZT/1 перев., выход 0 KZT/0 перев.; seeds=7; confidence=0.40. Граница наблюдения."
100000003484058100,peripheral,0.5333194736220999,41,0.35860086805318697,"peripheral: вход 110,000 KZT/1 перев., выход 6,000 KZT/1 перев.; seeds=7; confidence=0.53."
100000003486846100,peripheral,0.4138522778816462,17,0.22277685395054064,"peripheral: вход 27,000 KZT/2 перев., выход 0 KZT/0 перев.; seeds=7; confidence=0.41. Граница наблюдения."
100000003486970100,terminal,0.5432797858431405,11,0.30184684433684417,"terminal: вход 150,000 KZT/1 перев., выход 0 KZT/0 перев.; seeds=7; confidence=0.54."
100000003497735100,terminal,0.5422861782324854,44,0.31394183664295605,"terminal: вход 125,000 KZT/1 перев., выход 0 KZT/0 перев.; seeds=7; confidence=0.54."
100000003500764100,peripheral,0.4023156852933736,29,0.18170424673767097,"peripheral: вход 21,000 KZT/1 перев., выход 0 KZT/0 перев.; seeds=7; confidence=0.40. Граница наблюдения."
100000003509750100,transit,0.7617788452106309,42,0.4705178196823478,"transit: вход 82,290 KZT/4 перев., выход 78,400 KZT/5 перев.; seeds=1; confidence=0.76."
100000003528285100,distributor,0.5291673809769364,3,0.5416255320277967,"distributor: вход 118,870 KZT/5 перев., выход 548,000 KZT/6 перев.; seeds=7; confidence=0.53."
100000003557488100,distributor,0.6289742220633299,37,0.5227528083413954,"distributor: вход 664,992 KZT/3 перев., выход 138,000 KZT/4 перев.; seeds=7; confidence=0.63."
100000003561031100,peripheral,0.5344478527896452,9,0.32974144658873755,"peripheral: вход 13,300 KZT/1 перев., выход 5,000 KZT/1 перев.; seeds=7; confidence=0.53."
100000003567087100,terminal,0.5373546083345205,23,0.2279685490255004,"terminal: вход 62,115 KZT/1 перев., выход 0 KZT/0 перев.; seeds=1; confidence=0.54."
100000003568904100,peripheral,0.4023156852933736,13,0.19752276169004926,"peripheral: вход 49,000 KZT/1 перев., выход 0 KZT/0 перев.; seeds=7; confidence=0.40. Граница наблюдения."
100000003574895100,transit,0.6688413133069993,1,0.42540575383716617,"transit: вход 27,968 KZT/1 перев., выход 20,000 KZT/1 перев.; seeds=7; confidence=0.67."
100000003581109100,terminal,0.5356386584540624,1,0.2625469460227481,"terminal: вход 42,750 KZT/1 перев., выход 0 KZT/0 перев.; seeds=7; confidence=0.54."
100000003582677100,distributor,0.7810906663677704,3,0.5832604732215017,"distributor: вход 29,757 KZT/2 перев., выход 56,000 KZT/5 перев.; seeds=7; confidence=0.78."
100000003589877100,distributor,0.6079032330532262,5,0.64360654057601,"distributor: вход 176,000 KZT/2 перев., выход 416,129 KZT/6 перев.; seeds=9; confidence=0.61."
100000003594472100,terminal,0.5299335803120135,37,0.25730202658652346,"terminal: вход 20,000 KZT/1 перев., выход 0 KZT/0 перев.; seeds=7; confidence=0.53."
100000003603979100,terminal,0.5784905957569915,35,0.33339433276215363,"terminal: вход 165,000 KZT/3 перев., выход 0 KZT/0 перев.; seeds=1; confidence=0.58."
100000003610172100,terminal,0.538985555394738,11,0.27220198869938383,"terminal: вход 70,000 KZT/1 перев., выход 0 KZT/0 перев.; seeds=7; confidence=0.54."
100000003616818100,distributor,0.6767844715244347,35,0.3806788289922832,"distributor: вход 78,000 KZT/4 перев., выход 240,100 KZT/8 перев.; seeds=1; confidence=0.68."
100000003617552100,terminal,0.5308556584257114,28,0.2325587034434548,"terminal: вход 25,000 KZT/1 перев., выход 0 KZT/0 перев.; seeds=1; confidence=0.53."
100000003622955100,peripheral,0.4023156852933736,12,0.3089036904231116,"peripheral: вход 15,000 KZT/1 перев., выход 0 KZT/0 перев.; seeds=11; confidence=0.40. Граница наблюдения."
100000003626268100,peripheral,0.4023156852933736,9,0.1674250899189122,"peripheral: вход 5,000 KZT/1 перев., выход 0 KZT/0 перев.; seeds=7; confidence=0.40. Граница наблюдения."
100000003631015100,peripheral,0.4023156852933736,66,0.20615944713457676,"peripheral: вход 266,000 KZT/1 перев., выход 0 KZT/0 перев.; seeds=7; confidence=0.40. Граница наблюдения."
100000003632533100,peripheral,0.4023156852933736,11,0.16575393742793768,"peripheral: вход 10,000 KZT/1 перев., выход 0 KZT/0 перев.; seeds=7; confidence=0.40. Граница наблюдения."
100000003635170100,transit,0.6243739943623866,54,0.6606697718096581,"transit: вход 268,500 KZT/13 перев., выход 253,500 KZT/10 перев.; seeds=8; confidence=0.62."
100000003635660100,terminal,0.5293979519155644,1,0.24736564719788676,"terminal: вход 18,985 KZT/1 перев., выход 0 KZT/0 перев.; seeds=7; confidence=0.53."
100000003636627100,peripheral,0.635773877352347,42,0.37458992685586656,"peripheral: вход 77,000 KZT/8 перев., выход 10,000 KZT/1 перев.; seeds=7; confidence=0.64."
100000003646145100,peripheral,0.4023156852933736,43,0.25552273264983494,"peripheral: вход 5,000 KZT/1 перев., выход 0 KZT/0 перев.; seeds=8; confidence=0.40. Граница наблюдения."
100000003647799100,terminal,0.5410889707127086,11,0.2866162238041689,"terminal: вход 100,000 KZT/1 перев., выход 0 KZT/0 перев.; seeds=7; confidence=0.54."
100000003650146100,terminal,0.5274113159633134,17,0.2545690663406258,"terminal: вход 14,400 KZT/1 перев., выход 0 KZT/0 перев.; seeds=7; confidence=0.53."
100000003664994100,peripheral,0.4138522778816462,67,0.25039957022983983,"peripheral: вход 338,271 KZT/2 перев., выход 0 KZT/0 перев.; seeds=7; confidence=0.41. Граница наблюдения."
100000003671721100,terminal,0.5234105950034718,19,0.3965036833971038,"terminal: вход 5,000 KZT/1 перев., выход 0 KZT/0 перев.; seeds=9; confidence=0.52."
100000003677936100,peripheral,0.5396285310170563,2,0.3673037575979902,"peripheral: вход 71,000 KZT/1 перев., выход 13,000 KZT/2 перев.; seeds=7; confidence=0.54."
100000003684369100,consolidator,0.436930217985118,3,0.5832392800755454,"consolidator: вход 3,848,436 KZT/58 перев., выход 8,588,655 KZT/67 перев.; seeds=9; confidence=0.44. Вход seed неполон."
100000003692843100,peripheral,0.4138522778816462,55,0.2616669947109175,"peripheral: вход 510,000 KZT/2 перев., выход 0 KZT/0 перев.; seeds=7; confidence=0.41. Граница наблюдения."
100000003696422100,peripheral,0.4138522778816462,37,0.25580352332461065,"peripheral: вход 118,000 KZT/2 перев., выход 0 KZT/0 перев.; seeds=7; confidence=0.41. Граница наблюдения."
100000003701161100,distributor,0.8081384926483719,30,0.6619630482588255,"distributor: вход 1,527,103 KZT/13 перев., выход 349,000 KZT/7 перев.; seeds=7; confidence=0.81."
100000003711830100,terminal,0.536980802523397,9,0.2839097767971661,"terminal: вход 50,000 KZT/1 перев., выход 0 KZT/0 перев.; seeds=7; confidence=0.54."
100000003713616100,terminal,0.5271214436863271,17,0.24799519051272956,"terminal: вход 15,893 KZT/1 перев., выход 0 KZT/0 перев.; seeds=7; confidence=0.53."
100000003718221100,transit,0.6199811633256892,30,0.551842132429519,"transit: вход 350,000 KZT/6 перев., выход 423,500 KZT/8 перев.; seeds=7; confidence=0.62."
100000003718715100,peripheral,0.4220376205867471,13,0.2819740565355478,"peripheral: вход 915,000 KZT/3 перев., выход 0 KZT/0 перев.; seeds=7; confidence=0.42. Граница наблюдения."
100000003724440100,terminal,0.5580106932714036,3,0.38297157709144836,"terminal: вход 50,000 KZT/2 перев., выход 0 KZT/0 перев.; seeds=7; confidence=0.56."
100000003736419100,peripheral,0.36429451631770443,1,0.3104046502430217,"peripheral: вход 23,300 KZT/1 перев., выход 10,000 KZT/1 перев.; seeds=7; confidence=0.36."
100000003739818100,terminal,0.5369880699140788,3,0.4247975471935507,"terminal: вход 57,293 KZT/1 перев., выход 0 KZT/0 перев.; seeds=10; confidence=0.54."
100000003741418100,distributor,0.7914355519432476,11,0.6188858095735673,"distributor: вход 151,900 KZT/13 перев., выход 39,920 KZT/3 перев.; seeds=7; confidence=0.79."
100000003747133100,consolidator,0.5245051240254768,58,0.5172703488228939,"consolidator: вход 237,068 KZT/8 перев., выход 250,000 KZT/2 перев.; seeds=7; confidence=0.52."
100000003760160100,terminal,0.5414891554709395,11,0.28891583239288277,"terminal: вход 104,470 KZT/1 перев., выход 0 KZT/0 перев.; seeds=7; confidence=0.54."
100000003770083100,peripheral,0.1812375,68,0.05807830295966453,"peripheral: вход 0 KZT/0 перев., выход 0 KZT/0 перев.; seeds=0; confidence=0.18. Вход seed неполон."
100000003781406100,terminal,0.5583330550107428,8,0.48421693040203656,"terminal: вход 45,000 KZT/2 перев., выход 0 KZT/0 перев.; seeds=9; confidence=0.56."
100000003782913100,peripheral,0.4023156852933736,41,0.1912530386764393,"peripheral: вход 200,000 KZT/1 перев., выход 0 KZT/0 перев.; seeds=7; confidence=0.40. Граница наблюдения."
100000003786516100,peripheral,0.4023156852933736,1,0.13148105668505908,"peripheral: вход 5,000 KZT/1 перев., выход 0 KZT/0 перев.; seeds=7; confidence=0.40. Граница наблюдения."
100000003792647100,peripheral,0.4023156852933736,11,0.15953757286890266,"peripheral: вход 8,000 KZT/1 перев., выход 0 KZT/0 перев.; seeds=7; confidence=0.40. Граница наблюдения."
100000003795588100,terminal,0.570384130619613,1,0.3937430753677707,"terminal: вход 400,000 KZT/2 перев., выход 0 KZT/0 перев.; seeds=7; confidence=0.57."
100000003796063100,distributor,0.736667048345414,11,0.6478049939771768,"distributor: вход 35,000 KZT/1 перев., выход 959,150 KZT/23 перев.; seeds=7; confidence=0.74."
100000003798151100,terminal,0.5820535678349102,17,0.4298085259049792,"terminal: вход 350,000 KZT/3 перев., выход 0 KZT/0 перев.; seeds=7; confidence=0.58."
100000003809101100,consolidator,0.6739488768474209,12,0.6408832081190798,"consolidator: вход 166,050 KZT/3 перев., выход 55,200 KZT/4 перев.; seeds=8; confidence=0.67."
100000003814002100,terminal,0.5334634504757427,11,0.249178218515373,"terminal: вход 30,000 KZT/1 перев., выход 0 KZT/0 перев.; seeds=7; confidence=0.53."
100000003819173100,peripheral,0.4023156852933736,9,0.18292843896941544,"peripheral: вход 143,777 KZT/1 перев., выход 0 KZT/0 перев.; seeds=7; confidence=0.40. Граница наблюдения."
100000003823811100,distributor,0.6304415410660806,50,0.5138618749391783,"distributor: вход 30,000 KZT/1 перев., выход 66,130 KZT/3 перев.; seeds=7; confidence=0.63."
100000003824464100,terminal,0.5445675443996708,30,0.3353033562228327,"terminal: вход 200,000 KZT/1 перев., выход 0 KZT/0 перев.; seeds=7; confidence=0.54."
100000003831201100,terminal,0.5694164384126364,1,0.3726989511847908,"terminal: вход 40,500 KZT/3 перев., выход 0 KZT/0 перев.; seeds=7; confidence=0.57."
100000003831324100,terminal,0.5685480337546989,2,0.5290542795449633,"terminal: вход 300,000 KZT/2 перев., выход 0 KZT/0 перев.; seeds=9; confidence=0.57."
100000003832231100,terminal,0.5330709480980481,3,0.4013598698601134,"terminal: вход 35,000 KZT/1 перев., выход 0 KZT/0 перев.; seeds=10; confidence=0.53."
100000003834495100,consolidator,0.656538765684862,1,0.5329005670617273,"consolidator: вход 602,441 KZT/5 перев., выход 20,000 KZT/1 перев.; seeds=7; confidence=0.66."
100000003835149100,distributor,0.7766672212685876,22,0.4225167566264755,"distributor: вход 248,500 KZT/1 перев., выход 4,600,440 KZT/13 перев.; seeds=1; confidence=0.78."
100000003838587100,peripheral,0.4023156852933736,41,0.17679923737463019,"peripheral: вход 6,000 KZT/1 перев., выход 0 KZT/0 перев.; seeds=7; confidence=0.40. Граница наблюдения."
100000003843844100,peripheral,0.5467209902366807,13,0.37286343311201703,"peripheral: вход 16,680 KZT/1 перев., выход 238,000 KZT/1 перев.; seeds=7; confidence=0.55."
100000003854444100,distributor,0.8102114049086514,44,0.6353028318686579,"distributor: вход 210,000 KZT/4 перев., выход 2,322,909 KZT/14 перев.; seeds=7; confidence=0.81."
100000003865939100,terminal,0.5391344383616055,69,0.2718343338898494,"terminal: вход 81,465 KZT/1 перев., выход 0 KZT/0 перев.; seeds=1; confidence=0.54."
100000003873332100,distributor,0.6664468046630624,44,0.5291276588283413,"distributor: вход 23,468 KZT/1 перев., выход 286,000 KZT/8 перев.; seeds=7; confidence=0.67."
100000003877908100,terminal,0.5340081426312049,3,0.40687064448140947,"terminal: вход 40,000 KZT/1 перев., выход 0 KZT/0 перев.; seeds=10; confidence=0.53."
100000003880331100,distributor,0.8192527517598871,9,0.6361815764645993,"distributor: вход 100,000 KZT/1 перев., выход 3,904,908 KZT/31 перев.; seeds=7; confidence=0.82."
100000003886323100,consolidator,0.6285851818768443,17,0.4966630173295497,"consolidator: вход 78,168 KZT/6 перев., выход 7,650 KZT/1 перев.; seeds=7; confidence=0.63."
100000003888197100,terminal,0.5398825599161219,11,0.27973871062843786,"terminal: вход 83,167 KZT/1 перев., выход 0 KZT/0 перев.; seeds=7; confidence=0.54."
100000003888271100,distributor,0.6036016947846117,24,0.3470836431705814,"distributor: вход 12,177 KZT/2 перев., выход 25,590 KZT/3 перев.; seeds=1; confidence=0.60."
100000003888527100,terminal,0.5334634504757427,67,0.29761958892511214,"terminal: вход 30,000 KZT/1 перев., выход 0 KZT/0 перев.; seeds=7; confidence=0.53."
100000003896956100,transit,0.5695675424031283,17,0.4049954111800861,"transit: вход 10,000 KZT/1 перев., выход 27,000 KZT/2 перев.; seeds=7; confidence=0.57."
100000003899325100,terminal,0.5371863010147865,9,0.28694909046949335,"terminal: вход 50,120 KZT/1 перев., выход 0 KZT/0 перев.; seeds=7; confidence=0.54."
100000003899899100,consolidator,0.6335644257527964,17,0.5042266054739303,"consolidator: вход 218,500 KZT/5 перев., выход 10,000 KZT/1 перев.; seeds=7; confidence=0.63."
100000003900547100,terminal,0.5301714092140372,17,0.25907808598158466,"terminal: вход 23,700 KZT/1 перев., выход 0 KZT/0 перев.; seeds=7; confidence=0.53."
100000003904497100,peripheral,0.4023156852933736,5,0.25392398621828804,"peripheral: вход 10,000 KZT/1 перев., выход 0 KZT/0 перев.; seeds=9; confidence=0.40. Граница наблюдения."
100000003917461100,distributor,0.6215790338970203,8,0.613614013303567,"distributor: вход 10,000 KZT/1 перев., выход 140,000 KZT/5 перев.; seeds=9; confidence=0.62."
100000003920950100,terminal,0.5471726410795428,2,0.356164424705074,"terminal: вход 323,290 KZT/1 перев., выход 0 KZT/0 перев.; seeds=7; confidence=0.55."
100000003922499100,terminal,0.5360414913886424,8,0.24781381044430154,"terminal: вход 50,000 KZT/1 перев., выход 0 KZT/0 перев.; seeds=1; confidence=0.54."
100000003923946100,distributor,0.6838631639464705,42,0.4487306926515775,"distributor: вход 282,000 KZT/3 перев., выход 675,000 KZT/4 перев.; seeds=2; confidence=0.68."
100000003927792100,terminal,0.5264784095346374,4,0.23122869069207258,"terminal: вход 13,067 KZT/1 перев., выход 0 KZT/0 перев.; seeds=7; confidence=0.53."
100000003934614100,consolidator,0.5175720249723221,63,0.36482677922958284,"consolidator: вход 17,000 KZT/2 перев., выход 11,500 KZT/2 перев.; seeds=7; confidence=0.52."
100000003942602100,transit,0.5858955204025356,23,0.2859519424021397,"transit: вход 30,000 KZT/1 перев., выход 30,000 KZT/1 перев.; seeds=1; confidence=0.59."
100000003943247100,terminal,0.5352428501294266,1,0.2593346997061498,"terminal: вход 40,000 KZT/1 перев., выход 0 KZT/0 перев.; seeds=7; confidence=0.54."
100000003943483100,terminal,0.5252049341684587,8,0.3504883628338395,"terminal: вход 10,000 KZT/1 перев., выход 0 KZT/0 перев.; seeds=8; confidence=0.53."
100000003946524100,consolidator,0.6697850164021576,3,0.6458922817974941,"consolidator: вход 133,757 KZT/2 перев., выход 144,750 KZT/2 перев.; seeds=10; confidence=0.67."
100000003950749100,peripheral,0.4023156852933736,17,0.15871828616424613,"peripheral: вход 7,000 KZT/1 перев., выход 0 KZT/0 перев.; seeds=7; confidence=0.40. Граница наблюдения."
100000003951827100,distributor,0.5945169691375424,1,0.431482897111179,"distributor: вход 9,000 KZT/1 перев., выход 17,000 KZT/2 перев.; seeds=7; confidence=0.59."
100000003962994100,terminal,0.5257777217627762,20,0.2768153993939908,"terminal: вход 10,000 KZT/1 перев., выход 0 KZT/0 перев.; seeds=7; confidence=0.53."
100000003964910100,terminal,0.5726835196019829,29,0.44276386600350115,"terminal: вход 1,000,000 KZT/2 перев., выход 0 KZT/0 перев.; seeds=7; confidence=0.57."
100000003968044100,distributor,0.6536812875447198,9,0.5298983760701015,"distributor: вход 40,000 KZT/1 перев., выход 311,000 KZT/4 перев.; seeds=7; confidence=0.65."
100000003970394100,terminal,0.5393737233502952,8,0.23903995218246196,"terminal: вход 85,000 KZT/1 перев., выход 0 KZT/0 перев.; seeds=1; confidence=0.54."
100000003971049100,terminal,0.6015166615113463,1,0.3683491865364799,"terminal: вход 55,900 KZT/7 перев., выход 0 KZT/0 перев.; seeds=7; confidence=0.60."
100000003975102100,distributor,0.5795971467527785,17,0.45165902585530965,"distributor: вход 25,650 KZT/1 перев., выход 88,500 KZT/2 перев.; seeds=7; confidence=0.58. Вход seed неполон."
100000003977183100,distributor,0.6762658023483175,42,0.3625084586794141,"distributor: вход 123,800 KZT/2 перев., выход 766,000 KZT/6 перев.; seeds=1; confidence=0.68. Вход seed неполон."
100000003980083100,terminal,0.5320332715704275,62,0.24070238054568358,"terminal: вход 30,000 KZT/1 перев., выход 0 KZT/0 перев.; seeds=1; confidence=0.53."
100000003985389100,peripheral,0.45,9,0.2892840375067246,"peripheral: вход 422,698 KZT/16 перев., выход 0 KZT/0 перев.; seeds=7; confidence=0.45. Граница наблюдения."
100000003986141100,terminal,0.5238557345514224,29,0.2157133944332957,"terminal: вход 5,286 KZT/1 перев., выход 0 KZT/0 перев.; seeds=7; confidence=0.52."
100000003988112100,transit,0.5524399920189861,50,0.3874827493335418,"transit: вход 92,000 KZT/2 перев., выход 64,000 KZT/5 перев.; seeds=7; confidence=0.55."
100000003989033100,peripheral,0.45,25,0.228721463355731,"peripheral: вход 373,400 KZT/13 перев., выход 0 KZT/0 перев.; seeds=1; confidence=0.45. Граница наблюдения."
100000003996562100,terminal,0.5246707134569683,1,0.259321247318066,"terminal: вход 7,700 KZT/1 перев., выход 0 KZT/0 перев.; seeds=7; confidence=0.52."
100000004004621100,terminal,0.5737354024144722,13,0.5269509388474841,"terminal: вход 75,389 KZT/3 перев., выход 0 KZT/0 перев.; seeds=10; confidence=0.57."
100000004005964100,distributor,0.6797574967733191,35,0.3665316461713639,"distributor: вход 97,900 KZT/9 перев., выход 72,000 KZT/5 перев.; seeds=1; confidence=0.68."
100000004006327100,peripheral,0.4220376205867471,5,0.34206251360040224,"peripheral: вход 300,000 KZT/3 перев., выход 0 KZT/0 перев.; seeds=8; confidence=0.42. Граница наблюдения."
100000004007116100,distributor,0.6826008690326686,35,0.34803794196759663,"distributor: вход 764,704 KZT/24 перев., выход 148,000 KZT/6 перев.; seeds=0; confidence=0.68. Вход seed неполон."
100000004007197100,terminal,0.5262162966603341,35,0.14814556933060938,"terminal: вход 10,048 KZT/1 перев., выход 0 KZT/0 перев.; seeds=1; confidence=0.53."
100000004013952100,peripheral,0.4023156852933736,1,0.17076000020869228,"peripheral: вход 5,500 KZT/1 перев., выход 0 KZT/0 перев.; seeds=7; confidence=0.40. Граница наблюдения."
100000004015047100,consolidator,0.7693294472927279,42,0.7871360017866473,"consolidator: вход 919,104 KZT/18 перев., выход 69,195 KZT/7 перев.; seeds=11; confidence=0.77."
100000004017410100,distributor,0.7122708772669744,63,0.5906681610990476,"distributor: вход 193,650 KZT/6 перев., выход 1,330,915 KZT/11 перев.; seeds=7; confidence=0.71."
100000004019056100,peripheral,0.4023156852933736,13,0.20204043637663302,"peripheral: вход 50,000 KZT/1 перев., выход 0 KZT/0 перев.; seeds=7; confidence=0.40. Граница наблюдения."
100000004019124100,terminal,0.323575964706244,17,0.44429133909353463,"terminal: вход 193,000 KZT/3 перев., выход 0 KZT/0 перев.; seeds=11; confidence=0.32. Вход seed неполон."
100000004021459100,peripheral,0.1812375,70,0.05807830295966453,"peripheral: вход 0 KZT/0 перев., выход 0 KZT/0 перев.; seeds=0; confidence=0.18. Вход seed неполон."
100000004030553100,peripheral,0.4023156852933736,36,0.149751967959351,"peripheral: вход 70,000 KZT/1 перев., выход 0 KZT/0 перев.; seeds=1; confidence=0.40. Граница наблюдения."
100000004035925100,peripheral,0.4138522778816462,71,0.26418397769103213,"peripheral: вход 1,111,588 KZT/2 перев., выход 0 KZT/0 перев.; seeds=7; confidence=0.41. Граница наблюдения."
100000004041163100,distributor,0.6061811036947553,50,0.5891326549870655,"distributor: вход 50,000 KZT/1 перев., выход 866,000 KZT/6 перев.; seeds=14; confidence=0.61. Вход seed неполон."
100000004041294100,peripheral,0.4138522778816462,14,0.18647604706162124,"peripheral: вход 17,800 KZT/2 перев., выход 0 KZT/0 перев.; seeds=7; confidence=0.41. Граница наблюдения."
100000004047887100,peripheral,0.4023156852933736,31,0.14467838423688503,"peripheral: вход 30,000 KZT/1 перев., выход 0 KZT/0 перев.; seeds=7; confidence=0.40. Граница наблюдения."
100000004049912100,peripheral,0.4023156852933736,44,0.15264162507920315,"peripheral: вход 10,000 KZT/1 перев., выход 0 KZT/0 перев.; seeds=7; confidence=0.40. Граница наблюдения."
100000004058740100,terminal,0.5320332715704275,23,0.19263592828230117,"terminal: вход 30,000 KZT/1 перев., выход 0 KZT/0 перев.; seeds=1; confidence=0.53."
100000004064431100,peripheral,0.5457614629089906,35,0.19754205072449335,"peripheral: вход 26,000 KZT/1 перев., выход 10,000 KZT/1 перев.; seeds=1; confidence=0.55."
100000004066370100,peripheral,0.4138522778816462,27,0.18238720597149255,"peripheral: вход 65,000 KZT/2 перев., выход 0 KZT/0 перев.; seeds=1; confidence=0.41. Граница наблюдения."
100000004066647100,terminal,0.5373307871547243,44,0.283194663261841,"terminal: вход 51,000 KZT/1 перев., выход 0 KZT/0 перев.; seeds=7; confidence=0.54."
100000004070318100,distributor,0.7300134323194832,1,0.6107075905022803,"distributor: вход 207,247 KZT/6 перев., выход 551,860 KZT/37 перев.; seeds=7; confidence=0.73."
100000004070530100,peripheral,0.4023156852933736,31,0.13547471126317284,"peripheral: вход 20,000 KZT/1 перев., выход 0 KZT/0 перев.; seeds=7; confidence=0.40. Граница наблюдения."
100000004071070100,consolidator,0.592396978952855,1,0.40265679537011556,"consolidator: вход 41,000 KZT/5 перев., выход 6,000 KZT/1 перев.; seeds=7; confidence=0.59."
100000004071080100,distributor,0.6016113041050594,1,0.5650020877005024,"distributor: вход 238,600 KZT/16 перев., выход 46,500 KZT/5 перев.; seeds=7; confidence=0.60."
100000004071444100,peripheral,0.50554983837484,1,0.36496220260528245,"peripheral: вход 247,350 KZT/1 перев., выход 100,000 KZT/1 перев.; seeds=7; confidence=0.51."
100000004076740100,distributor,0.5294859524506966,63,0.5381359995210105,"distributor: вход 93,250 KZT/5 перев., выход 125,000 KZT/10 перев.; seeds=7; confidence=0.53."
100000004077081100,distributor,0.6865685093048562,3,0.5395981249273801,"distributor: вход 140,000 KZT/1 перев., выход 615,000 KZT/6 перев.; seeds=7; confidence=0.69."
100000004094958100,transit,0.5857251147894424,72,0.3237865988969009,"transit: вход 39,000 KZT/1 перев., выход 40,000 KZT/1 перев.; seeds=1; confidence=0.59."
100000004096559100,terminal,0.5361118263264117,2,0.2711137622537703,"terminal: вход 46,200 KZT/1 перев., выход 0 KZT/0 перев.; seeds=1; confidence=0.54."
100000004097972100,distributor,0.5852751390187673,1,0.44969473252239245,"distributor: вход 118,878 KZT/1 перев., выход 10,000 KZT/2 перев.; seeds=7; confidence=0.59."
100000004099450100,terminal,0.5337967982762789,1,0.27453011329785193,"terminal: вход 31,000 KZT/1 перев., выход 0 KZT/0 перев.; seeds=7; confidence=0.53."
100000004105288100,terminal,0.5669046079049459,3,0.5680435218759281,"terminal: вход 215,000 KZT/2 перев., выход 0 KZT/0 перев.; seeds=11; confidence=0.57."
100000004107228100,peripheral,0.4023156852933736,3,0.12413330805364431,"peripheral: вход 5,000 KZT/1 перев., выход 0 KZT/0 перев.; seeds=7; confidence=0.40. Граница наблюдения."
100000004114962100,terminal,0.5661971866255905,11,0.4544931670885235,"terminal: вход 165,000 KZT/2 перев., выход 0 KZT/0 перев.; seeds=7; confidence=0.57."
100000004130144100,terminal,0.5445077041051021,2,0.2586536629654956,"terminal: вход 200,000 KZT/1 перев., выход 0 KZT/0 перев.; seeds=1; confidence=0.54."
100000004134060100,terminal,0.5397607369891756,36,0.40613353344597064,"terminal: вход 88,179 KZT/1 перев., выход 0 KZT/0 перев.; seeds=8; confidence=0.54."
100000004135268100,distributor,0.7672251230752736,59,0.4355794899911068,"distributor: вход 1,239,000 KZT/3 перев., выход 1,000,200 KZT/4 перев.; seeds=1; confidence=0.77."
100000004140487100,distributor,0.8250805904171525,3,0.5985105795491524,"distributor: вход 24,510 KZT/1 перев., выход 262,600 KZT/19 перев.; seeds=7; confidence=0.83."
100000004140994100,terminal,0.529356504655851,23,0.1591405290922513,"terminal: вход 18,650 KZT/1 перев., выход 0 KZT/0 перев.; seeds=1; confidence=0.53."
100000004144536100,terminal,0.6021376656403546,35,0.3706238664969174,"terminal: вход 168,000 KZT/6 перев., выход 0 KZT/0 перев.; seeds=1; confidence=0.60."
100000004150593100,distributor,0.816735761484773,17,0.6084180482239078,"distributor: вход 57,000 KZT/2 перев., выход 871,165 KZT/16 перев.; seeds=7; confidence=0.82."
100000004156082100,distributor,0.8289485617907867,4,0.6809362633873969,"distributor: вход 377,366 KZT/7 перев., выход 2,319,556 KZT/29 перев.; seeds=7; confidence=0.83."
100000004158362100,terminal,0.5260743469677369,1,0.2332393466024574,"terminal: вход 12,000 KZT/1 перев., выход 0 KZT/0 перев.; seeds=7; confidence=0.53."
100000004159526100,consolidator,0.7321097020519047,41,0.6953654606637731,"consolidator: вход 275,037 KZT/4 перев., выход 68,000 KZT/6 перев.; seeds=8; confidence=0.73."
100000004160650100,distributor,0.8101883386373443,35,0.41978156337021166,"distributor: вход 75,100 KZT/4 перев., выход 1,489,827 KZT/40 перев.; seeds=1; confidence=0.81."
100000004167082100,peripheral,0.4023156852933736,13,0.16249204279128915,"peripheral: вход 13,300 KZT/1 перев., выход 0 KZT/0 перев.; seeds=7; confidence=0.40. Граница наблюдения."
100000004174835100,peripheral,0.1812375,73,0.05807830295966453,"peripheral: вход 0 KZT/0 перев., выход 0 KZT/0 перев.; seeds=0; confidence=0.18. Вход seed неполон."
100000004177936100,peripheral,0.4023156852933736,9,0.15473530004327896,"peripheral: вход 10,000 KZT/1 перев., выход 0 KZT/0 перев.; seeds=7; confidence=0.40. Граница наблюдения."
100000004180097100,distributor,0.523560651548998,1,0.5271048118673031,"distributor: вход 104,854 KZT/5 перев., выход 47,800 KZT/7 перев.; seeds=7; confidence=0.52."
100000004183610100,peripheral,0.3856522198808556,13,0.37587017070087236,"peripheral: вход 22,000 KZT/1 перев., выход 915,000 KZT/3 перев.; seeds=7; confidence=0.39."
100000004184158100,terminal,0.5450818077089489,1,0.32763588880742056,"terminal: вход 203,805 KZT/1 перев., выход 0 KZT/0 перев.; seeds=7; confidence=0.55."
100000004185681100,terminal,0.5257777217627762,3,0.2801417627424265,"terminal: вход 10,000 KZT/1 перев., выход 0 KZT/0 перев.; seeds=7; confidence=0.53."
100000004186824100,consolidator,0.6322214601935818,17,0.4413244356705101,"consolidator: вход 451,700 KZT/7 перев., выход 7,000 KZT/1 перев.; seeds=7; confidence=0.63."
100000004188160100,distributor,0.672108792750096,17,0.5443267556459684,"distributor: вход 87,862 KZT/5 перев., выход 133,846 KZT/6 перев.; seeds=7; confidence=0.67."
100000004192107100,terminal,0.5308556584257114,3,0.35671110038523746,"terminal: вход 25,000 KZT/1 перев., выход 0 KZT/0 перев.; seeds=8; confidence=0.53."
100000004192865100,terminal,0.5382006981093531,28,0.26276668794852787,"terminal: вход 66,666 KZT/1 перев., выход 0 KZT/0 перев.; seeds=1; confidence=0.54."
100000004193835100,peripheral,0.45631244665132165,17,0.37121932630433874,"peripheral: вход 47,000 KZT/1 перев., выход 5,000 KZT/1 перев.; seeds=7; confidence=0.46. Вход seed неполон."
100000004200745100,peripheral,0.4283866656432347,8,0.35402639506003897,"peripheral: вход 130,000 KZT/4 перев., выход 0 KZT/0 перев.; seeds=9; confidence=0.43. Граница наблюдения."
100000004206046100,terminal,0.5253005974945896,17,0.24330816696479615,"terminal: вход 11,075 KZT/1 перев., выход 0 KZT/0 перев.; seeds=7; confidence=0.53."
100000004209339100,distributor,0.7756976690302545,54,0.6693216228145176,"distributor: вход 138,500 KZT/6 перев., выход 238,500 KZT/11 перев.; seeds=8; confidence=0.78."
100000004213658100,terminal,0.5308624927428187,23,0.1865102064993787,"terminal: вход 25,347 KZT/1 перев., выход 0 KZT/0 перев.; seeds=1; confidence=0.53."
100000004217419100,consolidator,0.6907402152090559,9,0.5352181792895168,"consolidator: вход 118,200 KZT/3 перев., выход 7,700 KZT/1 перев.; seeds=7; confidence=0.69."
100000004218576100,terminal,0.5311466584342288,23,0.18807323782359375,"terminal: вход 26,144 KZT/1 перев., выход 0 KZT/0 перев.; seeds=1; confidence=0.53."
100000004221668100,distributor,0.5374230643335839,42,0.43631320919364314,"distributor: вход 1,128,300 KZT/8 перев., выход 731,440 KZT/10 перев.; seeds=1; confidence=0.54."
100000004222274100,peripheral,0.4023156852933736,1,0.18073765521770813,"peripheral: вход 15,500 KZT/1 перев., выход 0 KZT/0 перев.; seeds=7; confidence=0.40. Граница наблюдения."
100000004225615100,terminal,0.561880117997213,5,0.26217353323016873,"terminal: вход 90,000 KZT/2 перев., выход 0 KZT/0 перев.; seeds=1; confidence=0.56."
100000004226848100,terminal,0.546598767608882,3,0.486006854246703,"terminal: вход 301,866 KZT/1 перев., выход 0 KZT/0 перев.; seeds=10; confidence=0.55."
100000004232712100,peripheral,0.4023156852933736,11,0.17156226651250034,"peripheral: вход 12,500 KZT/1 перев., выход 0 KZT/0 перев.; seeds=7; confidence=0.40. Граница наблюдения."
100000004235471100,peripheral,0.4023156852933736,11,0.2039973310231239,"peripheral: вход 180,000 KZT/1 перев., выход 0 KZT/0 перев.; seeds=7; confidence=0.40. Граница наблюдения."
100000004241142100,peripheral,0.4023156852933736,1,0.18700136257116015,"peripheral: вход 27,102 KZT/1 перев., выход 0 KZT/0 перев.; seeds=7; confidence=0.40. Граница наблюдения."
100000004254434100,terminal,0.556605225498255,23,0.25065753859585316,"terminal: вход 44,445 KZT/2 перев., выход 0 KZT/0 перев.; seeds=1; confidence=0.56."
100000004257714100,terminal,0.5374916204909238,23,0.20547593955886917,"terminal: вход 52,220 KZT/1 перев., выход 0 KZT/0 перев.; seeds=1; confidence=0.54."
100000004260869100,peripheral,0.4023156852933736,17,0.1969674015437981,"peripheral: вход 10,000 KZT/1 перев., выход 0 KZT/0 перев.; seeds=7; confidence=0.40. Граница наблюдения."
100000004261340100,peripheral,0.4283866656432347,1,0.23209249720814842,"peripheral: вход 48,500 KZT/4 перев., выход 0 KZT/0 перев.; seeds=7; confidence=0.43. Граница наблюдения."
100000004263867100,peripheral,0.4023156852933736,48,0.0763875510653828,"peripheral: вход 9,000 KZT/1 перев., выход 0 KZT/0 перев.; seeds=1; confidence=0.40. Граница наблюдения."
100000004265639100,peripheral,0.4023156852933736,9,0.17822436661191166,"peripheral: вход 10,000 KZT/1 перев., выход 0 KZT/0 перев.; seeds=7; confidence=0.40. Граница наблюдения."
100000004268036100,peripheral,0.4023156852933736,48,0.07019291728795504,"peripheral: вход 5,500 KZT/1 перев., выход 0 KZT/0 перев.; seeds=1; confidence=0.40. Граница наблюдения."
100000004269433100,peripheral,0.46982812500000004,4,0.1967816513598955,"peripheral: вход 0 KZT/0 перев., выход 1,372,000 KZT/67 перев.; seeds=0; confidence=0.47. Вход seed неполон."
100000004272302100,peripheral,0.4023156852933736,58,0.12812052686537612,"peripheral: вход 10,000 KZT/1 перев., выход 0 KZT/0 перев.; seeds=7; confidence=0.40. Граница наблюдения."
100000004278574100,peripheral,0.4984961983130724,11,0.3154346127167138,"peripheral: вход 25,000 KZT/1 перев., выход 12,500 KZT/1 перев.; seeds=7; confidence=0.50."
100000004285800100,peripheral,0.6163796115378373,1,0.4466932102724932,"peripheral: вход 5,000 KZT/1 перев., выход 15,000 KZT/1 перев.; seeds=10; confidence=0.62."
100000004286573100,terminal,0.5273642528133585,8,0.16718593169765225,"terminal: вход 16,590 KZT/1 перев., выход 0 KZT/0 перев.; seeds=1; confidence=0.53."
100000004291560100,terminal,0.5364067839876208,1,0.2637661868157471,"terminal: вход 47,190 KZT/1 перев., выход 0 KZT/0 перев.; seeds=7; confidence=0.54."
100000004291663100,peripheral,0.4023156852933736,1,0.1598393901153474,"peripheral: вход 25,000 KZT/1 перев., выход 0 KZT/0 перев.; seeds=7; confidence=0.40. Граница наблюдения."
100000004292885100,terminal,0.5418429372668027,23,0.23425834893918693,"terminal: вход 112,700 KZT/1 перев., выход 0 KZT/0 перев.; seeds=1; confidence=0.54."
100000004299488100,distributor,0.6077982548784898,1,0.5775053999328984,"distributor: вход 1,749,000 KZT/22 перев., выход 344,999 KZT/14 перев.; seeds=7; confidence=0.61."
100000004315838100,consolidator,0.6374183100625498,3,0.5915708283586443,"consolidator: вход 50,000 KZT/2 перев., выход 18,000 KZT/1 перев.; seeds=10; confidence=0.64."
100000004318918100,terminal,0.5387166077094833,12,0.39775767015468294,"terminal: вход 75,600 KZT/1 перев., выход 0 KZT/0 перев.; seeds=8; confidence=0.54."
100000004321983100,distributor,0.6009246475497552,42,0.3722291200629677,"distributor: вход 10,840 KZT/1 перев., выход 36,200 KZT/3 перев.; seeds=1; confidence=0.60."
100000004325327100,transit,0.7392920786317957,1,0.5132840005696439,"transit: вход 70,817 KZT/3 перев., выход 70,000 KZT/1 перев.; seeds=7; confidence=0.74."
100000004326224100,peripheral,0.4023156852933736,11,0.2035131452676813,"peripheral: вход 60,000 KZT/1 перев., выход 0 KZT/0 перев.; seeds=7; confidence=0.40. Граница наблюдения."
100000004330371100,distributor,0.7826768413613102,17,0.5901148740250111,"distributor: вход 264,171 KZT/12 перев., выход 90,681 KZT/6 перев.; seeds=7; confidence=0.78."
100000004331458100,terminal,0.567738695504714,72,0.34683425353026903,"terminal: вход 250,000 KZT/2 перев., выход 0 KZT/0 перев.; seeds=1; confidence=0.57."
100000004336228100,terminal,0.55978859977523,9,0.3308324414836089,"terminal: вход 51,407 KZT/2 перев., выход 0 KZT/0 перев.; seeds=7; confidence=0.56."
100000004336312100,consolidator,0.5663764042839279,63,0.4933205919106144,"consolidator: вход 90,415 KZT/7 перев., выход 72,650 KZT/3 перев.; seeds=7; confidence=0.57."
100000004340038100,peripheral,0.5539880110295907,13,0.3513239858657454,"peripheral: вход 9,978 KZT/1 перев., выход 49,000 KZT/1 перев.; seeds=7; confidence=0.55."
100000004350094100,peripheral,0.4023156852933736,44,0.20858224312935897,"peripheral: вход 20,000 KZT/1 перев., выход 0 KZT/0 перев.; seeds=7; confidence=0.40. Граница наблюдения."
100000004351795100,distributor,0.723429074750439,1,0.6078850324115244,"distributor: вход 118,333 KZT/3 перев., выход 1,715,161 KZT/37 перев.; seeds=7; confidence=0.72."
100000004356593100,peripheral,0.5412261380968211,3,0.33434303818011574,"peripheral: вход 50,000 KZT/1 перев., выход 10,000 KZT/1 перев.; seeds=7; confidence=0.54."
100000004358004100,distributor,0.7070373756435526,3,0.3110013698853879,"distributor: вход 0 KZT/0 перев., выход 980,850 KZT/17 перев.; seeds=0; confidence=0.71. Вход seed неполон."
100000004360785100,terminal,0.5401382210882558,17,0.3244542478374387,"terminal: вход 94,705 KZT/1 перев., выход 0 KZT/0 перев.; seeds=7; confidence=0.54."
100000004368189100,distributor,0.5886267742827699,25,0.3973375466499572,"distributor: вход 384,600 KZT/1 перев., выход 28,200 KZT/2 перев.; seeds=2; confidence=0.59."
100000004377043100,peripheral,0.4023156852933736,16,0.1546999495653926,"peripheral: вход 5,700 KZT/1 перев., выход 0 KZT/0 перев.; seeds=7; confidence=0.40. Граница наблюдения."
100000004379306100,peripheral,0.4023156852933736,9,0.1761784233454488,"peripheral: вход 15,000 KZT/1 перев., выход 0 KZT/0 перев.; seeds=7; confidence=0.40. Граница наблюдения."
100000004386258100,consolidator,0.6950103549851786,8,0.6499829344442052,"consolidator: вход 61,700 KZT/3 перев., выход 40,000 KZT/3 перев.; seeds=9; confidence=0.70."
100000004386286100,peripheral,0.4023156852933736,8,0.27856035295661735,"peripheral: вход 12,500 KZT/1 перев., выход 0 KZT/0 перев.; seeds=9; confidence=0.40. Граница наблюдения."
100000004386331100,distributor,0.5926131760320565,8,0.5782053157395491,"distributor: вход 20,000 KZT/1 перев., выход 17,500 KZT/2 перев.; seeds=9; confidence=0.59."
100000004388209100,terminal,0.5254126290515275,23,0.15973361008821343,"terminal: вход 11,800 KZT/1 перев., выход 0 KZT/0 перев.; seeds=1; confidence=0.53."
100000004388353100,terminal,0.5594357773718784,12,0.4803832048063074,"terminal: вход 62,960 KZT/2 перев., выход 0 KZT/0 перев.; seeds=8; confidence=0.56."
100000004388983100,distributor,0.76501809204705,74,0.2875415160733684,"distributor: вход 0 KZT/0 перев., выход 450,816 KZT/23 перев.; seeds=0; confidence=0.77. Вход seed неполон."
100000004390333100,distributor,0.6984804483929395,1,0.5652906260500549,"distributor: вход 64,558 KZT/2 перев., выход 506,500 KZT/14 перев.; seeds=7; confidence=0.70."
100000004394765100,consolidator,0.5265188785065109,17,0.5200085520333851,"consolidator: вход 603,844 KZT/10 перев., выход 82,500 KZT/2 перев.; seeds=7; confidence=0.53."
100000004398811100,distributor,0.6180232305713224,3,0.4247442584619655,"distributor: вход 426,000 KZT/1 перев., выход 1,040,672 KZT/4 перев.; seeds=1; confidence=0.62."
100000004399686100,terminal,0.5724714564602008,22,0.35278971338851783,"terminal: вход 806,000 KZT/2 перев., выход 0 KZT/0 перев.; seeds=1; confidence=0.57."
100000004400305100,distributor,0.7213469490665948,1,0.6103795176920127,"distributor: вход 222,800 KZT/9 перев., выход 5,830,181 KZT/101 перев.; seeds=7; confidence=0.72."
100000004400361100,terminal,0.5252049341684587,17,0.2248758465166153,"terminal: вход 10,000 KZT/1 перев., выход 0 KZT/0 перев.; seeds=7; confidence=0.53."
100000004400480100,peripheral,0.4023156852933736,25,0.15558044256986042,"peripheral: вход 21,700 KZT/1 перев., выход 0 KZT/0 перев.; seeds=2; confidence=0.40. Граница наблюдения."
100000004403548100,peripheral,0.4023156852933736,9,0.15291784619801616,"peripheral: вход 5,000 KZT/1 перев., выход 0 KZT/0 перев.; seeds=7; confidence=0.40. Граница наблюдения."
100000004403641100,peripheral,0.4023156852933736,25,0.27152693483691565,"peripheral: вход 171,500 KZT/1 перев., выход 0 KZT/0 перев.; seeds=8; confidence=0.40. Граница наблюдения."
100000004403675100,distributor,0.7027478394776041,50,0.6130620668623323,"distributor: вход 182,980 KZT/8 перев., выход 264,699 KZT/6 перев.; seeds=7; confidence=0.70."
100000004407753100,peripheral,0.543702918810313,16,0.3616092771505941,"peripheral: вход 250,000 KZT/4 перев., выход 100,000 KZT/1 перев.; seeds=7; confidence=0.54."
100000004408683100,terminal,0.5764316525796606,17,0.40891503095501464,"terminal: вход 112,920 KZT/3 перев., выход 0 KZT/0 перев.; seeds=7; confidence=0.58."
100000004410489100,terminal,0.5369532921977834,3,0.2943436563762374,"terminal: вход 54,000 KZT/1 перев., выход 0 KZT/0 перев.; seeds=7; confidence=0.54."
100000004417753100,terminal,0.5669797607731426,3,0.4433618930313676,"terminal: вход 192,099 KZT/2 перев., выход 0 KZT/0 перев.; seeds=7; confidence=0.57."
100000004418967100,peripheral,0.4023156852933736,5,0.2851740382957637,"peripheral: вход 100,000 KZT/1 перев., выход 0 KZT/0 перев.; seeds=8; confidence=0.40. Граница наблюдения."
100000004420041100,distributor,0.8048664294901321,8,0.6054040739875028,"distributor: вход 69,638 KZT/1 перев., выход 651,830 KZT/11 перев.; seeds=7; confidence=0.80."
100000004424023100,peripheral,0.49402574428107476,25,0.4932675878697617,"peripheral: вход 50,000 KZT/1 перев., выход 100,000 KZT/1 перев.; seeds=9; confidence=0.49."
100000004433250100,peripheral,0.4023156852933736,1,0.1433607175192935,"peripheral: вход 8,000 KZT/1 перев., выход 0 KZT/0 перев.; seeds=7; confidence=0.40. Граница наблюдения."
100000004435304100,terminal,0.5314088819982477,23,0.18236343435771876,"terminal: вход 26,200 KZT/1 перев., выход 0 KZT/0 перев.; seeds=1; confidence=0.53."
100000004441291100,terminal,0.5290856584538399,3,0.4261271499263005,"terminal: вход 20,000 KZT/1 перев., выход 0 KZT/0 перев.; seeds=10; confidence=0.53."
100000004445291100,terminal,0.5519465430190983,14,0.32619320749821823,"terminal: вход 19,500 KZT/2 перев., выход 0 KZT/0 перев.; seeds=7; confidence=0.55."
100000004449824100,peripheral,0.4023156852933736,48,0.0763875510653828,"peripheral: вход 9,000 KZT/1 перев., выход 0 KZT/0 перев.; seeds=1; confidence=0.40. Граница наблюдения."
100000004450649100,consolidator,0.5340687338139845,11,0.46814793745227495,"consolidator: вход 192,528 KZT/2 перев., выход 46,527 KZT/2 перев.; seeds=7; confidence=0.53."
100000004451012100,distributor,0.7432795697361898,44,0.5295358587125405,"distributor: вход 91,245 KZT/1 перев., выход 65,740 KZT/3 перев.; seeds=7; confidence=0.74."
100000004456564100,terminal,0.54717413605122,41,0.3942617477677956,"terminal: вход 10,000 KZT/2 перев., выход 0 KZT/0 перев.; seeds=8; confidence=0.55."
100000004463277100,terminal,0.5335159927712523,28,0.2512080514415281,"terminal: вход 35,000 KZT/1 перев., выход 0 KZT/0 перев.; seeds=1; confidence=0.53."
100000004467157100,peripheral,0.6153131427283236,63,0.3265796863640756,"peripheral: вход 20,000 KZT/3 перев., выход 7,000 KZT/1 перев.; seeds=7; confidence=0.62."
100000004472936100,peripheral,0.4023156852933736,13,0.1680063456000331,"peripheral: вход 5,000 KZT/1 перев., выход 0 KZT/0 перев.; seeds=7; confidence=0.40. Граница наблюдения."
100000004475818100,distributor,0.7488801543043198,11,0.5683736067639367,"distributor: вход 13,000 KZT/1 перев., выход 53,989 KZT/3 перев.; seeds=7; confidence=0.75."
100000004479404100,consolidator,0.7277552246146912,51,0.5974621386858743,"consolidator: вход 1,492,000 KZT/8 перев., выход 300,000 KZT/2 перев.; seeds=7; confidence=0.73."
100000004480280100,distributor,0.7420268290853047,3,0.689745557452828,"distributor: вход 146,694 KZT/1 перев., выход 295,850 KZT/7 перев.; seeds=10; confidence=0.74."
100000004486525100,consolidator,0.5839024856637953,1,0.4784447552508225,"consolidator: вход 360,924 KZT/21 перев., выход 271,045 KZT/3 перев.; seeds=7; confidence=0.58."
100000004488265100,terminal,0.5349959043783236,9,0.27414128656012926,"terminal: вход 38,740 KZT/1 перев., выход 0 KZT/0 перев.; seeds=7; confidence=0.53."
100000004491749100,terminal,0.536980802523397,42,0.22960781220855295,"terminal: вход 50,000 KZT/1 перев., выход 0 KZT/0 перев.; seeds=1; confidence=0.54."
100000004491881100,terminal,0.5275107408319907,23,0.16957583970977816,"terminal: вход 17,144 KZT/1 перев., выход 0 KZT/0 перев.; seeds=1; confidence=0.53."
100000004493586100,terminal,0.524625469032719,1,0.22426772472371304,"terminal: вход 7,500 KZT/1 перев., выход 0 KZT/0 перев.; seeds=7; confidence=0.52."
100000004494983100,terminal,0.5330709480980481,23,0.19803181591922925,"terminal: вход 35,000 KZT/1 перев., выход 0 KZT/0 перев.; seeds=1; confidence=0.53."
100000004497606100,terminal,0.5268827954453604,23,0.16704258385466256,"terminal: вход 15,534 KZT/1 перев., выход 0 KZT/0 перев.; seeds=1; confidence=0.53."
100000004500444100,consolidator,0.6527475102042426,41,0.5055446524378683,"consolidator: вход 180,000 KZT/7 перев., выход 74,000 KZT/5 перев.; seeds=7; confidence=0.65."
100000004500781100,peripheral,0.43357421317501976,41,0.2645518505468627,"peripheral: вход 74,000 KZT/5 перев., выход 0 KZT/0 перев.; seeds=7; confidence=0.43. Граница наблюдения."
100000004502048100,peripheral,0.4023156852933736,44,0.15603748608762785,"peripheral: вход 13,888 KZT/1 перев., выход 0 KZT/0 перев.; seeds=7; confidence=0.40. Граница наблюдения."
100000004508696100,distributor,0.7540652572005384,20,0.5741135201483513,"distributor: вход 7,000 KZT/1 перев., выход 111,000 KZT/4 перев.; seeds=7; confidence=0.75."
100000004509286100,terminal,0.5340081426312049,3,0.40687064448140947,"terminal: вход 40,000 KZT/1 перев., выход 0 KZT/0 перев.; seeds=10; confidence=0.53."
100000004526651100,peripheral,0.4023156852933736,5,0.2323101861817574,"peripheral: вход 33,000 KZT/1 перев., выход 0 KZT/0 перев.; seeds=8; confidence=0.40. Граница наблюдения."
100000004527381100,transit,0.44746593782280286,4,0.35533366234977126,"transit: вход 119,333 KZT/1 перев., выход 273,866 KZT/1 перев.; seeds=7; confidence=0.45."
100000004539443100,terminal,0.5608222064729504,3,0.5178315796037398,"terminal: вход 61,990 KZT/2 перев., выход 0 KZT/0 перев.; seeds=10; confidence=0.56."
100000004544958100,distributor,0.5969347591875684,12,0.5701419232291289,"distributor: вход 168,000 KZT/3 перев., выход 23,200 KZT/2 перев.; seeds=8; confidence=0.60."
100000004549591100,peripheral,0.4023156852933736,20,0.19220554444034849,"peripheral: вход 49,000 KZT/1 перев., выход 0 KZT/0 перев.; seeds=7; confidence=0.40. Граница наблюдения."
100000004552204100,distributor,0.5948399341688005,43,0.5712660626199842,"distributor: вход 22,500 KZT/2 перев., выход 10,000 KZT/2 перев.; seeds=8; confidence=0.59."
100000004553349100,terminal,0.5246996106849557,11,0.24540770229019768,"terminal: вход 7,755 KZT/1 перев., выход 0 KZT/0 перев.; seeds=7; confidence=0.52."
100000004559194100,terminal,0.6050357828549209,17,0.4342388387901381,"terminal: вход 282,145 KZT/6 перев., выход 0 KZT/0 перев.; seeds=7; confidence=0.61."
100000004564736100,terminal,0.5501016257209282,30,0.32417884205170083,"terminal: вход 15,000 KZT/2 перев., выход 0 KZT/0 перев.; seeds=7; confidence=0.55."
100000004569484100,distributor,0.6612446426777658,19,0.5613916397642067,"distributor: вход 98,312 KZT/3 перев., выход 156,000 KZT/4 перев.; seeds=7; confidence=0.66."
100000004569637100,peripheral,0.4023156852933736,9,0.17534575890981305,"peripheral: вход 5,500 KZT/1 перев., выход 0 KZT/0 перев.; seeds=7; confidence=0.40. Граница наблюдения."
100000004571634100,peripheral,0.4023156852933736,12,0.24923231167484855,"peripheral: вход 20,000 KZT/1 перев., выход 0 KZT/0 перев.; seeds=8; confidence=0.40. Граница наблюдения."
100000004573782100,terminal,0.5270939532127954,2,0.18009892293512456,"terminal: вход 15,000 KZT/1 перев., выход 0 KZT/0 перев.; seeds=1; confidence=0.53."
100000004580202100,distributor,0.6296294961839686,30,0.48013920675465155,"distributor: вход 9,000 KZT/1 перев., выход 45,000 KZT/4 перев.; seeds=7; confidence=0.63."
100000004580254100,terminal,0.5552534089570579,29,0.37500305486637586,"terminal: вход 27,940 KZT/2 перев., выход 0 KZT/0 перев.; seeds=7; confidence=0.56."
100000004584730100,peripheral,0.4023156852933736,51,0.1684805180200877,"peripheral: вход 47,000 KZT/1 перев., выход 0 KZT/0 перев.; seeds=7; confidence=0.40. Граница наблюдения."
100000004586598100,peripheral,0.4283866656432347,26,0.28315459871785986,"peripheral: вход 761,255 KZT/4 перев., выход 0 KZT/0 перев.; seeds=7; confidence=0.43. Граница наблюдения."
100000004587414100,terminal,0.5715554980317886,11,0.44427435835044354,"terminal: вход 533,603 KZT/2 перев., выход 0 KZT/0 перев.; seeds=7; confidence=0.57."
100000004588479100,terminal,0.5656230710158453,17,0.38305240183914174,"terminal: вход 177,633 KZT/2 перев., выход 0 KZT/0 перев.; seeds=7; confidence=0.57."
100000004591973100,peripheral,0.55342471944807,8,0.507097026575124,"peripheral: вход 10,000 KZT/1 перев., выход 100,000 KZT/1 перев.; seeds=9; confidence=0.55."
100000004592467100,terminal,0.5240029706256728,3,0.1479775203736872,"terminal: вход 7,000 KZT/1 перев., выход 0 KZT/0 перев.; seeds=1; confidence=0.52."
100000004596284100,peripheral,0.4023156852933736,17,0.19916679406913212,"peripheral: вход 30,000 KZT/1 перев., выход 0 KZT/0 перев.; seeds=7; confidence=0.40. Граница наблюдения."
100000004601193100,peripheral,0.4220376205867471,12,0.3274703446571877,"peripheral: вход 84,000 KZT/3 перев., выход 0 KZT/0 перев.; seeds=8; confidence=0.42. Граница наблюдения."
100000004603109100,distributor,0.645981081304255,22,0.4485117282463719,"distributor: вход 2,730,000 KZT/8 перев., выход 400,000 KZT/2 перев.; seeds=2; confidence=0.65."
100000004610802100,peripheral,0.45,57,0.28322396856903076,"peripheral: вход 241,000 KZT/18 перев., выход 0 KZT/0 перев.; seeds=7; confidence=0.45. Граница наблюдения."
100000004611571100,terminal,0.53082794620698,1,0.23710148666367345,"terminal: вход 22,550 KZT/1 перев., выход 0 KZT/0 перев.; seeds=7; confidence=0.53."
100000004613582100,peripheral,0.5626321036983033,2,0.24769022390325043,"peripheral: вход 5,000 KZT/1 перев., выход 9,500 KZT/1 перев.; seeds=1; confidence=0.56."
100000004616845100,peripheral,0.4138522778816462,45,0.17887710030684695,"peripheral: вход 20,200 KZT/2 перев., выход 0 KZT/0 перев.; seeds=7; confidence=0.41. Граница наблюдения."
100000004622227100,distributor,0.630400536103346,1,0.4861052290556549,"distributor: вход 24,931 KZT/1 перев., выход 19,000 KZT/3 перев.; seeds=7; confidence=0.63."
100000004629688100,peripheral,0.6281347409218122,4,0.35064510120445197,"peripheral: вход 5,000 KZT/1 перев., выход 15,000 KZT/2 перев.; seeds=7; confidence=0.63."
100000004634420100,terminal,0.5324283956053742,23,0.17199697500472902,"terminal: вход 26,150 KZT/1 перев., выход 0 KZT/0 перев.; seeds=1; confidence=0.53."
100000004635886100,terminal,0.530937549737597,17,0.25420163730017414,"terminal: вход 23,000 KZT/1 перев., выход 0 KZT/0 перев.; seeds=7; confidence=0.53."
100000004644615100,distributor,0.7720861152961171,25,0.4636467476525957,"distributor: вход 50,810 KZT/1 перев., выход 379,665 KZT/14 перев.; seeds=1; confidence=0.77."
100000004652395100,consolidator,0.37542487915645345,1,0.30720612602154684,"consolidator: вход 101,528 KZT/5 перев., выход 0 KZT/0 перев.; seeds=7; confidence=0.38. Граница наблюдения."
100000004655046100,peripheral,0.4023156852933736,19,0.2869886838684957,"peripheral: вход 24,000 KZT/1 перев., выход 0 KZT/0 перев.; seeds=9; confidence=0.40. Граница наблюдения."
100000004657034100,terminal,0.5429785531660686,11,0.29991459172066826,"terminal: вход 141,250 KZT/1 перев., выход 0 KZT/0 перев.; seeds=7; confidence=0.54."
100000004659919100,peripheral,0.5305121005037754,49,0.5157525541597079,"peripheral: вход 110,000 KZT/2 перев., выход 39,000 KZT/1 перев.; seeds=10; confidence=0.53."
100000004662806100,consolidator,0.6562001210745747,8,0.6037645094924772,"consolidator: вход 106,585 KZT/2 перев., выход 59,900 KZT/3 перев.; seeds=8; confidence=0.66."
100000004664515100,terminal,0.5335483186669807,1,0.28594051677156707,"terminal: вход 37,691 KZT/1 перев., выход 0 KZT/0 перев.; seeds=7; confidence=0.53."
100000004664905100,terminal,0.591488504993235,17,0.44549810180342453,"terminal: вход 329,020 KZT/4 перев., выход 0 KZT/0 перев.; seeds=7; confidence=0.59."
100000004666651100,terminal,0.5479133999070501,75,0.49521222178131824,"terminal: вход 429,250 KZT/1 перев., выход 0 KZT/0 перев.; seeds=10; confidence=0.55."
100000004670388100,distributor,0.6187289245682597,7,0.5193682775494695,"distributor: вход 160,354 KZT/1 перев., выход 720,000 KZT/4 перев.; seeds=7; confidence=0.62."
100000004671609100,terminal,0.5410889707127086,25,0.4277814163813055,"terminal: вход 100,000 KZT/1 перев., выход 0 KZT/0 перев.; seeds=9; confidence=0.54."
100000004673335100,peripheral,0.4023156852933736,34,0.2033608696681633,"peripheral: вход 80,000 KZT/1 перев., выход 0 KZT/0 перев.; seeds=7; confidence=0.40. Граница наблюдения."
100000004674178100,peripheral,0.4023156852933736,14,0.15152567657750723,"peripheral: вход 20,000 KZT/1 перев., выход 0 KZT/0 перев.; seeds=7; confidence=0.40. Граница наблюдения."
100000004674389100,peripheral,0.4023156852933736,12,0.2412020962274751,"peripheral: вход 15,000 KZT/1 перев., выход 0 KZT/0 перев.; seeds=8; confidence=0.40. Граница наблюдения."
100000004674412100,peripheral,0.4023156852933736,12,0.2723025066665021,"peripheral: вход 46,000 KZT/1 перев., выход 0 KZT/0 перев.; seeds=8; confidence=0.40. Граница наблюдения."
100000004674799100,terminal,0.5948141065937739,1,0.43095099366798495,"terminal: вход 140,000 KZT/5 перев., выход 0 KZT/0 перев.; seeds=7; confidence=0.59."
100000004676985100,transit,0.5316101180872805,1,0.37456412383564464,"transit: вход 32,260 KZT/1 перев., выход 27,102 KZT/1 перев.; seeds=7; confidence=0.53."
100000004677680100,consolidator,0.6639656046536354,12,0.6321269421703181,"consolidator: вход 63,000 KZT/2 перев., выход 168,000 KZT/3 перев.; seeds=8; confidence=0.66."
100000004679953100,consolidator,0.5663989045800902,9,0.5412353838520285,"consolidator: вход 343,538 KZT/3 перев., выход 34,100 KZT/3 перев.; seeds=7; confidence=0.57."
100000004687099100,terminal,0.5324167154251741,2,0.20645807084235634,"terminal: вход 30,000 KZT/1 перев., выход 0 KZT/0 перев.; seeds=1; confidence=0.53."
100000004687282100,terminal,0.5290856584538399,17,0.2700795905383172,"terminal: вход 20,000 KZT/1 перев., выход 0 KZT/0 перев.; seeds=7; confidence=0.53."
100000004689658100,peripheral,0.5252855893114412,9,0.3727031017917219,"peripheral: вход 456,100 KZT/1 перев., выход 7,092 KZT/1 перев.; seeds=7; confidence=0.53."
100000004691350100,peripheral,0.4023156852933736,7,0.20077548334558984,"peripheral: вход 13,300 KZT/1 перев., выход 0 KZT/0 перев.; seeds=7; confidence=0.40. Граница наблюдения."
100000004692798100,consolidator,0.5804214011148219,8,0.33493624528655097,"consolidator: вход 240,305 KZT/4 перев., выход 15,000 KZT/2 перев.; seeds=1; confidence=0.58."
100000004697956100,peripheral,0.3782445710162616,42,0.21198067779558613,"peripheral: вход 10,000 KZT/1 перев., выход 10,000 KZT/1 перев.; seeds=1; confidence=0.38."
100000004698193100,distributor,0.6819814562276093,42,0.4418584375412725,"distributor: вход 222,700 KZT/15 перев., выход 38,000 KZT/5 перев.; seeds=1; confidence=0.68."
100000004707703100,transit,0.6015082206715856,17,0.5610065539855444,"transit: вход 239,300 KZT/3 перев., выход 231,650 KZT/6 перев.; seeds=7; confidence=0.60."
100000004713684100,terminal,0.534880605100903,1,0.2575929998244863,"terminal: вход 37,500 KZT/1 перев., выход 0 KZT/0 перев.; seeds=7; confidence=0.53."
100000004714705100,peripheral,0.402838173196352,50,0.1551335438342651,"peripheral: вход 0 KZT/0 перев., выход 36,550 KZT/1 перев.; seeds=0; confidence=0.40. Вход seed неполон."
100000004715209100,distributor,0.6900704026295368,5,0.5041506643639058,"distributor: вход 5,000 KZT/1 перев., выход 350,450 KZT/17 перев.; seeds=7; confidence=0.69."
100000004717647100,distributor,0.6767954988910938,51,0.5763556987882642,"distributor: вход 300,000 KZT/2 перев., выход 2,240,000 KZT/10 перев.; seeds=7; confidence=0.68."
100000004722630100,peripheral,0.4138522778816462,7,0.25472819941742164,"peripheral: вход 340,000 KZT/2 перев., выход 0 KZT/0 перев.; seeds=7; confidence=0.41. Граница наблюдения."
100000004722765100,distributor,0.6728994105133994,58,0.5656523159655613,"distributor: вход 230,000 KZT/1 перев., выход 2,284,500 KZT/9 перев.; seeds=7; confidence=0.67."
100000004723755100,peripheral,0.4341372965687536,3,0.17204231044176385,"peripheral: вход 0 KZT/0 перев., выход 95,000 KZT/5 перев.; seeds=0; confidence=0.43. Вход seed неполон."
100000004726132100,peripheral,0.5384311500650947,1,0.374769692308297,"peripheral: вход 349,000 KZT/1 перев., выход 24,000 KZT/2 перев.; seeds=7; confidence=0.54."
100000004732589100,terminal,0.5452663297578417,12,0.27803337001666745,"terminal: вход 227,520 KZT/1 перев., выход 0 KZT/0 перев.; seeds=1; confidence=0.55."
100000004737477100,transit,0.4768980246804006,1,0.414353935254493,"transit: вход 49,598 KZT/3 перев., выход 40,500 KZT/3 перев.; seeds=7; confidence=0.48."
100000004737764100,terminal,0.5494517568416757,3,0.39958681495882487,"terminal: вход 600,000 KZT/1 перев., выход 0 KZT/0 перев.; seeds=7; confidence=0.55."
100000004739664100,transit,0.5148028824657289,23,0.2805900507436716,"transit: вход 12,000 KZT/1 перев., выход 10,000 KZT/1 перев.; seeds=1; confidence=0.51."
100000004741837100,terminal,0.530937180447444,17,0.2627726512949999,"terminal: вход 25,596 KZT/1 перев., выход 0 KZT/0 перев.; seeds=7; confidence=0.53."
100000004744306100,distributor,0.5962972039168001,50,0.5757648657938805,"distributor: вход 69,000 KZT/1 перев., выход 92,000 KZT/3 перев.; seeds=8; confidence=0.60."
100000004746397100,peripheral,0.5165442623638571,11,0.38546054913985667,"peripheral: вход 219,520 KZT/1 перев., выход 7,500 KZT/1 перев.; seeds=7; confidence=0.52."
100000004747154100,peripheral,0.4023156852933736,5,0.1833832198421482,"peripheral: вход 67,000 KZT/1 перев., выход 0 KZT/0 перев.; seeds=7; confidence=0.40. Граница наблюдения."
100000004750321100,terminal,0.5595988692110428,19,0.39191624746295683,"terminal: вход 50,185 KZT/2 перев., выход 0 KZT/0 перев.; seeds=7; confidence=0.56."
100000004750897100,terminal,0.5257777217627762,4,0.277267947078375,"terminal: вход 10,000 KZT/1 перев., выход 0 KZT/0 перев.; seeds=7; confidence=0.53."
100000004756901100,terminal,0.5430871909413721,17,0.3198616370746406,"terminal: вход 153,248 KZT/1 перев., выход 0 KZT/0 перев.; seeds=7; confidence=0.54."
100000004759121100,distributor,0.6029834360053795,1,0.5775116522677937,"distributor: вход 710,000 KZT/10 перев., выход 312,000 KZT/6 перев.; seeds=7; confidence=0.60."
100000004765639100,distributor,0.5876555384950536,1,0.39250380978495814,"distributor: вход 5,000 KZT/1 перев., выход 11,000 KZT/2 перев.; seeds=7; confidence=0.59."
100000004770073100,transit,0.725281161384017,1,0.4683263191404599,"transit: вход 5,462 KZT/1 перев., выход 5,467 KZT/1 перев.; seeds=7; confidence=0.73."
100000004777215100,peripheral,0.4023156852933736,33,0.19681232050838812,"peripheral: вход 60,000 KZT/1 перев., выход 0 KZT/0 перев.; seeds=7; confidence=0.40. Граница наблюдения."
100000004779204100,transit,0.5576673293143214,1,0.3905472190397546,"transit: вход 30,450 KZT/1 перев., выход 20,000 KZT/2 перев.; seeds=7; confidence=0.56."
100000004780083100,peripheral,0.4023156852933736,57,0.13606262510316705,"peripheral: вход 9,999 KZT/1 перев., выход 0 KZT/0 перев.; seeds=7; confidence=0.40. Граница наблюдения."
100000004780327100,peripheral,0.4023156852933736,48,0.08212341707407553,"peripheral: вход 12,000 KZT/1 перев., выход 0 KZT/0 перев.; seeds=1; confidence=0.40. Граница наблюдения."
100000004783447100,terminal,0.5312762365958753,23,0.1886806842069517,"terminal: вход 26,200 KZT/1 перев., выход 0 KZT/0 перев.; seeds=1; confidence=0.53."
100000004784224100,peripheral,0.6124373420784862,22,0.24988812444146294,"peripheral: вход 23,500 KZT/2 перев., выход 100,000 KZT/1 перев.; seeds=1; confidence=0.61."
100000004788983100,peripheral,0.4023156852933736,1,0.1756241540286944,"peripheral: вход 27,000 KZT/1 перев., выход 0 KZT/0 перев.; seeds=7; confidence=0.40. Граница наблюдения."
100000004790991100,terminal,0.5901765243545065,17,0.41713631236783083,"terminal: вход 239,413 KZT/4 перев., выход 0 KZT/0 перев.; seeds=7; confidence=0.59."
100000004791226100,peripheral,0.4023156852933736,1,0.1847830326443954,"peripheral: вход 20,000 KZT/1 перев., выход 0 KZT/0 перев.; seeds=7; confidence=0.40. Граница наблюдения."
100000004792397100,terminal,0.5384843709974767,23,0.2367159384867327,"terminal: вход 73,520 KZT/1 перев., выход 0 KZT/0 перев.; seeds=1; confidence=0.54."
100000004797167100,peripheral,0.4023156852933736,36,0.1417114255861569,"peripheral: вход 31,000 KZT/1 перев., выход 0 KZT/0 перев.; seeds=1; confidence=0.40. Граница наблюдения."
100000004798515100,peripheral,0.4138522778816462,8,0.240211547428292,"peripheral: вход 200,000 KZT/2 перев., выход 0 KZT/0 перев.; seeds=7; confidence=0.41. Граница наблюдения."
100000004800452100,peripheral,0.4023156852933736,11,0.18261795635839748,"peripheral: вход 6,545 KZT/1 перев., выход 0 KZT/0 перев.; seeds=7; confidence=0.40. Граница наблюдения."
100000004800648100,peripheral,0.4023156852933736,8,0.1958688315686143,"peripheral: вход 131,000 KZT/1 перев., выход 0 KZT/0 перев.; seeds=7; confidence=0.40. Граница наблюдения."
100000004806903100,terminal,0.528378168956962,3,0.4198983151369288,"terminal: вход 18,000 KZT/1 перев., выход 0 KZT/0 перев.; seeds=10; confidence=0.53."
100000004813068100,distributor,0.6329514526576422,22,0.25818204154582697,"distributor: вход 0 KZT/0 перев., выход 297,000 KZT/5 перев.; seeds=0; confidence=0.63. Вход seed неполон."
100000004816564100,peripheral,0.526348081967705,4,0.3611354276635084,"peripheral: вход 285,480 KZT/1 перев., выход 5,000 KZT/1 перев.; seeds=7; confidence=0.53."
100000004820260100,transit,0.6210689317219559,4,0.5416105350107377,"transit: вход 234,200 KZT/12 перев., выход 215,350 KZT/10 перев.; seeds=7; confidence=0.62."
100000004825069100,terminal,0.5771462228134211,23,0.24916455339385468,"terminal: вход 30,000 KZT/4 перев., выход 0 KZT/0 перев.; seeds=1; confidence=0.58."
100000004840086100,peripheral,0.4138522778816462,1,0.24606836822330747,"peripheral: вход 100,000 KZT/2 перев., выход 0 KZT/0 перев.; seeds=7; confidence=0.41. Граница наблюдения."
100000004841728100,terminal,0.5363146070770052,23,0.22057765024372508,"terminal: вход 52,208 KZT/1 перев., выход 0 KZT/0 перев.; seeds=1; confidence=0.54."
100000004847758100,distributor,0.557950875529665,3,0.545243467605128,"distributor: вход 115,171 KZT/4 перев., выход 488,800 KZT/23 перев.; seeds=7; confidence=0.56."
100000004848236100,peripheral,0.4023156852933736,1,0.1436430598212322,"peripheral: вход 7,500 KZT/1 перев., выход 0 KZT/0 перев.; seeds=7; confidence=0.40. Граница наблюдения."
100000004850609100,peripheral,0.4023156852933736,1,0.14860072230858037,"peripheral: вход 10,000 KZT/1 перев., выход 0 KZT/0 перев.; seeds=7; confidence=0.40. Граница наблюдения."
100000004856746100,peripheral,0.4023156852933736,63,0.1497160427784194,"peripheral: вход 20,000 KZT/1 перев., выход 0 KZT/0 перев.; seeds=7; confidence=0.40. Граница наблюдения."
100000004877085100,distributor,0.7745663559658387,13,0.5442151128618462,"distributor: вход 25,000 KZT/1 перев., выход 95,600 KZT/9 перев.; seeds=7; confidence=0.77."
100000004889043100,terminal,0.5913259220466573,1,0.44261664061332856,"terminal: вход 272,000 KZT/4 перев., выход 0 KZT/0 перев.; seeds=7; confidence=0.59."
100000004890713100,peripheral,0.4023156852933736,19,0.165188872714445,"peripheral: вход 40,485 KZT/1 перев., выход 0 KZT/0 перев.; seeds=7; confidence=0.40. Граница наблюдения."
100000004891562100,peripheral,0.4023156852933736,48,0.14378917126254484,"peripheral: вход 103,400 KZT/1 перев., выход 0 KZT/0 перев.; seeds=1; confidence=0.40. Граница наблюдения."
100000004892144100,consolidator,0.6233015391775697,22,0.4265218839731403,"consolidator: вход 4,500,000 KZT/7 перев., выход 180,300 KZT/1 перев.; seeds=2; confidence=0.62."
100000004904960100,terminal,0.5549897024884652,1,0.4879932708839458,"terminal: вход 32,000 KZT/2 перев., выход 0 KZT/0 перев.; seeds=10; confidence=0.55."
100000004905207100,terminal,0.5473698985928611,41,0.5027119885688417,"terminal: вход 380,000 KZT/1 перев., выход 0 KZT/0 перев.; seeds=11; confidence=0.55."
100000004906181100,distributor,0.808011588301611,21,0.586492635135344,"distributor: вход 100,000 KZT/1 перев., выход 2,473,418 KZT/33 перев.; seeds=7; confidence=0.81."
100000004908173100,peripheral,0.4023156852933736,5,0.24329838912561025,"peripheral: вход 21,000 KZT/1 перев., выход 0 KZT/0 перев.; seeds=8; confidence=0.40. Граница наблюдения."
100000004911971100,peripheral,0.4220376205867471,21,0.1969059701743306,"peripheral: вход 35,000 KZT/3 перев., выход 0 KZT/0 перев.; seeds=7; confidence=0.42. Граница наблюдения."
100000004917367100,terminal,0.5645834471513211,11,0.3965207590049452,"terminal: вход 120,000 KZT/2 перев., выход 0 KZT/0 перев.; seeds=7; confidence=0.56."
100000004921657100,peripheral,0.49091585158755513,3,0.4321078047520701,"peripheral: вход 8,300 KZT/1 перев., выход 22,190 KZT/1 перев.; seeds=10; confidence=0.49."
100000004931931100,peripheral,0.4919683532640258,1,0.3403696443196289,"peripheral: вход 23,938 KZT/1 перев., выход 45,000 KZT/1 перев.; seeds=7; confidence=0.49."
100000004948177100,terminal,0.6170149404460308,17,0.47262684157602824,"terminal: вход 437,163 KZT/8 перев., выход 0 KZT/0 перев.; seeds=7; confidence=0.62."
100000004950490100,terminal,0.5252049341684587,2,0.18304749534205392,"terminal: вход 10,000 KZT/1 перев., выход 0 KZT/0 перев.; seeds=1; confidence=0.53."
100000004959752100,terminal,0.5307472399043507,3,0.45454942957008027,"terminal: вход 22,200 KZT/1 перев., выход 0 KZT/0 перев.; seeds=11; confidence=0.53."
100000004962193100,terminal,0.6305742123976957,1,0.5103858869574824,"terminal: вход 900,468 KZT/11 перев., выход 0 KZT/0 перев.; seeds=7; confidence=0.63."
100000004970752100,terminal,0.5257777217627762,1,0.30824984276803424,"terminal: вход 10,000 KZT/1 перев., выход 0 KZT/0 перев.; seeds=7; confidence=0.53."
100000004971871100,peripheral,0.47233802484559256,53,0.2110219549561596,"peripheral: вход 25,400 KZT/3 перев., выход 5,650 KZT/1 перев.; seeds=0; confidence=0.47. Вход seed неполон."
100000004975919100,distributor,0.5865883826244547,9,0.424279184134672,"distributor: вход 22,351 KZT/1 перев., выход 15,000 KZT/2 перев.; seeds=7; confidence=0.59."
100000004976946100,peripheral,0.4023156852933736,66,0.20354096007244443,"peripheral: вход 246,000 KZT/1 перев., выход 0 KZT/0 перев.; seeds=7; confidence=0.40. Граница наблюдения."
100000004979264100,peripheral,0.4023156852933736,5,0.2655806044035449,"peripheral: вход 39,800 KZT/1 перев., выход 0 KZT/0 перев.; seeds=8; confidence=0.40. Граница наблюдения."
100000004979283100,terminal,0.5353540626077818,19,0.28555589356613337,"terminal: вход 40,132 KZT/1 перев., выход 0 KZT/0 перев.; seeds=7; confidence=0.54."
100000004979498100,peripheral,0.5599134162173023,59,0.2862451568234752,"peripheral: вход 700,000 KZT/2 перев., выход 200,000 KZT/1 перев.; seeds=1; confidence=0.56."
100000004981068100,peripheral,0.4023156852933736,9,0.16056510929240028,"peripheral: вход 10,000 KZT/1 перев., выход 0 KZT/0 перев.; seeds=7; confidence=0.40. Граница наблюдения."
100000004984689100,terminal,0.5376317301972665,9,0.28825724299690814,"terminal: вход 53,030 KZT/1 перев., выход 0 KZT/0 перев.; seeds=7; confidence=0.54."
100000004988240100,peripheral,0.4023156852933736,1,0.18021290382372449,"peripheral: вход 20,000 KZT/1 перев., выход 0 KZT/0 перев.; seeds=7; confidence=0.40. Граница наблюдения."
100000004991593100,peripheral,0.4138522778816462,9,0.21767565988260423,"peripheral: вход 45,000 KZT/2 перев., выход 0 KZT/0 перев.; seeds=7; confidence=0.41. Граница наблюдения."
100000004991812100,terminal,0.5257777217627762,30,0.2664884222250648,"terminal: вход 10,000 KZT/1 перев., выход 0 KZT/0 перев.; seeds=7; confidence=0.53."
100000004993576100,terminal,0.5435285365994296,4,0.33395687878608266,"terminal: вход 167,000 KZT/1 перев., выход 0 KZT/0 перев.; seeds=7; confidence=0.54."
100000004997515100,consolidator,0.7175250657634828,5,0.7026802875927743,"consolidator: вход 395,000 KZT/4 перев., выход 54,500 KZT/4 перев.; seeds=9; confidence=0.72."
100000005008589100,terminal,0.53566755568205,1,0.289437460236091,"terminal: вход 42,807 KZT/1 перев., выход 0 KZT/0 перев.; seeds=7; confidence=0.54."
100000005010159100,peripheral,0.4023156852933736,9,0.18431443549630636,"peripheral: вход 7,092 KZT/1 перев., выход 0 KZT/0 перев.; seeds=7; confidence=0.40. Граница наблюдения."
100000005017150100,peripheral,0.1812375,76,0.05807830295966453,"peripheral: вход 0 KZT/0 перев., выход 0 KZT/0 перев.; seeds=0; confidence=0.18. Вход seed неполон."
100000005022552100,peripheral,0.6070937787179626,17,0.3480404563065727,"peripheral: вход 241,000 KZT/3 перев., выход 5,000 KZT/1 перев.; seeds=7; confidence=0.61."
100000005022964100,terminal,0.5290856584538399,3,0.400857169702033,"terminal: вход 20,000 KZT/1 перев., выход 0 KZT/0 перев.; seeds=10; confidence=0.53."
100000005025629100,peripheral,0.4023156852933736,11,0.14434552167944298,"peripheral: вход 5,227 KZT/1 перев., выход 0 KZT/0 перев.; seeds=7; confidence=0.40. Граница наблюдения."
100000005030592100,terminal,0.5252049341684587,4,0.22788250530514567,"terminal: вход 10,000 KZT/1 перев., выход 0 KZT/0 перев.; seeds=7; confidence=0.53."
100000005031696100,distributor,0.7155444096113428,49,0.696144817353243,"distributor: вход 5,000 KZT/1 перев., выход 115,000 KZT/3 перев.; seeds=10; confidence=0.72."
100000005032294100,terminal,0.5252049341684587,41,0.3609897984514033,"terminal: вход 10,000 KZT/1 перев., выход 0 KZT/0 перев.; seeds=8; confidence=0.53."
100000005034574100,terminal,0.6407971501403921,74,0.3739428515421945,"terminal: вход 258,816 KZT/16 перев., выход 0 KZT/0 перев.; seeds=1; confidence=0.64."
100000005037490100,distributor,0.7214844558025524,13,0.5171373889169434,"distributor: вход 15,000 KZT/1 перев., выход 30,000 KZT/3 перев.; seeds=7; confidence=0.72."
100000005041147100,peripheral,0.4023156852933736,1,0.1737536251090848,"peripheral: вход 10,000 KZT/1 перев., выход 0 KZT/0 перев.; seeds=7; confidence=0.40. Граница наблюдения."
100000005041905100,peripheral,0.6521220367356614,23,0.24578112802860538,"peripheral: вход 5,000 KZT/1 перев., выход 1,080,351 KZT/5 перев.; seeds=1; confidence=0.65."
100000005042822100,peripheral,0.4023156852933736,37,0.2378571691983403,"peripheral: вход 1,000,000 KZT/1 перев., выход 0 KZT/0 перев.; seeds=7; confidence=0.40. Граница наблюдения."
100000005048668100,distributor,0.6903518449903219,9,0.5427747463887158,"distributor: вход 16,668 KZT/2 перев., выход 159,400 KZT/11 перев.; seeds=7; confidence=0.69."
100000005049404100,peripheral,0.4138522778816462,11,0.21892860599937097,"peripheral: вход 98,000 KZT/2 перев., выход 0 KZT/0 перев.; seeds=7; confidence=0.41. Граница наблюдения."
100000005052998100,peripheral,0.6131140074442676,1,0.2880298072515031,"peripheral: вход 9,500 KZT/1 перев., выход 28,400 KZT/1 перев.; seeds=7; confidence=0.61."
100000005053653100,consolidator,0.6620142007132517,13,0.47754627048794507,"consolidator: вход 63,073 KZT/2 перев., выход 25,000 KZT/1 перев.; seeds=7; confidence=0.66."
100000005055454100,terminal,0.5243458288890925,28,0.19902144969948105,"terminal: вход 6,500 KZT/1 перев., выход 0 KZT/0 перев.; seeds=1; confidence=0.52."
100000005056870100,terminal,0.5288110237342467,56,0.19995167007356596,"terminal: вход 20,000 KZT/1 перев., выход 0 KZT/0 перев.; seeds=1; confidence=0.53."
100000005059998100,terminal,0.528378168956962,1,0.2488703676774389,"terminal: вход 18,000 KZT/1 перев., выход 0 KZT/0 перев.; seeds=7; confidence=0.53."
100000005061890100,terminal,0.5402963243847577,3,0.3357361615022121,"terminal: вход 90,000 KZT/1 перев., выход 0 KZT/0 перев.; seeds=7; confidence=0.54."
100000005074393100,consolidator,0.7548704000036586,13,0.7593713276684462,"consolidator: вход 563,026 KZT/5 перев., выход 685,500 KZT/10 перев.; seeds=10; confidence=0.75."
100000005075949100,peripheral,0.44175955588012067,58,0.3023132409839673,"peripheral: вход 2,226,000 KZT/7 перев., выход 0 KZT/0 перев.; seeds=7; confidence=0.44. Граница наблюдения."
100000005077484100,distributor,0.5866586028454963,28,0.3074999210073041,"distributor: вход 150,000 KZT/1 перев., выход 13,550 KZT/2 перев.; seeds=1; confidence=0.59."
100000005079473100,peripheral,0.4023156852933736,9,0.17408637902325624,"peripheral: вход 39,312 KZT/1 перев., выход 0 KZT/0 перев.; seeds=7; confidence=0.40. Граница наблюдения."
100000005079754100,distributor,0.5933064785902258,3,0.5803616403149894,"distributor: вход 70,000 KZT/1 перев., выход 122,000 KZT/2 перев.; seeds=10; confidence=0.59."
100000005082652100,terminal,0.5334634504757427,2,0.22271282249283936,"terminal: вход 30,000 KZT/1 перев., выход 0 KZT/0 перев.; seeds=1; confidence=0.53."
100000005087431100,peripheral,0.1812375,77,0.05807830295966453,"peripheral: вход 0 KZT/0 перев., выход 0 KZT/0 перев.; seeds=0; confidence=0.18. Вход seed неполон."
100000005087923100,peripheral,0.4023156852933736,42,0.12210060139537442,"peripheral: вход 20,000 KZT/1 перев., выход 0 KZT/0 перев.; seeds=1; confidence=0.40. Граница наблюдения."
100000005089460100,terminal,0.5268100091472879,23,0.1473356269669579,"terminal: вход 12,300 KZT/1 перев., выход 0 KZT/0 перев.; seeds=1; confidence=0.53."
100000005092518100,terminal,0.5311466584342288,23,0.18807323782359375,"terminal: вход 26,144 KZT/1 перев., выход 0 KZT/0 перев.; seeds=1; confidence=0.53."
100000005093521100,terminal,0.5267439183641354,3,0.36582728987097884,"terminal: вход 15,200 KZT/1 перев., выход 0 KZT/0 перев.; seeds=10; confidence=0.53."
100000005100475100,terminal,0.5352428501294266,42,0.2199906533006561,"terminal: вход 40,000 KZT/1 перев., выход 0 KZT/0 перев.; seeds=1; confidence=0.54."
100000005105153100,terminal,0.5324167154251741,1,0.2961298211946105,"terminal: вход 30,000 KZT/1 перев., выход 0 KZT/0 перев.; seeds=7; confidence=0.53."
100000005124479100,consolidator,0.6645816113453089,1,0.6360769754714802,"consolidator: вход 137,753 KZT/2 перев., выход 22,000 KZT/2 перев.; seeds=10; confidence=0.66."
100000005127767100,terminal,0.5245019961571675,20,0.2696970327416547,"terminal: вход 7,000 KZT/1 перев., выход 0 KZT/0 перев.; seeds=7; confidence=0.52."
100000005133757100,terminal,0.5596884480792123,9,0.49517551770154244,"terminal: вход 65,000 KZT/2 перев., выход 0 KZT/0 перев.; seeds=10; confidence=0.56."
100000005140601100,distributor,0.5789820745586582,9,0.5495305496815546,"distributor: вход 52,685 KZT/4 перев., выход 195,300 KZT/5 перев.; seeds=7; confidence=0.58."
100000005142492100,peripheral,0.5031989372003354,42,0.3568839908817299,"peripheral: вход 10,000 KZT/1 перев., выход 57,000 KZT/1 перев.; seeds=7; confidence=0.50."
100000005142589100,terminal,0.5580106932714036,1,0.3372622350709113,"terminal: вход 50,000 KZT/2 перев., выход 0 KZT/0 перев.; seeds=7; confidence=0.56."
100000005146665100,peripheral,0.4023156852933736,45,0.12233020575750198,"peripheral: вход 5,500 KZT/1 перев., выход 0 KZT/0 перев.; seeds=7; confidence=0.40. Граница наблюдения."
100000005168487100,peripheral,0.5732924415677872,12,0.46947298092297546,"peripheral: вход 15,000 KZT/1 перев., выход 103,510 KZT/14 перев.; seeds=8; confidence=0.57."
100000005171642100,transit,0.8045769954923173,42,0.518907851805424,"transit: вход 696,800 KZT/5 перев., выход 683,600 KZT/4 перев.; seeds=1; confidence=0.80."
100000005172860100,terminal,0.5279466547252328,1,0.24421619636675357,"terminal: вход 15,209 KZT/1 перев., выход 0 KZT/0 перев.; seeds=7; confidence=0.53."
100000005175148100,consolidator,0.6091201882271285,4,0.4092311058988515,"consolidator: вход 79,000 KZT/4 перев., выход 15,000 KZT/1 перев.; seeds=7; confidence=0.61."
100000005182219100,terminal,0.5602830705464952,11,0.40422551471551643,"terminal: вход 55,000 KZT/2 перев., выход 0 KZT/0 перев.; seeds=7; confidence=0.56."
100000005183943100,terminal,0.6227112392734963,24,0.3926516585970463,"terminal: вход 680,900 KZT/9 перев., выход 0 KZT/0 перев.; seeds=1; confidence=0.62."
100000005186109100,terminal,0.5234105950034718,4,0.2867634611081889,"terminal: вход 5,000 KZT/1 перев., выход 0 KZT/0 перев.; seeds=7; confidence=0.52."
100000005186131100,transit,0.723730792857974,1,0.45993365189826513,"transit: вход 10,000 KZT/1 перев., выход 10,000 KZT/1 перев.; seeds=7; confidence=0.72."
100000005187208100,terminal,0.5273491450737432,11,0.2598432100267894,"terminal: вход 14,160 KZT/1 перев., выход 0 KZT/0 перев.; seeds=7; confidence=0.53."
100000005189258100,peripheral,0.4023156852933736,11,0.17382313240719996,"peripheral: вход 50,000 KZT/1 перев., выход 0 KZT/0 перев.; seeds=7; confidence=0.40. Граница наблюдения."
100000005198498100,terminal,0.5330763950182971,23,0.17509336781926188,"terminal: вход 28,800 KZT/1 перев., выход 0 KZT/0 перев.; seeds=1; confidence=0.53."
100000005198906100,peripheral,0.5286276760712199,11,0.35246429637380333,"peripheral: вход 227,970 KZT/1 перев., выход 60,000 KZT/1 перев.; seeds=7; confidence=0.53."
100000005203590100,terminal,0.5399109161144517,42,0.22625957066802657,"terminal: вход 90,000 KZT/1 перев., выход 0 KZT/0 перев.; seeds=1; confidence=0.54."
100000005205745100,terminal,0.5236453971882045,42,0.24850088252059435,"terminal: вход 6,000 KZT/1 перев., выход 0 KZT/0 перев.; seeds=7; confidence=0.52."
100000005209352100,peripheral,0.4023156852933736,1,0.15843371610793153,"peripheral: вход 5,000 KZT/1 перев., выход 0 KZT/0 перев.; seeds=7; confidence=0.40. Граница наблюдения."
100000005222360100,peripheral,0.5436370979884716,41,0.4524358788948202,"peripheral: вход 5,000 KZT/1 перев., выход 27,000 KZT/1 перев.; seeds=7; confidence=0.54."
100000005226217100,peripheral,0.4023156852933736,5,0.2653677640101075,"peripheral: вход 17,500 KZT/1 перев., выход 0 KZT/0 перев.; seeds=9; confidence=0.40. Граница наблюдения."
100000005228059100,terminal,0.5310428004754217,23,0.18747139791469503,"terminal: вход 26,000 KZT/1 перев., выход 0 KZT/0 перев.; seeds=1; confidence=0.53."
100000005233755100,peripheral,0.5237725921288188,29,0.33649140457976046,"peripheral: вход 25,000 KZT/1 перев., выход 5,000 KZT/1 перев.; seeds=7; confidence=0.52."
100000005235389100,peripheral,0.1812375,78,0.05807830295966453,"peripheral: вход 0 KZT/0 перев., выход 0 KZT/0 перев.; seeds=0; confidence=0.18. Вход seed неполон."
100000005237935150,terminal,0.533351000789427,25,0.19363764331486394,"terminal: вход 34,508 KZT/1 перев., выход 0 KZT/0 перев.; seeds=1; confidence=0.53."
100000005241556100,terminal,0.5410889707127086,36,0.43985463431313565,"terminal: вход 100,000 KZT/1 перев., выход 0 KZT/0 перев.; seeds=8; confidence=0.54."
100000005242320100,distributor,0.7149283258493248,25,0.5523733748380549,"distributor: вход 365,700 KZT/2 перев., выход 8,936,295 KZT/29 перев.; seeds=2; confidence=0.71."
100000005264874100,distributor,0.6066192047760146,27,0.38997852861448357,"distributor: вход 30,000 KZT/1 перев., выход 78,000 KZT/3 перев.; seeds=1; confidence=0.61."
100000005264990100,distributor,0.5814027564094041,50,0.4472898084467744,"distributor: вход 17,070 KZT/1 перев., выход 122,000 KZT/2 перев.; seeds=7; confidence=0.58. Вход seed неполон."
100000005265073100,peripheral,0.49367124073819724,50,0.4330734232565822,"peripheral: вход 5,000 KZT/1 перев., выход 9,000 KZT/1 перев.; seeds=8; confidence=0.49."
100000005268319100,distributor,0.674636839987598,1,0.5263495515334036,"distributor: вход 19,713 KZT/2 перев., выход 91,000 KZT/10 перев.; seeds=7; confidence=0.67."
100000005272139100,peripheral,0.4023156852933736,17,0.23993398970494442,"peripheral: вход 165,000 KZT/1 перев., выход 0 KZT/0 перев.; seeds=7; confidence=0.40. Граница наблюдения."
100000005287097100,distributor,0.7152933127184441,17,0.586590535660549,"distributor: вход 127,173 KZT/5 перев., выход 697,300 KZT/42 перев.; seeds=7; confidence=0.72."
100000005293969100,peripheral,0.4023156852933736,1,0.16901231647614057,"peripheral: вход 5,467 KZT/1 перев., выход 0 KZT/0 перев.; seeds=7; confidence=0.40. Граница наблюдения."
100000005308954100,peripheral,0.5060721012557933,17,0.36952895034730776,"peripheral: вход 69,020 KZT/1 перев., выход 30,000 KZT/1 перев.; seeds=7; confidence=0.51."
100000005314565100,terminal,0.5807073907646585,1,0.4076359693232904,"terminal: вход 218,500 KZT/3 перев., выход 0 KZT/0 перев.; seeds=7; confidence=0.58."
100000005316708100,distributor,0.6138329663887887,25,0.3526171899154367,"distributor: вход 90,000 KZT/1 перев., выход 257,500 KZT/4 перев.; seeds=1; confidence=0.61."
100000005317181100,peripheral,0.5317367146352232,1,0.3649002938967517,"peripheral: вход 141,250 KZT/1 перев., выход 14,500 KZT/1 перев.; seeds=7; confidence=0.53."
100000005326681100,terminal,0.5328984128538136,4,0.26526061822520536,"terminal: вход 31,228 KZT/1 перев., выход 0 KZT/0 перев.; seeds=7; confidence=0.53."
100000005328215100,terminal,0.5316402808847601,12,0.18723154210913467,"terminal: вход 27,000 KZT/1 перев., выход 0 KZT/0 перев.; seeds=1; confidence=0.53."
100000005339662100,distributor,0.5614838758867875,4,0.5713404300692819,"distributor: вход 202,939 KZT/9 перев., выход 295,160 KZT/15 перев.; seeds=7; confidence=0.56."
100000005342513100,peripheral,0.5803630120713879,23,0.2733093262646828,"peripheral: вход 235,000 KZT/2 перев., выход 30,000 KZT/1 перев.; seeds=1; confidence=0.58."
100000005357034100,terminal,0.5253020760390996,1,0.2190822433452138,"terminal: вход 9,754 KZT/1 перев., выход 0 KZT/0 перев.; seeds=7; confidence=0.53."
100000005357705100,distributor,0.6748901101107722,9,0.5240819488634753,"distributor: вход 52,595 KZT/1 перев., выход 387,080 KZT/5 перев.; seeds=7; confidence=0.67."
100000005360814100,peripheral,0.4220376205867471,9,0.2511201396964959,"peripheral: вход 144,000 KZT/3 перев., выход 0 KZT/0 перев.; seeds=7; confidence=0.42. Граница наблюдения."
100000005362848100,terminal,0.5331320012574746,19,0.26949606206057003,"terminal: вход 29,000 KZT/1 перев., выход 0 KZT/0 перев.; seeds=7; confidence=0.53."
100000005363908100,transit,0.5811879183881193,72,0.3125472835578015,"transit: вход 19,500 KZT/1 перев., выход 19,500 KZT/1 перев.; seeds=1; confidence=0.58."
100000005367180100,peripheral,0.4023156852933736,9,0.1921044161353672,"peripheral: вход 7,700 KZT/1 перев., выход 0 KZT/0 перев.; seeds=7; confidence=0.40. Граница наблюдения."
100000005367284100,distributor,0.6114225384891203,1,0.44989387641748524,"distributor: вход 13,700 KZT/1 перев., выход 48,300 KZT/5 перев.; seeds=7; confidence=0.61."
100000005367445100,transit,0.5745920185813265,5,0.5262562172126476,"transit: вход 5,000 KZT/1 перев., выход 5,000 KZT/1 перев.; seeds=9; confidence=0.57."
100000005370558100,peripheral,0.4023156852933736,1,0.13535039386051542,"peripheral: вход 5,000 KZT/1 перев., выход 0 KZT/0 перев.; seeds=7; confidence=0.40. Граница наблюдения."
100000005370580100,terminal,0.3781654524747649,13,0.2996458368199876,"terminal: вход 24,075 KZT/1 перев., выход 0 KZT/0 перев.; seeds=7; confidence=0.38. Вход seed неполон."
100000005375968100,distributor,0.7255419963474466,1,0.5057167714471769,"distributor: вход 170,082 KZT/1 перев., выход 86,000 KZT/4 перев.; seeds=7; confidence=0.73."
100000005382566100,consolidator,0.5487831517529383,50,0.6274757332105549,"consolidator: вход 393,066 KZT/11 перев., выход 50,000 KZT/1 перев.; seeds=14; confidence=0.55. Вход seed неполон."
100000005386383100,consolidator,0.49563288682899614,50,0.4489908713338979,"consolidator: вход 37,500 KZT/2 перев., выход 29,000 KZT/1 перев.; seeds=7; confidence=0.50. Вход seed неполон."
100000005392290100,peripheral,0.402838173196352,69,0.1595391904126105,"peripheral: вход 0 KZT/0 перев., выход 81,465 KZT/1 перев.; seeds=0; confidence=0.40. Вход seed неполон."
100000005394708100,peripheral,0.37076224931728985,50,0.2232902708700361,"peripheral: вход 26,000 KZT/1 перев., выход 65,000 KZT/1 перев.; seeds=1; confidence=0.37."
100000005395727100,terminal,0.3761359605750654,4,0.2951357164789973,"terminal: вход 17,000 KZT/1 перев., выход 0 KZT/0 перев.; seeds=7; confidence=0.38. Вход seed неполон."
100000005402643100,peripheral,0.5053204454055958,5,0.20342976955594708,"peripheral: вход 127,800 KZT/1 перев., выход 90,000 KZT/1 перев.; seeds=1; confidence=0.51."
100000005409156100,terminal,0.5685825591634245,11,0.41071446170696285,"terminal: вход 260,080 KZT/2 перев., выход 0 KZT/0 перев.; seeds=7; confidence=0.57."
100000005409680100,terminal,0.399377839688907,44,0.4413658632891519,"terminal: вход 55,060 KZT/2 перев., выход 0 KZT/0 перев.; seeds=9; confidence=0.40. Вход seed неполон."
100000005413948100,consolidator,0.6473267052345367,5,0.611157661490563,"consolidator: вход 28,215 KZT/2 перев., выход 5,000 KZT/1 перев.; seeds=9; confidence=0.65."
100000005417257100,distributor,0.5623758229060859,50,0.2284737175509681,"distributor: вход 0 KZT/0 перев., выход 106,000 KZT/2 перев.; seeds=0; confidence=0.56. Вход seed неполон."
100000005432267100,terminal,0.5691129891731762,3,0.5571441860427548,"terminal: вход 350,001 KZT/2 перев., выход 0 KZT/0 перев.; seeds=10; confidence=0.57."
100000005454368100,terminal,0.3982603538072314,13,0.36038634433259126,"terminal: вход 48,600 KZT/2 перев., выход 0 KZT/0 перев.; seeds=7; confidence=0.40. Вход seed неполон."
100000005456919100,consolidator,0.6020156519855256,10,0.3512524338477698,"consolidator: вход 479,950 KZT/10 перев., выход 5,000 KZT/1 перев.; seeds=1; confidence=0.60."
100000005473151100,consolidator,0.727028212094116,19,0.7174300022659498,"consolidator: вход 1,220,000 KZT/4 перев., выход 225,000 KZT/6 перев.; seeds=9; confidence=0.73."
100000005474472100,terminal,0.5407787945740176,22,0.2704743088320708,"terminal: вход 100,000 KZT/1 перев., выход 0 KZT/0 перев.; seeds=1; confidence=0.54."
100000005475379100,distributor,0.6339616082196077,12,0.5995727157764241,"distributor: вход 108,370 KZT/1 перев., выход 81,000 KZT/3 перев.; seeds=8; confidence=0.63."
100000005480435100,peripheral,0.1812375,79,0.05807830295966453,"peripheral: вход 0 KZT/0 перев., выход 0 KZT/0 перев.; seeds=0; confidence=0.18. Вход seed неполон."
100000005481280100,distributor,0.6050927813170008,4,0.46795411326806047,"distributor: вход 32,700 KZT/1 перев., выход 50,000 KZT/3 перев.; seeds=7; confidence=0.61."
100000005485830100,distributor,0.6649114976442294,56,0.2686545907728089,"distributor: вход 0 KZT/0 перев., выход 275,885 KZT/9 перев.; seeds=0; confidence=0.66. Вход seed неполон."
100000005493505100,terminal,0.31939027981591694,13,0.437186590380087,"terminal: вход 62,020 KZT/3 перев., выход 0 KZT/0 перев.; seeds=11; confidence=0.32. Вход seed неполон."
100000005495211100,peripheral,0.4023156852933736,1,0.18075577552529787,"peripheral: вход 14,500 KZT/1 перев., выход 0 KZT/0 перев.; seeds=7; confidence=0.40. Граница наблюдения."
100000005495722100,peripheral,0.1812375,80,0.05807830295966453,"peripheral: вход 0 KZT/0 перев., выход 0 KZT/0 перев.; seeds=0; confidence=0.18. Вход seed неполон."
100000005496254100,terminal,0.5258094630475987,1,0.24428902980849584,"terminal: вход 12,700 KZT/1 перев., выход 0 KZT/0 перев.; seeds=7; confidence=0.53."
100000005497148100,peripheral,0.4138522778816462,11,0.21682011473481258,"peripheral: вход 24,000 KZT/2 перев., выход 0 KZT/0 перев.; seeds=7; confidence=0.41. Граница наблюдения."
100000005498992100,distributor,0.7191470719695996,5,0.3155872836403858,"distributor: вход 0 KZT/0 перев., выход 2,262,868 KZT/19 перев.; seeds=0; confidence=0.72. Вход seed неполон."
100000005505655100,consolidator,0.46368282807765293,14,0.45895895144758353,"consolidator: вход 33,070 KZT/2 перев., выход 20,000 KZT/1 перев.; seeds=7; confidence=0.46."
100000005507142100,distributor,0.650161151365332,27,0.443241107372262,"distributor: вход 51,000 KZT/3 перев., выход 100,000 KZT/4 перев.; seeds=1; confidence=0.65."
100000005514161100,consolidator,0.723437597100009,25,0.7154444193014506,"consolidator: вход 401,500 KZT/7 перев., выход 50,000 KZT/1 перев.; seeds=9; confidence=0.72."
100000005519347100,consolidator,0.4782342973246726,17,0.5096026253122177,"consolidator: вход 73,100 KZT/2 перев., выход 99,000 KZT/1 перев.; seeds=9; confidence=0.48. Вход seed неполон."
100000005519998100,transit,0.5314620916031348,63,0.5017594562846237,"transit: вход 182,000 KZT/5 перев., выход 188,000 KZT/8 перев.; seeds=7; confidence=0.53."
100000005523088100,terminal,0.4090457357720178,50,0.4812916892224624,"terminal: вход 700,000 KZT/2 перев., выход 0 KZT/0 перев.; seeds=15; confidence=0.41. Вход seed неполон."
100000005527892100,consolidator,0.556845729641749,36,0.6280220523062862,"consolidator: вход 220,001 KZT/3 перев., выход 552,419 KZT/8 перев.; seeds=8; confidence=0.56."
100000005530114100,consolidator,0.6113684853756484,29,0.49702601265857455,"consolidator: вход 136,970 KZT/2 перев., выход 25,000 KZT/1 перев.; seeds=7; confidence=0.61."
100000005532138100,terminal,0.5321359157954924,2,0.26272904112119455,"terminal: вход 25,046 KZT/1 перев., выход 0 KZT/0 перев.; seeds=7; confidence=0.53."
100000005539201100,peripheral,0.3734228723266205,17,0.319737488513429,"peripheral: вход 45,504 KZT/1 перев., выход 25,000 KZT/1 перев.; seeds=7; confidence=0.37."
100000005539910100,distributor,0.6970761938198323,3,0.6303158088565906,"distributor: вход 102,000 KZT/1 перев., выход 22,000 KZT/2 перев.; seeds=10; confidence=0.70."
100000005543136100,peripheral,0.402838173196352,13,0.15019382673022827,"peripheral: вход 0 KZT/0 перев., выход 10,000 KZT/1 перев.; seeds=0; confidence=0.40. Вход seed неполон."
100000005546031100,consolidator,0.5187693681118881,72,0.2960093211200067,"consolidator: вход 66,800 KZT/6 перев., выход 8,000 KZT/1 перев.; seeds=1; confidence=0.52."
100000005547096100,distributor,0.7137137637299217,72,0.3909644399469863,"distributor: вход 8,000 KZT/1 перев., выход 226,300 KZT/3 перев.; seeds=1; confidence=0.71."
100000005550592100,peripheral,0.1812375,81,0.05807830295966453,"peripheral: вход 0 KZT/0 перев., выход 0 KZT/0 перев.; seeds=0; confidence=0.18. Вход seed неполон."
100000005553088100,peripheral,0.4023156852933736,9,0.14121496753792223,"peripheral: вход 17,500 KZT/1 перев., выход 0 KZT/0 перев.; seeds=7; confidence=0.40. Граница наблюдения."
100000005560900100,peripheral,0.1812375,82,0.05807830295966453,"peripheral: вход 0 KZT/0 перев., выход 0 KZT/0 перев.; seeds=0; confidence=0.18. Вход seed неполон."
100000005561741100,terminal,0.5308556584257114,19,0.39138369803269596,"terminal: вход 25,000 KZT/1 перев., выход 0 KZT/0 перев.; seeds=9; confidence=0.53."
100000005567828100,peripheral,0.4023156852933736,19,0.1878793345127877,"peripheral: вход 94,000 KZT/1 перев., выход 0 KZT/0 перев.; seeds=7; confidence=0.40. Граница наблюдения."
100000005568407100,peripheral,0.1812375,83,0.05807830295966453,"peripheral: вход 0 KZT/0 перев., выход 0 KZT/0 перев.; seeds=0; confidence=0.18. Вход seed неполон."
100000005572303100,peripheral,0.5331280902581628,17,0.35729151714253116,"peripheral: вход 75,000 KZT/1 перев., выход 20,000 KZT/1 перев.; seeds=7; confidence=0.53."
100000005578559100,distributor,0.8116240367424702,19,0.6276015796022705,"distributor: вход 131,000 KZT/2 перев., выход 893,164 KZT/23 перев.; seeds=7; confidence=0.81."
100000005584222100,distributor,0.7442380153686317,1,0.5696640930216325,"distributor: вход 192,717 KZT/6 перев., выход 108,587 KZT/3 перев.; seeds=7; confidence=0.74."
100000005588444100,terminal,0.52570208095045,2,0.15711862606456417,"terminal: вход 12,300 KZT/1 перев., выход 0 KZT/0 перев.; seeds=1; confidence=0.53."
100000005589319100,peripheral,0.4023156852933736,3,0.16018360958220199,"peripheral: вход 26,000 KZT/1 перев., выход 0 KZT/0 перев.; seeds=7; confidence=0.40. Граница наблюдения."
100000005602999100,distributor,0.7111762013271228,54,0.5810367626203999,"distributor: вход 5,000 KZT/1 перев., выход 16,000 KZT/3 перев.; seeds=8; confidence=0.71."
100000005608515100,terminal,0.5826339340461132,2,0.2705446601686935,"terminal: вход 64,000 KZT/4 перев., выход 0 KZT/0 перев.; seeds=1; confidence=0.58."
100000005610717100,consolidator,0.680905197657082,1,0.5536061638718343,"consolidator: вход 484,500 KZT/6 перев., выход 265,200 KZT/7 перев.; seeds=7; confidence=0.68."
100000005612411100,distributor,0.5468940334081223,3,0.6115243259800005,"distributor: вход 115,500 KZT/4 перев., выход 506,997 KZT/8 перев.; seeds=8; confidence=0.55."
100000005614315100,terminal,0.548154506731406,17,0.38883241241271704,"terminal: вход 455,000 KZT/1 перев., выход 0 KZT/0 перев.; seeds=7; confidence=0.55."
100000005616568100,peripheral,0.4023156852933736,11,0.2318392682375359,"peripheral: вход 530,000 KZT/1 перев., выход 0 KZT/0 перев.; seeds=7; confidence=0.40. Граница наблюдения."
100000005619339100,peripheral,0.498363430427339,17,0.31999337206224726,"peripheral: вход 5,000 KZT/1 перев., выход 5,443 KZT/1 перев.; seeds=7; confidence=0.50."
100000005620225100,terminal,0.5576288795595087,1,0.3564588859789596,"terminal: вход 49,846 KZT/2 перев., выход 0 KZT/0 перев.; seeds=7; confidence=0.56."
100000005621418100,peripheral,0.4023156852933736,15,0.1612710568125161,"peripheral: вход 30,000 KZT/1 перев., выход 0 KZT/0 перев.; seeds=7; confidence=0.40. Граница наблюдения."
100000005628518100,terminal,0.5749561673791208,44,0.3935731267761204,"terminal: вход 77,000 KZT/3 перев., выход 0 KZT/0 перев.; seeds=7; confidence=0.57."
100000005634552100,distributor,0.6222608117601118,1,0.4948680373563167,"distributor: вход 25,850 KZT/1 перев., выход 1,196,000 KZT/4 перев.; seeds=7; confidence=0.62."
100000005636951100,peripheral,0.4023156852933736,42,0.15027660446945834,"peripheral: вход 40,000 KZT/1 перев., выход 0 KZT/0 перев.; seeds=1; confidence=0.40. Граница наблюдения."
100000005660203100,distributor,0.6458790167826576,17,0.5356740540554014,"distributor: вход 572,899 KZT/12 перев., выход 41,000 KZT/5 перев.; seeds=7; confidence=0.65."
100000005661528100,terminal,0.5319069261883893,9,0.2560710179132818,"terminal: вход 25,000 KZT/1 перев., выход 0 KZT/0 перев.; seeds=7; confidence=0.53."
100000005661829100,transit,0.5774990090051324,44,0.47958478678642796,"transit: вход 37,790 KZT/1 перев., выход 40,362 KZT/4 перев.; seeds=7; confidence=0.58."
100000005664632100,terminal,0.6438435324555983,75,0.5586948051704289,"terminal: вход 198,620 KZT/18 перев., выход 0 KZT/0 перев.; seeds=10; confidence=0.64."
100000005664922100,distributor,0.6500504253558229,22,0.4021199193043372,"distributor: вход 22,000 KZT/2 перев., выход 537,000 KZT/4 перев.; seeds=1; confidence=0.65."
100000005665181100,distributor,0.716521174539283,11,0.5897715211192779,"distributor: вход 45,498 KZT/5 перев., выход 181,915 KZT/11 перев.; seeds=7; confidence=0.72."
100000005667841100,terminal,0.5667818566108247,5,0.478012873829913,"terminal: вход 186,000 KZT/2 перев., выход 0 KZT/0 перев.; seeds=8; confidence=0.57."
100000005668605100,terminal,0.3208984716048822,50,0.4243675042923357,"terminal: вход 94,500 KZT/3 перев., выход 0 KZT/0 перев.; seeds=10; confidence=0.32. Вход seed неполон."
100000005669845100,terminal,0.5288110237342467,28,0.20807251742578578,"terminal: вход 20,000 KZT/1 перев., выход 0 KZT/0 перев.; seeds=1; confidence=0.53."
100000005674387100,terminal,0.5325628095649133,23,0.17279786533600597,"terminal: вход 26,200 KZT/1 перев., выход 0 KZT/0 перев.; seeds=1; confidence=0.53."
100000005685783100,peripheral,0.4023156852933736,23,0.1325792934970017,"peripheral: вход 26,150 KZT/1 перев., выход 0 KZT/0 перев.; seeds=1; confidence=0.40. Граница наблюдения."
100000005704413100,distributor,0.7344514140132575,19,0.6341847134034629,"distributor: вход 97,835 KZT/4 перев., выход 1,363,593 KZT/35 перев.; seeds=7; confidence=0.73."
100000005709551100,terminal,0.531632692157037,13,0.26195727101319355,"terminal: вход 24,560 KZT/1 перев., выход 0 KZT/0 перев.; seeds=7; confidence=0.53."
100000005711521100,peripheral,0.4023156852933736,13,0.22548019989152293,"peripheral: вход 238,000 KZT/1 перев., выход 0 KZT/0 перев.; seeds=7; confidence=0.40. Граница наблюдения."
100000005723580100,peripheral,0.4023156852933736,5,0.25644664126396677,"peripheral: вход 35,000 KZT/1 перев., выход 0 KZT/0 перев.; seeds=8; confidence=0.40. Граница наблюдения."
100000005730108100,terminal,0.5243130368140686,1,0.26169022820811516,"terminal: вход 8,000 KZT/1 перев., выход 0 KZT/0 перев.; seeds=7; confidence=0.52."
100000005744674100,peripheral,0.4143897483724016,50,0.1614591906892944,"peripheral: вход 0 KZT/0 перев., выход 50,066 KZT/2 перев.; seeds=0; confidence=0.41. Вход seed неполон."
100000005745873100,peripheral,0.4023156852933736,66,0.20026530433306663,"peripheral: вход 223,000 KZT/1 перев., выход 0 KZT/0 перев.; seeds=7; confidence=0.40. Граница наблюдения."
100000005754335100,terminal,0.5357498709324178,67,0.31088977897946407,"terminal: вход 44,037 KZT/1 перев., выход 0 KZT/0 перев.; seeds=7; confidence=0.54."
100000005756189100,transit,0.6859760636948071,11,0.4434026044406441,"transit: вход 65,000 KZT/1 перев., выход 49,050 KZT/1 перев.; seeds=7; confidence=0.69."
100000005756535100,terminal,0.5299335803120135,23,0.2204861509480557,"terminal: вход 20,000 KZT/1 перев., выход 0 KZT/0 перев.; seeds=1; confidence=0.53."
100000005767403100,peripheral,0.4138522778816462,63,0.2848883879544689,"peripheral: вход 1,100,000 KZT/2 перев., выход 0 KZT/0 перев.; seeds=7; confidence=0.41. Граница наблюдения."
100000005778283100,terminal,0.5841889578642013,2,0.5656398208781803,"terminal: вход 615,760 KZT/3 перев., выход 0 KZT/0 перев.; seeds=9; confidence=0.58."
100000005782781100,distributor,0.7282682864387995,2,0.6153760910547648,"distributor: вход 171,888 KZT/10 перев., выход 1,263,597 KZT/10 перев.; seeds=7; confidence=0.73."
100000005782886100,peripheral,0.4023156852933736,5,0.25995218800783504,"peripheral: вход 14,000 KZT/1 перев., выход 0 KZT/0 перев.; seeds=9; confidence=0.40. Граница наблюдения."
100000005783452100,consolidator,0.4219371590053962,25,0.39907922617860137,"consolidator: вход 286,500 KZT/2 перев., выход 0 KZT/0 перев.; seeds=8; confidence=0.42. Граница наблюдения."
100000005799271100,terminal,0.5568317305038017,12,0.44260482036443805,"terminal: вход 45,000 KZT/2 перев., выход 0 KZT/0 перев.; seeds=8; confidence=0.56."
100000005807278100,terminal,0.5240012917397827,56,0.1699194337238937,"terminal: вход 8,385 KZT/1 перев., выход 0 KZT/0 перев.; seeds=1; confidence=0.52."
100000005809252100,terminal,0.5308556584257114,11,0.3109320261533495,"terminal: вход 25,000 KZT/1 перев., выход 0 KZT/0 перев.; seeds=7; confidence=0.53."
100000005815602100,peripheral,0.5481847238859882,17,0.41460747267189546,"peripheral: вход 20,000 KZT/1 перев., выход 165,000 KZT/1 перев.; seeds=7; confidence=0.55."
100000005820746100,peripheral,0.5926456753401017,22,0.29192274127412715,"peripheral: вход 1,989,000 KZT/2 перев., выход 60,000 KZT/1 перев.; seeds=1; confidence=0.59."
100000005830339100,consolidator,0.67474787480667,3,0.5693516701775466,"consolidator: вход 476,341 KZT/12 перев., выход 339,251 KZT/1 перев.; seeds=7; confidence=0.67."
100000005834479100,distributor,0.7071551088904326,9,0.4834778097433351,"distributor: вход 7,500 KZT/1 перев., выход 14,470 KZT/2 перев.; seeds=7; confidence=0.71."
100000005844459100,terminal,0.5676072409962013,1,0.40852864506616865,"terminal: вход 243,400 KZT/2 перев., выход 0 KZT/0 перев.; seeds=7; confidence=0.57."
100000005847078100,terminal,0.528348448431202,23,0.15335037892204254,"terminal: вход 16,300 KZT/1 перев., выход 0 KZT/0 перев.; seeds=1; confidence=0.53."
100000005849100100,terminal,0.5331640404725619,3,0.4350211450776279,"terminal: вход 33,300 KZT/1 перев., выход 0 KZT/0 перев.; seeds=10; confidence=0.53."
100000005849862100,peripheral,0.4138522778816462,2,0.2099282822431934,"peripheral: вход 13,000 KZT/2 перев., выход 0 KZT/0 перев.; seeds=7; confidence=0.41. Граница наблюдения."
100000005852946100,terminal,0.5302087530663497,3,0.3847783762762355,"terminal: вход 23,746 KZT/1 перев., выход 0 KZT/0 перев.; seeds=10; confidence=0.53."
100000005857058100,terminal,0.5750856256360056,1,0.4269253670786603,"terminal: вход 80,222 KZT/3 перев., выход 0 KZT/0 перев.; seeds=7; confidence=0.58."
100000005873152100,peripheral,0.3782445710162616,12,0.4079536394638962,"peripheral: вход 10,000 KZT/1 перев., выход 10,000 KZT/1 перев.; seeds=11; confidence=0.38."
100000005877725100,terminal,0.5380997973986017,23,0.23399401943624434,"terminal: вход 70,000 KZT/1 перев., выход 0 KZT/0 перев.; seeds=1; confidence=0.54."
100000005878334100,peripheral,0.4138522778816462,36,0.22772542137635365,"peripheral: вход 76,400 KZT/2 перев., выход 0 KZT/0 перев.; seeds=7; confidence=0.41. Граница наблюдения."
100000005882013100,consolidator,0.6606308545238743,13,0.5588805264136686,"consolidator: вход 135,000 KZT/3 перев., выход 10,000 KZT/1 перев.; seeds=10; confidence=0.66."
100000005888829100,peripheral,0.4023156852933736,5,0.2770012913872268,"peripheral: вход 197,000 KZT/1 перев., выход 0 KZT/0 перев.; seeds=8; confidence=0.40. Граница наблюдения."
100000005893892100,terminal,0.5414313610149643,11,0.2885123201844822,"terminal: вход 102,780 KZT/1 перев., выход 0 KZT/0 перев.; seeds=7; confidence=0.54."
100000005895525100,terminal,0.5767899433149722,56,0.320855269101432,"terminal: вход 120,000 KZT/3 перев., выход 0 KZT/0 перев.; seeds=1; confidence=0.58."
100000005897462100,terminal,0.5403903291348658,12,0.40903744516204255,"terminal: вход 98,400 KZT/1 перев., выход 0 KZT/0 перев.; seeds=8; confidence=0.54."
100000005901606100,terminal,0.5332133493176147,23,0.19897478387759804,"terminal: вход 35,660 KZT/1 перев., выход 0 KZT/0 перев.; seeds=1; confidence=0.53."
100000005904580100,terminal,0.5606224879277277,8,0.3891756185944554,"terminal: вход 72,000 KZT/2 перев., выход 0 KZT/0 перев.; seeds=7; confidence=0.56."
100000005910114100,distributor,0.566328906922195,1,0.5661812248886384,"distributor: вход 326,144 KZT/3 перев., выход 1,469,993 KZT/56 перев.; seeds=7; confidence=0.57."
100000005910895100,peripheral,0.4023156852933736,54,0.2543500411578366,"peripheral: вход 5,100 KZT/1 перев., выход 0 KZT/0 перев.; seeds=8; confidence=0.40. Граница наблюдения."
100000005911352100,distributor,0.47504278092584984,20,0.4550650752549441,"distributor: вход 15,000 KZT/2 перев., выход 24,000 KZT/3 перев.; seeds=7; confidence=0.48."
100000005931985100,terminal,0.5390037040039444,25,0.2268600972582999,"terminal: вход 76,000 KZT/1 перев., выход 0 KZT/0 перев.; seeds=1; confidence=0.54."
100000005932987100,terminal,0.5659219237991894,63,0.34803897553275137,"terminal: вход 25,000 KZT/3 перев., выход 0 KZT/0 перев.; seeds=7; confidence=0.57."
100000005933757100,distributor,0.5653699216906434,41,0.5834976529968425,"distributor: вход 1,246,000 KZT/6 перев., выход 3,002,628 KZT/46 перев.; seeds=7; confidence=0.57."
100000005939154100,terminal,0.5517557105750608,17,0.29654913613854167,"terminal: вход 22,000 KZT/2 перев., выход 0 KZT/0 перев.; seeds=7; confidence=0.55."
100000005940652100,terminal,0.5240450471210555,52,0.35395435594185415,"terminal: вход 8,395 KZT/1 перев., выход 0 KZT/0 перев.; seeds=10; confidence=0.52."
100000005941908100,terminal,0.5257777217627762,41,0.39400589631225913,"terminal: вход 10,000 KZT/1 перев., выход 0 KZT/0 перев.; seeds=8; confidence=0.53."
100000005942793100,terminal,0.5818503440272087,1,0.4168755712083105,"terminal: вход 55,000 KZT/4 перев., выход 0 KZT/0 перев.; seeds=7; confidence=0.58."
100000005958064100,distributor,0.715812159690103,41,0.5149934318588598,"distributor: вход 5,746 KZT/1 перев., выход 163,987 KZT/3 перев.; seeds=7; confidence=0.72."
100000005961971100,terminal,0.5352465608867558,23,0.21453208098464577,"terminal: вход 47,353 KZT/1 перев., выход 0 KZT/0 перев.; seeds=1; confidence=0.54."
100000005974542100,terminal,0.5759913830245795,30,0.3952035327885847,"terminal: вход 94,500 KZT/3 перев., выход 0 KZT/0 перев.; seeds=7; confidence=0.58."
100000005979037100,peripheral,0.4023156852933736,9,0.1816371510081337,"peripheral: вход 60,300 KZT/1 перев., выход 0 KZT/0 перев.; seeds=7; confidence=0.40. Граница наблюдения."
100000005995391100,terminal,0.5287175477446479,23,0.15535323356153188,"terminal: вход 17,200 KZT/1 перев., выход 0 KZT/0 перев.; seeds=1; confidence=0.53."
100000005996909100,terminal,0.5239832942260393,4,0.2529675787379248,"terminal: вход 5,500 KZT/1 перев., выход 0 KZT/0 перев.; seeds=7; confidence=0.52."
100000006008169100,terminal,0.5380997973986017,8,0.2301105213244547,"terminal: вход 70,000 KZT/1 перев., выход 0 KZT/0 перев.; seeds=1; confidence=0.54."
100000006020215100,distributor,0.5941494066042916,13,0.4754492521700909,"distributor: вход 30,000 KZT/1 перев., выход 33,800 KZT/2 перев.; seeds=7; confidence=0.59."
100000006030946100,terminal,0.5384388535470331,23,0.23646583640393237,"terminal: вход 73,289 KZT/1 перев., выход 0 KZT/0 перев.; seeds=1; confidence=0.54."
100000006048193100,terminal,0.535531243140243,1,0.2822112577259524,"terminal: вход 41,559 KZT/1 перев., выход 0 KZT/0 перев.; seeds=7; confidence=0.54."
100000006069103100,consolidator,0.5213256490162372,6,0.5362297637767054,"consolidator: вход 228,818 KZT/3 перев., выход 270,000 KZT/4 перев.; seeds=7; confidence=0.52."
100000006100920100,terminal,0.5410889707127086,1,0.31921125206126,"terminal: вход 100,000 KZT/1 перев., выход 0 KZT/0 перев.; seeds=7; confidence=0.54."
100000006111439100,distributor,0.5067342867764376,11,0.4920327954190635,"distributor: вход 20,570 KZT/3 перев., выход 24,000 KZT/4 перев.; seeds=7; confidence=0.51."
100000006111442100,terminal,0.5385287347186505,5,0.3869850448408634,"terminal: вход 64,000 KZT/1 перев., выход 0 KZT/0 перев.; seeds=8; confidence=0.54."
100000006122699100,terminal,0.5570222613996599,17,0.3688064479174375,"terminal: вход 45,865 KZT/2 перев., выход 0 KZT/0 перев.; seeds=7; confidence=0.56."
100000006126743100,terminal,0.5378912259800954,11,0.2668382598091689,"terminal: вход 55,000 KZT/1 перев., выход 0 KZT/0 перев.; seeds=7; confidence=0.54."
100000006161893100,terminal,0.5266750777893457,17,0.2871715401217396,"terminal: вход 14,000 KZT/1 перев., выход 0 KZT/0 перев.; seeds=7; confidence=0.53."
100000006165886100,consolidator,0.5267227951227922,1,0.3672429328381156,"consolidator: вход 184,481 KZT/2 перев., выход 75,000 KZT/1 перев.; seeds=7; confidence=0.53."
100000006169033100,distributor,0.6791203974719956,67,0.5510272786907804,"distributor: вход 49,000 KZT/1 перев., выход 1,140,271 KZT/10 перев.; seeds=7; confidence=0.68."
100000006171671100,peripheral,0.4023156852933736,1,0.1710899332272896,"peripheral: вход 10,000 KZT/1 перев., выход 0 KZT/0 перев.; seeds=7; confidence=0.40. Граница наблюдения."
100000006177176100,terminal,0.5241670143452949,17,0.23902568571045854,"terminal: вход 8,911 KZT/1 перев., выход 0 KZT/0 перев.; seeds=7; confidence=0.52."
100000006209210100,terminal,0.5454939632298464,2,0.34553520766116946,"terminal: вход 229,111 KZT/1 перев., выход 0 KZT/0 перев.; seeds=7; confidence=0.55."
100000006225798100,distributor,0.5695225278658436,29,0.5373738345829303,"distributor: вход 722,000 KZT/4 перев., выход 26,300 KZT/2 перев.; seeds=7; confidence=0.57."
100000006232642100,peripheral,0.4283866656432347,67,0.2703022826882561,"peripheral: вход 456,000 KZT/4 перев., выход 0 KZT/0 перев.; seeds=7; confidence=0.43. Граница наблюдения."
100000006232815100,distributor,0.6623712637623453,28,0.3279783924431366,"distributor: вход 160,000 KZT/2 перев., выход 296,500 KZT/5 перев.; seeds=0; confidence=0.66. Вход seed неполон."
100000006240939100,distributor,0.7616380461680267,42,0.4058282505047022,"distributor: вход 160,000 KZT/1 перев., выход 778,015 KZT/5 перев.; seeds=1; confidence=0.76."
100000006248077100,terminal,0.5360414913886424,17,0.27557478693113924,"terminal: вход 50,000 KZT/1 перев., выход 0 KZT/0 перев.; seeds=7; confidence=0.54."
100000006249740100,distributor,0.6185169784649686,84,0.24469403341020288,"distributor: вход 0 KZT/0 перев., выход 93,007 KZT/5 перев.; seeds=0; confidence=0.62. Вход seed неполон."
100000006257675100,peripheral,0.4138522778816462,33,0.22574234517973563,"peripheral: вход 70,000 KZT/2 перев., выход 0 KZT/0 перев.; seeds=7; confidence=0.41. Граница наблюдения."
100000006274203100,consolidator,0.5727948468812676,44,0.6717795427541151,"consolidator: вход 3,417,512 KZT/41 перев., выход 72,000 KZT/3 перев.; seeds=9; confidence=0.57."
100000006288612100,peripheral,0.4220376205867471,8,0.20288754364667907,"peripheral: вход 30,805 KZT/3 перев., выход 0 KZT/0 перев.; seeds=7; confidence=0.42. Граница наблюдения."
100000006308406100,peripheral,0.4138522778816462,33,0.2527959079700854,"peripheral: вход 183,000 KZT/2 перев., выход 0 KZT/0 перев.; seeds=7; confidence=0.41. Граница наблюдения."
100000006326645100,terminal,0.530825148890506,23,0.1862529919252959,"terminal: вход 25,264 KZT/1 перев., выход 0 KZT/0 перев.; seeds=1; confidence=0.53."
100000006351075100,peripheral,0.4138522778816462,66,0.1920448876834957,"peripheral: вход 40,000 KZT/2 перев., выход 0 KZT/0 перев.; seeds=7; confidence=0.41. Граница наблюдения."
100000006369769100,terminal,0.5340081426312049,23,0.20607977609527361,"terminal: вход 40,000 KZT/1 перев., выход 0 KZT/0 перев.; seeds=1; confidence=0.53."
100000006381453100,peripheral,0.4023156852933736,5,0.2837139011047456,"peripheral: вход 45,000 KZT/1 перев., выход 0 KZT/0 перев.; seeds=8; confidence=0.40. Граница наблюдения."
100000006385877100,peripheral,0.41921873090770334,5,0.25557747133591824,"peripheral: вход 53,707 KZT/5 перев., выход 36,603 KZT/5 перев.; seeds=1; confidence=0.42."
100000006412162100,peripheral,0.4138522778816462,48,0.1154060830272806,"peripheral: вход 15,000 KZT/2 перев., выход 0 KZT/0 перев.; seeds=1; confidence=0.41. Граница наблюдения."
100000006416061100,peripheral,0.4023156852933736,1,0.18368660589174773,"peripheral: вход 30,000 KZT/1 перев., выход 0 KZT/0 перев.; seeds=7; confidence=0.40. Граница наблюдения."
100000006424479100,distributor,0.7239684590218015,13,0.6814982967341836,"distributor: вход 500,000 KZT/2 перев., выход 220,000 KZT/3 перев.; seeds=10; confidence=0.72."
100000006443391100,distributor,0.7573331250844318,5,0.407308981806855,"distributor: вход 86,776 KZT/7 перев., выход 60,042 KZT/6 перев.; seeds=1; confidence=0.76."
100000006444163100,terminal,0.5242302399771422,1,0.2557868910851978,"terminal: вход 6,026 KZT/1 перев., выход 0 KZT/0 перев.; seeds=7; confidence=0.52."
100000006445501100,terminal,0.5398446823902678,12,0.40538746346900517,"terminal: вход 91,000 KZT/1 перев., выход 0 KZT/0 перев.; seeds=8; confidence=0.54."
100000006446271100,terminal,0.5610522095233458,3,0.485331838861275,"terminal: вход 80,000 KZT/2 перев., выход 0 KZT/0 перев.; seeds=10; confidence=0.56."
100000006471232100,terminal,0.5355601403682305,23,0.19435555840232552,"terminal: вход 41,800 KZT/1 перев., выход 0 KZT/0 перев.; seeds=1; confidence=0.54."
100000006476758100,terminal,0.5238227505243694,12,0.3707701547186208,"terminal: вход 5,200 KZT/1 перев., выход 0 KZT/0 перев.; seeds=8; confidence=0.52."
100000006490557100,terminal,0.5229537386675159,2,0.1431088448628072,"terminal: вход 5,000 KZT/1 перев., выход 0 KZT/0 перев.; seeds=1; confidence=0.52."
100000006490615100,peripheral,0.43796022211835384,13,0.2398435243171639,"peripheral: вход 41,600 KZT/6 перев., выход 0 KZT/0 перев.; seeds=7; confidence=0.44. Граница наблюдения."
100000006491272100,terminal,0.5325628095649133,23,0.17279786533600597,"terminal: вход 26,200 KZT/1 перев., выход 0 KZT/0 перев.; seeds=1; confidence=0.53."
100000006491963100,peripheral,0.4220376205867471,48,0.12498547211832836,"peripheral: вход 16,000 KZT/3 перев., выход 0 KZT/0 перев.; seeds=1; confidence=0.42. Граница наблюдения."
100000006492770100,peripheral,0.5193233164749516,1,0.35341005265537273,"peripheral: вход 269,000 KZT/1 перев., выход 20,000 KZT/1 перев.; seeds=7; confidence=0.52."
100000006512787100,peripheral,0.4138522778816462,1,0.2156126286091197,"peripheral: вход 20,000 KZT/2 перев., выход 0 KZT/0 перев.; seeds=7; confidence=0.41. Граница наблюдения."
100000006518161100,transit,0.6249952836114622,17,0.5894086765775424,"transit: вход 594,200 KZT/13 перев., выход 595,899 KZT/13 перев.; seeds=7; confidence=0.62."
100000006522972100,terminal,0.5252606287793863,11,0.2506351136054372,"terminal: вход 9,515 KZT/1 перев., выход 0 KZT/0 перев.; seeds=7; confidence=0.53."
100000006523053100,terminal,0.5229537386675159,3,0.40248605395489484,"terminal: вход 5,000 KZT/1 перев., выход 0 KZT/0 перев.; seeds=10; confidence=0.52."
100000006527156100,peripheral,0.4023156852933736,58,0.16394611269532114,"peripheral: вход 48,500 KZT/1 перев., выход 0 KZT/0 перев.; seeds=7; confidence=0.40. Граница наблюдения."
100000006530134100,terminal,0.5654963484593468,11,0.4066899101181511,"terminal: вход 144,663 KZT/2 перев., выход 0 KZT/0 перев.; seeds=7; confidence=0.57."
100000006532229100,terminal,0.5415262262970578,5,0.40566405856583637,"terminal: вход 105,000 KZT/1 перев., выход 0 KZT/0 перев.; seeds=8; confidence=0.54."
100000006534886100,peripheral,0.41624369169147035,17,0.3442863110813852,"peripheral: вход 71,700 KZT/5 перев., выход 167,500 KZT/8 перев.; seeds=7; confidence=0.42."
100000006557763100,terminal,0.5252049341684587,3,0.3914250475342359,"terminal: вход 10,000 KZT/1 перев., выход 0 KZT/0 перев.; seeds=10; confidence=0.53."
100000006562026100,terminal,0.5973485899022153,84,0.3964493315007293,"terminal: вход 75,000 KZT/6 перев., выход 0 KZT/0 перев.; seeds=2; confidence=0.60."
100000006564102100,terminal,0.5454369428784451,3,0.46852762953215715,"terminal: вход 233,235 KZT/1 перев., выход 0 KZT/0 перев.; seeds=9; confidence=0.55."
100000006567935100,terminal,0.5445675443996708,34,0.3293938155141792,"terminal: вход 200,000 KZT/1 перев., выход 0 KZT/0 перев.; seeds=7; confidence=0.54."
100000006573438100,terminal,0.5234105950034718,67,0.23941107658276475,"terminal: вход 5,000 KZT/1 перев., выход 0 KZT/0 перев.; seeds=7; confidence=0.52."
100000006579678100,distributor,0.5525025001459322,17,0.543765530659209,"distributor: вход 192,930 KZT/2 перев., выход 1,668,800 KZT/15 перев.; seeds=7; confidence=0.55."
100000006595426100,terminal,0.574542991308363,1,0.3737566523762758,"terminal: вход 84,800 KZT/3 перев., выход 0 KZT/0 перев.; seeds=7; confidence=0.57."
100000006612238100,peripheral,0.5736371842723437,23,0.22707609793675124,"peripheral: вход 160,000 KZT/1 перев., выход 25,000 KZT/1 перев.; seeds=1; confidence=0.57."
100000006638021100,consolidator,0.43623192054503934,61,0.4213343876616517,"consolidator: вход 388,500 KZT/2 перев., выход 0 KZT/0 перев.; seeds=9; confidence=0.44. Граница наблюдения."
100000006641671100,transit,0.7413877488249949,9,0.535645043568411,"transit: вход 22,000 KZT/2 перев., выход 25,000 KZT/3 перев.; seeds=7; confidence=0.74."
100000006656003100,peripheral,0.5247300149955173,23,0.19505796968275263,"peripheral: вход 20,000 KZT/1 перев., выход 9,000 KZT/1 перев.; seeds=1; confidence=0.52."
100000006658598100,terminal,0.5242288789920001,17,0.23933700423431242,"terminal: вход 9,000 KZT/1 перев., выход 0 KZT/0 перев.; seeds=7; confidence=0.52."
100000006664478100,transit,0.7354855298553865,42,0.44380615451978056,"transit: вход 55,000 KZT/3 перев., выход 60,000 KZT/2 перев.; seeds=1; confidence=0.74."
100000006679055100,terminal,0.5308556584257114,3,0.3790846062911536,"terminal: вход 25,000 KZT/1 перев., выход 0 KZT/0 перев.; seeds=9; confidence=0.53."
100000006684930100,terminal,0.5252049341684587,13,0.3725535945748418,"terminal: вход 10,000 KZT/1 перев., выход 0 KZT/0 перев.; seeds=10; confidence=0.53."
100000006687202100,terminal,0.5358301882313894,1,0.3003846587924727,"terminal: вход 50,000 KZT/1 перев., выход 0 KZT/0 перев.; seeds=7; confidence=0.54."
100000006689603100,peripheral,0.4138522778816462,9,0.24065529827630805,"peripheral: вход 400,000 KZT/2 перев., выход 0 KZT/0 перев.; seeds=7; confidence=0.41. Граница наблюдения."
100000006693788100,peripheral,0.4023156852933736,1,0.1744029987025778,"peripheral: вход 10,764 KZT/1 перев., выход 0 KZT/0 перев.; seeds=7; confidence=0.40. Граница наблюдения."
100000006701983100,terminal,0.5327792491402904,23,0.17412514189637868,"terminal: вход 27,000 KZT/1 перев., выход 0 KZT/0 перев.; seeds=1; confidence=0.53."
100000006704530100,distributor,0.6516235445528313,15,0.5308359361115814,"distributor: вход 450,500 KZT/1 перев., выход 428,000 KZT/5 перев.; seeds=7; confidence=0.65."
100000006706519100,peripheral,0.4220376205867471,1,0.2257771398697843,"peripheral: вход 36,000 KZT/3 перев., выход 0 KZT/0 перев.; seeds=7; confidence=0.42. Граница наблюдения."
100000006707582100,distributor,0.8366323426835224,12,0.568090170698054,"distributor: вход 39,520 KZT/2 перев., выход 961,138 KZT/15 перев.; seeds=1; confidence=0.84."
100000006710485100,terminal,0.5299335803120135,23,0.16303416999588527,"terminal: вход 20,000 KZT/1 перев., выход 0 KZT/0 перев.; seeds=1; confidence=0.53."
100000006714366100,transit,0.5260555220420857,13,0.376037486507079,"transit: вход 10,500 KZT/1 перев., выход 5,000 KZT/1 перев.; seeds=7; confidence=0.53."
100000006734214100,consolidator,0.544364434093783,11,0.5531426976427642,"consolidator: вход 610,000 KZT/10 перев., выход 36,000 KZT/4 перев.; seeds=7; confidence=0.54."
100000006734554100,peripheral,0.5313665842777417,28,0.22452718086213522,"peripheral: вход 16,500 KZT/1 перев., выход 25,000 KZT/1 перев.; seeds=1; confidence=0.53."
100000006735545100,peripheral,0.4023156852933736,9,0.1316400276034202,"peripheral: вход 5,000 KZT/1 перев., выход 0 KZT/0 перев.; seeds=7; confidence=0.40. Граница наблюдения."
100000006745291100,terminal,0.5392126502045723,12,0.4014806237932382,"terminal: вход 82,534 KZT/1 перев., выход 0 KZT/0 перев.; seeds=8; confidence=0.54."
100000006746688100,terminal,0.5354611882870716,23,0.1935395976425793,"terminal: вход 41,000 KZT/1 перев., выход 0 KZT/0 перев.; seeds=1; confidence=0.54."
100000006755850100,terminal,0.5830961318936407,11,0.5632762574657334,"terminal: вход 443,476 KZT/3 перев., выход 0 KZT/0 перев.; seeds=11; confidence=0.58."
100000006756956100,peripheral,0.44810860093660826,1,0.2502017765665867,"peripheral: вход 121,200 KZT/9 перев., выход 0 KZT/0 перев.; seeds=7; confidence=0.45. Граница наблюдения."
100000006787636100,terminal,0.5290856584538399,6,0.2750993568953398,"terminal: вход 20,000 KZT/1 перев., выход 0 KZT/0 перев.; seeds=7; confidence=0.53."
100000006788200100,consolidator,0.5211826709644821,42,0.5133943111638032,"consolidator: вход 272,156 KZT/4 перев., выход 64,500 KZT/4 перев.; seeds=7; confidence=0.52."
100000006789108100,terminal,0.5334963896875772,12,0.364849789147505,"terminal: вход 37,500 KZT/1 перев., выход 0 KZT/0 перев.; seeds=8; confidence=0.53."
100000006831291100,peripheral,0.42258572139270395,84,0.15851753490974066,"peripheral: вход 0 KZT/0 перев., выход 15,000 KZT/3 перев.; seeds=0; confidence=0.42. Вход seed неполон."
100000006844004100,terminal,0.5303492433629172,1,0.29850614759220107,"terminal: вход 20,600 KZT/1 перев., выход 0 KZT/0 перев.; seeds=7; confidence=0.53."
100000006844768100,distributor,0.493378741814406,1,0.483113158110022,"distributor: вход 282,000 KZT/5 перев., выход 188,000 KZT/5 перев.; seeds=7; confidence=0.49."
100000006852430100,terminal,0.533834232557779,12,0.4526398433212506,"terminal: вход 37,000 KZT/1 перев., выход 0 KZT/0 перев.; seeds=11; confidence=0.53."
100000006866783100,distributor,0.7219904111017641,1,0.5558341300727594,"distributor: вход 838,812 KZT/31 перев., выход 3,948,037 KZT/90 перев.; seeds=6; confidence=0.72. Вход seed неполон."
100000006866831100,peripheral,0.4023156852933736,1,0.1647424369497513,"peripheral: вход 16,500 KZT/1 перев., выход 0 KZT/0 перев.; seeds=7; confidence=0.40. Граница наблюдения."
100000006882208100,terminal,0.5291752373243244,17,0.30554856662801855,"terminal: вход 18,000 KZT/1 перев., выход 0 KZT/0 перев.; seeds=7; confidence=0.53."
100000006888238100,peripheral,0.37932695579914916,53,0.27085671251115545,"peripheral: вход 18,000 KZT/1 перев., выход 30,000 KZT/1 перев.; seeds=1; confidence=0.38."
100000006889963100,consolidator,0.8037788614906107,11,0.7786150237346013,"consolidator: вход 1,431,000 KZT/6 перев., выход 443,476 KZT/3 перев.; seeds=11; confidence=0.80."
100000006894637100,terminal,0.5375701385767556,1,0.27579123561365865,"terminal: вход 52,831 KZT/1 перев., выход 0 KZT/0 перев.; seeds=7; confidence=0.54."
100000006901046100,peripheral,0.600586323232923,17,0.356712691583559,"peripheral: вход 75,800 KZT/3 перев., выход 5,500 KZT/1 перев.; seeds=7; confidence=0.60."
100000006903193100,peripheral,0.4023156852933736,1,0.14140679978351733,"peripheral: вход 9,000 KZT/1 перев., выход 0 KZT/0 перев.; seeds=7; confidence=0.40. Граница наблюдения."
100000006912294100,distributor,0.5831338106435292,5,0.31376396255388905,"distributor: вход 6,335 KZT/1 перев., выход 30,000 KZT/2 перев.; seeds=1; confidence=0.58."
100000006918814100,peripheral,0.4138522778816462,3,0.18925284718904872,"peripheral: вход 20,000 KZT/2 перев., выход 0 KZT/0 перев.; seeds=7; confidence=0.41. Граница наблюдения."
100000006919124100,terminal,0.5319069261883893,1,0.24306130001707713,"terminal: вход 25,000 KZT/1 перев., выход 0 KZT/0 перев.; seeds=7; confidence=0.53."
100000006952718100,terminal,0.5383314714498845,17,0.30883489983801865,"terminal: вход 71,489 KZT/1 перев., выход 0 KZT/0 перев.; seeds=7; confidence=0.54."
100000006965162100,terminal,0.5257777217627762,16,0.25535478281952606,"terminal: вход 10,000 KZT/1 перев., выход 0 KZT/0 перев.; seeds=7; confidence=0.53."
100000006967370100,peripheral,0.37049621538430866,29,0.31372418460224455,"peripheral: вход 33,225 KZT/1 перев., выход 13,526 KZT/1 перев.; seeds=7; confidence=0.37."
100000006972210100,terminal,0.5929779059739482,5,0.5559986583564691,"terminal: вход 488,775 KZT/4 перев., выход 0 KZT/0 перев.; seeds=8; confidence=0.59."
100000006977207100,distributor,0.7156490142255675,36,0.4874107036129743,"distributor: вход 414,000 KZT/1 перев., выход 4,157,018 KZT/15 перев.; seeds=1; confidence=0.72."
100000006989106100,terminal,0.5598736285406273,2,0.2922090510818171,"terminal: вход 64,000 KZT/2 перев., выход 0 KZT/0 перев.; seeds=1; confidence=0.56."
100000006989232100,terminal,0.5307161544595655,1,0.23856937271676423,"terminal: вход 22,194 KZT/1 перев., выход 0 KZT/0 перев.; seeds=7; confidence=0.53."
100000006994985100,peripheral,0.5333635533272107,42,0.38035722740829186,"peripheral: вход 48,500 KZT/2 перев., выход 10,200 KZT/2 перев.; seeds=7; confidence=0.53."
100000007005380100,terminal,0.5251777342599594,11,0.25001719888563323,"terminal: вход 9,400 KZT/1 перев., выход 0 KZT/0 перев.; seeds=7; confidence=0.53."
100000007018630100,peripheral,0.4341372965687536,38,0.17740132441288317,"peripheral: вход 0 KZT/0 перев., выход 200,000 KZT/5 перев.; seeds=0; confidence=0.43. Вход seed неполон."
100000007020162100,terminal,0.5400760876448447,41,0.3074184739443419,"terminal: вход 86,395 KZT/1 перев., выход 0 KZT/0 перев.; seeds=7; confidence=0.54."
100000007022818100,terminal,0.5287175477446479,23,0.15535323356153188,"terminal: вход 17,200 KZT/1 перев., выход 0 KZT/0 перев.; seeds=1; confidence=0.53."
100000007034089100,consolidator,0.42100854164394813,5,0.37077902574306276,"consolidator: вход 198,000 KZT/2 перев., выход 0 KZT/0 перев.; seeds=8; confidence=0.42. Граница наблюдения."
100000007042175100,peripheral,0.4023156852933736,1,0.20335856546636852,"peripheral: вход 60,000 KZT/1 перев., выход 0 KZT/0 перев.; seeds=7; confidence=0.40. Граница наблюдения."
100000007055802100,consolidator,0.7706158523962542,1,0.623522609904065,"consolidator: вход 2,024,999 KZT/34 перев., выход 605,000 KZT/7 перев.; seeds=7; confidence=0.77."
100000007071852100,peripheral,0.4023156852933736,9,0.21457521357985423,"peripheral: вход 195,000 KZT/1 перев., выход 0 KZT/0 перев.; seeds=7; confidence=0.40. Граница наблюдения."
100000007129492100,consolidator,0.716351316322409,12,0.650989462069504,"consolidator: вход 50,990 KZT/2 перев., выход 37,000 KZT/1 перев.; seeds=11; confidence=0.72."
100000007131370100,peripheral,0.3706858239081177,4,0.30835978855295243,"peripheral: вход 30,000 KZT/1 перев., выход 30,000 KZT/1 перев.; seeds=7; confidence=0.37."
100000007138613100,consolidator,0.564902833097638,1,0.5289120336688701,"consolidator: вход 1,002,000 KZT/3 перев., выход 179,000 KZT/2 перев.; seeds=7; confidence=0.56."
100000007140834100,terminal,0.5486329516556561,42,0.339544020094638,"terminal: вход 10,200 KZT/2 перев., выход 0 KZT/0 перев.; seeds=7; confidence=0.55."
100000007153161100,peripheral,0.4023156852933736,1,0.19506132570905693,"peripheral: вход 44,997 KZT/1 перев., выход 0 KZT/0 перев.; seeds=7; confidence=0.40. Граница наблюдения."
100000007170072100,transit,0.8054966158027558,9,0.5709488913062956,"transit: вход 100,000 KZT/1 перев., выход 99,500 KZT/9 перев.; seeds=7; confidence=0.81."
100000007173936100,terminal,0.5252049341684587,34,0.22425237760928768,"terminal: вход 10,000 KZT/1 перев., выход 0 KZT/0 перев.; seeds=7; confidence=0.53."
100000007175718100,terminal,0.5288110237342467,56,0.19995167007356596,"terminal: вход 20,000 KZT/1 перев., выход 0 KZT/0 перев.; seeds=1; confidence=0.53."
100000007181706100,terminal,0.5655775535654018,3,0.5368420843211318,"terminal: вход 176,272 KZT/2 перев., выход 0 KZT/0 перев.; seeds=10; confidence=0.57."
100000007197866100,transit,0.6734620010917715,9,0.43738247241878586,"transit: вход 20,000 KZT/1 перев., выход 15,000 KZT/1 перев.; seeds=7; confidence=0.67."
100000007229557100,terminal,0.5855836206562272,47,0.578635041496584,"terminal: вход 878,000 KZT/3 перев., выход 0 KZT/0 перев.; seeds=9; confidence=0.59."
100000007242833100,transit,0.561580810389522,8,0.5416612741750486,"transit: вход 107,500 KZT/3 перев., выход 45,000 KZT/2 перев.; seeds=9; confidence=0.56."
100000007267915100,consolidator,0.5815297879100356,29,0.44149683932290223,"consolidator: вход 21,000 KZT/3 перев., выход 10,000 KZT/1 перев.; seeds=7; confidence=0.58."
100000007274584100,terminal,0.5336189195725406,3,0.4044902146272089,"terminal: вход 38,000 KZT/1 перев., выход 0 KZT/0 перев.; seeds=10; confidence=0.53."
100000007281639100,terminal,0.5896104436145816,17,0.4549198929861741,"terminal: вход 216,770 KZT/4 перев., выход 0 KZT/0 перев.; seeds=7; confidence=0.59."
100000007283257100,terminal,0.6084233575427006,74,0.3488628291840589,"terminal: вход 192,000 KZT/7 перев., выход 0 KZT/0 перев.; seeds=1; confidence=0.61."
100000007289427100,terminal,0.5262209555140199,3,0.1938215560624903,"terminal: вход 12,300 KZT/1 перев., выход 0 KZT/0 перев.; seeds=1; confidence=0.53."
100000007303047100,terminal,0.5375123441207805,23,0.20560805225618725,"terminal: вход 52,250 KZT/1 перев., выход 0 KZT/0 перев.; seeds=1; confidence=0.54."
100000007311010100,consolidator,0.6476496992928027,3,0.5953757490018166,"consolidator: вход 64,480 KZT/2 перев., выход 20,000 KZT/1 перев.; seeds=10; confidence=0.65."
100000007322059100,consolidator,0.647192423666797,43,0.5951524906355528,"consolidator: вход 29,000 KZT/2 перев., выход 22,500 KZT/2 перев.; seeds=8; confidence=0.65."
100000007330432100,peripheral,0.4023156852933736,85,0.24116528161841008,"peripheral: вход 584,900 KZT/1 перев., выход 0 KZT/0 перев.; seeds=7; confidence=0.40. Граница наблюдения."
100000007333038100,distributor,0.7070991614673747,25,0.3889676538376166,"distributor: вход 17,500 KZT/1 перев., выход 34,994 KZT/2 перев.; seeds=1; confidence=0.71."
100000007334196100,terminal,0.5428788633824401,12,0.4257083150549869,"terminal: вход 150,002 KZT/1 перев., выход 0 KZT/0 перев.; seeds=8; confidence=0.54."
100000007337374100,terminal,0.5510548603366011,23,0.21340100156282818,"terminal: вход 20,000 KZT/2 перев., выход 0 KZT/0 перев.; seeds=1; confidence=0.55."
100000007347733100,terminal,0.5297361060442056,84,0.21835993189833908,"terminal: вход 23,007 KZT/1 перев., выход 0 KZT/0 перев.; seeds=1; confidence=0.53."
100000007357489100,consolidator,0.419041511757283,5,0.36377106414013316,"consolidator: вход 164,500 KZT/2 перев., выход 0 KZT/0 перев.; seeds=8; confidence=0.42. Граница наблюдения."
100000007381662100,peripheral,0.4023156852933736,1,0.14154413111821246,"peripheral: вход 11,000 KZT/1 перев., выход 0 KZT/0 перев.; seeds=7; confidence=0.40. Граница наблюдения."
100000007382152100,terminal,0.523549364570419,1,0.2203429805055901,"terminal: вход 5,860 KZT/1 перев., выход 0 KZT/0 перев.; seeds=7; confidence=0.52."
100000007382543100,consolidator,0.5870459905580373,16,0.5572812848942507,"consolidator: вход 218,000 KZT/3 перев., выход 427,000 KZT/8 перев.; seeds=7; confidence=0.59."
100000007390016100,transit,0.5236790950685043,86,0.43060274695326534,"transit: вход 511,000 KZT/13 перев., выход 346,500 KZT/14 перев.; seeds=7; confidence=0.52."
100000007392365100,distributor,0.6704175148007148,66,0.5211079758625948,"distributor: вход 9,613 KZT/1 перев., выход 1,765,600 KZT/9 перев.; seeds=7; confidence=0.67."
100000007442518100,distributor,0.7287595936269591,34,0.6350586741672993,"distributor: вход 510,000 KZT/8 перев., выход 4,419,999 KZT/12 перев.; seeds=7; confidence=0.73."
100000007472293100,distributor,0.7492725872714144,61,0.6537488672423014,"distributor: вход 5,000 KZT/1 перев., выход 345,900 KZT/3 перев.; seeds=9; confidence=0.75."
100000007484343100,terminal,0.5551051256525843,1,0.32300586322855585,"terminal: вход 26,757 KZT/2 перев., выход 0 KZT/0 перев.; seeds=7; confidence=0.56."
100000007487729100,terminal,0.5319069261883893,1,0.2622504203517228,"terminal: вход 25,000 KZT/1 перев., выход 0 KZT/0 перев.; seeds=7; confidence=0.53."
100000007507343100,terminal,0.5472839281824281,59,0.31636251283875644,"terminal: вход 370,000 KZT/1 перев., выход 0 KZT/0 перев.; seeds=1; confidence=0.55."
100000007510567100,peripheral,0.4023156852933736,19,0.1703772479805788,"peripheral: вход 52,000 KZT/1 перев., выход 0 KZT/0 перев.; seeds=7; confidence=0.40. Граница наблюдения."
100000007510875100,terminal,0.5234105950034718,5,0.1825286965860853,"terminal: вход 5,000 KZT/1 перев., выход 0 KZT/0 перев.; seeds=1; confidence=0.52."
100000007511163100,distributor,0.5890060357081998,17,0.5354048112435191,"distributor: вход 63,666 KZT/2 перев., выход 82,052 KZT/3 перев.; seeds=7; confidence=0.59."
100000007511780100,peripheral,0.4138522778816462,1,0.25322418590892937,"peripheral: вход 155,000 KZT/2 перев., выход 0 KZT/0 перев.; seeds=7; confidence=0.41. Граница наблюдения."
100000007534354100,distributor,0.6317435141523938,25,0.33915750015055585,"distributor: вход 50,000 KZT/1 перев., выход 147,810 KZT/3 перев.; seeds=1; confidence=0.63."
100000007536804100,distributor,0.7079839769362158,2,0.31962208562474437,"distributor: вход 100,000 KZT/1 перев., выход 55,000 KZT/2 перев.; seeds=1; confidence=0.71."
100000007539296100,peripheral,0.4138522778816462,11,0.23380667591615292,"peripheral: вход 46,000 KZT/2 перев., выход 0 KZT/0 перев.; seeds=7; confidence=0.41. Граница наблюдения."
100000007544358100,consolidator,0.6294075104709992,17,0.5027431509208999,"consolidator: вход 322,500 KZT/2 перев., выход 350,000 KZT/3 перев.; seeds=7; confidence=0.63."
100000007591246100,peripheral,0.5575601000023244,13,0.4042862025735195,"peripheral: вход 12,190 KZT/1 перев., выход 120,000 KZT/1 перев.; seeds=7; confidence=0.56."
100000007593823100,distributor,0.7082732343757413,1,0.5533630168570159,"distributor: вход 25,000 KZT/3 перев., выход 162,900 KZT/21 перев.; seeds=7; confidence=0.71."
100000007594394100,consolidator,0.7582421432497669,44,0.7368895343440217,"consolidator: вход 395,385 KZT/6 перев., выход 3,376,312 KZT/40 перев.; seeds=9; confidence=0.76."
100000007597382100,terminal,0.5281483560520865,11,0.22806040652196133,"terminal: вход 15,700 KZT/1 перев., выход 0 KZT/0 перев.; seeds=7; confidence=0.53."
100000007617808100,terminal,0.5480962734248498,17,0.3631494640911952,"terminal: вход 450,000 KZT/1 перев., выход 0 KZT/0 перев.; seeds=7; confidence=0.55."
100000007618425100,terminal,0.5350782196286912,29,0.2769395085484648,"terminal: вход 39,348 KZT/1 перев., выход 0 KZT/0 перев.; seeds=7; confidence=0.54."
100000007629096100,consolidator,0.533020827084864,1,0.5455446256624857,"consolidator: вход 1,075,170 KZT/5 перев., выход 765,205 KZT/5 перев.; seeds=7; confidence=0.53."
100000007629121100,terminal,0.5319666942694177,3,0.42308374955720074,"terminal: вход 29,000 KZT/1 перев., выход 0 KZT/0 перев.; seeds=10; confidence=0.53."
100000007631637100,terminal,0.5267935226136442,23,0.16636529685311574,"terminal: вход 15,341 KZT/1 перев., выход 0 KZT/0 перев.; seeds=1; confidence=0.53."
100000007639767100,distributor,0.7208584449350928,1,0.592456046355138,"distributor: вход 90,913 KZT/4 перев., выход 822,244 KZT/13 перев.; seeds=7; confidence=0.72."
100000007641183100,terminal,0.5315849971686772,17,0.2660961399485745,"terminal: вход 28,000 KZT/1 перев., выход 0 KZT/0 перев.; seeds=7; confidence=0.53."
100000007641801100,terminal,0.5445077041051021,2,0.2586536629654956,"terminal: вход 200,000 KZT/1 перев., выход 0 KZT/0 перев.; seeds=1; confidence=0.54."
100000007647294100,terminal,0.5478153951552817,39,0.3782815894394559,"terminal: вход 385,000 KZT/1 перев., выход 0 KZT/0 перев.; seeds=7; confidence=0.55."
100000007648946100,transit,0.5132227324637507,13,0.40721048858542025,"transit: вход 19,550 KZT/1 перев., выход 25,000 KZT/1 перев.; seeds=7; confidence=0.51."
100000007653003100,terminal,0.5410889707127086,29,0.30838524771675146,"terminal: вход 100,000 KZT/1 перев., выход 0 KZT/0 перев.; seeds=7; confidence=0.54."
100000007653094100,peripheral,0.4023156852933736,13,0.18553729791172507,"peripheral: вход 16,000 KZT/1 перев., выход 0 KZT/0 перев.; seeds=7; confidence=0.40. Граница наблюдения."
100000007689942100,distributor,0.5905945710511344,44,0.48981075720113354,"distributor: вход 5,000 KZT/1 перев., выход 25,000 KZT/2 перев.; seeds=7; confidence=0.59."
100000007731977100,peripheral,0.4023156852933736,1,0.17866582251514915,"peripheral: вход 50,000 KZT/1 перев., выход 0 KZT/0 перев.; seeds=7; confidence=0.40. Граница наблюдения."
100000007737775100,terminal,0.524153910108108,54,0.3442462337084746,"terminal: вход 6,000 KZT/1 перев., выход 0 KZT/0 перев.; seeds=8; confidence=0.52."
100000007745062100,peripheral,0.4023156852933736,8,0.3161033117557651,"peripheral: вход 100,000 KZT/1 перев., выход 0 KZT/0 перев.; seeds=9; confidence=0.40. Граница наблюдения."
100000007747786100,distributor,0.7171989857293521,2,0.3226103830803123,"distributor: вход 0 KZT/0 перев., выход 4,238,009 KZT/35 перев.; seeds=0; confidence=0.72. Вход seed неполон."
100000007749092100,peripheral,0.6511381120529447,17,0.39638199548721975,"peripheral: вход 7,650 KZT/1 перев., выход 70,375 KZT/5 перев.; seeds=7; confidence=0.65."
100000007749747100,peripheral,0.4023156852933736,5,0.27300126827107346,"peripheral: вход 50,000 KZT/1 перев., выход 0 KZT/0 перев.; seeds=8; confidence=0.40. Граница наблюдения."
100000007754369100,terminal,0.5398122154284208,1,0.29235880300974365,"terminal: вход 82,424 KZT/1 перев., выход 0 KZT/0 перев.; seeds=7; confidence=0.54."
100000007777377100,distributor,0.6230668615977311,17,0.5382645585989702,"distributor: вход 456,290 KZT/7 перев., выход 10,000 KZT/2 перев.; seeds=7; confidence=0.62."
100000007793871100,terminal,0.5677118779933578,12,0.46288015337206295,"terminal: вход 26,000 KZT/3 перев., выход 0 KZT/0 перев.; seeds=8; confidence=0.57."
100000007797290100,peripheral,0.5352530166891742,1,0.34447753817492976,"peripheral: вход 100,000 KZT/1 перев., выход 20,000 KZT/1 перев.; seeds=7; confidence=0.54."
100000007811950100,peripheral,0.4023156852933736,14,0.20277937797868423,"peripheral: вход 50,000 KZT/1 перев., выход 0 KZT/0 перев.; seeds=7; confidence=0.40. Граница наблюдения."
100000007841978100,peripheral,0.4023156852933736,11,0.2331775310811666,"peripheral: вход 449,000 KZT/1 перев., выход 0 KZT/0 перев.; seeds=7; confidence=0.40. Граница наблюдения."
100000007861311100,terminal,0.5348625286210404,2,0.2237710555861166,"terminal: вход 45,000 KZT/1 перев., выход 0 KZT/0 перев.; seeds=1; confidence=0.53."
100000007863304100,terminal,0.5319069261883893,11,0.2415808567316359,"terminal: вход 25,000 KZT/1 перев., выход 0 KZT/0 перев.; seeds=7; confidence=0.53."
100000007864477100,distributor,0.6905385340060185,1,0.5567183838073007,"distributor: вход 76,000 KZT/2 перев., выход 203,500 KZT/10 перев.; seeds=7; confidence=0.69."
100000007865484100,peripheral,0.4138522778816462,66,0.2529987347208086,"peripheral: вход 584,600 KZT/2 перев., выход 0 KZT/0 перев.; seeds=7; confidence=0.41. Граница наблюдения."
100000007867364100,peripheral,0.4023156852933736,44,0.19052776343337738,"peripheral: вход 41,852 KZT/1 перев., выход 0 KZT/0 перев.; seeds=7; confidence=0.40. Граница наблюдения."
100000007898453100,distributor,0.5949346151757472,3,0.5902997567612536,"distributor: вход 24,750 KZT/1 перев., выход 320,000 KZT/2 перев.; seeds=10; confidence=0.59."
100000007908818100,consolidator,0.7746421568432991,3,0.7682565109369467,"consolidator: вход 727,475 KZT/4 перев., выход 302,000 KZT/13 перев.; seeds=11; confidence=0.77."
100000007930878100,terminal,0.5229537386675159,24,0.19576762248991586,"terminal: вход 5,000 KZT/1 перев., выход 0 KZT/0 перев.; seeds=1; confidence=0.52."
100000007938486100,terminal,0.5338219860303655,23,0.20517437901280777,"terminal: вход 39,500 KZT/1 перев., выход 0 KZT/0 перев.; seeds=1; confidence=0.53."
100000007939160100,distributor,0.7137525637027781,24,0.4483254495773469,"distributor: вход 795,000 KZT/2 перев., выход 14,300 KZT/2 перев.; seeds=1; confidence=0.71."
100000007953156100,peripheral,0.49142312455475895,41,0.44165869868975705,"peripheral: вход 18,000 KZT/1 перев., выход 10,000 KZT/1 перев.; seeds=8; confidence=0.49."
100000007960337100,peripheral,0.4023156852933736,9,0.1622367017460713,"peripheral: вход 35,500 KZT/1 перев., выход 0 KZT/0 перев.; seeds=7; confidence=0.40. Граница наблюдения."
100000007982728100,distributor,0.6864091958934314,42,0.30501920502892554,"distributor: вход 0 KZT/0 перев., выход 1,804,384 KZT/12 перев.; seeds=0; confidence=0.69. Вход seed неполон."
100000007982908100,terminal,0.5328524399444535,23,0.18996730332127976,"terminal: вход 31,080 KZT/1 перев., выход 0 KZT/0 перев.; seeds=1; confidence=0.53."
100000007988344100,peripheral,0.4220376205867471,1,0.2152490845140296,"peripheral: вход 20,000 KZT/3 перев., выход 0 KZT/0 перев.; seeds=7; confidence=0.42. Граница наблюдения."
100000007997939100,peripheral,0.4023156852933736,5,0.2589234973559608,"peripheral: вход 13,000 KZT/1 перев., выход 0 KZT/0 перев.; seeds=9; confidence=0.40. Граница наблюдения."
100000007998965100,consolidator,0.7090293639474856,12,0.6739015195320147,"consolidator: вход 278,000 KZT/7 перев., выход 26,000 KZT/3 перев.; seeds=8; confidence=0.71."
100000007999728100,terminal,0.5310220532047623,41,0.2539518767178836,"terminal: вход 23,250 KZT/1 перев., выход 0 KZT/0 перев.; seeds=7; confidence=0.53."
100000008002020100,peripheral,0.5967607300187011,8,0.25009058983467314,"peripheral: вход 73,860 KZT/1 перев., выход 17,000 KZT/1 перев.; seeds=1; confidence=0.60."
100000008003034100,distributor,0.645396624293596,13,0.5194599661793413,"distributor: вход 12,201 KZT/1 перев., выход 135,000 KZT/4 перев.; seeds=7; confidence=0.65."
100000008008463100,terminal,0.5369829179108817,42,0.20682511568521297,"terminal: вход 54,180 KZT/1 перев., выход 0 KZT/0 перев.; seeds=1; confidence=0.54."
100000008011159100,distributor,0.6836301845654491,67,0.5719356541438803,"distributor: вход 363,000 KZT/6 перев., выход 153,037 KZT/5 перев.; seeds=7; confidence=0.68."
100000008011573100,terminal,0.5277097811545285,29,0.2362633664814542,"terminal: вход 15,000 KZT/1 перев., выход 0 KZT/0 перев.; seeds=7; confidence=0.53."
100000008027922100,peripheral,0.4023156852933736,30,0.2013105423762494,"peripheral: вход 70,000 KZT/1 перев., выход 0 KZT/0 перев.; seeds=7; confidence=0.40. Граница наблюдения."
100000008028628100,terminal,0.536958899659897,23,0.2251745688155475,"terminal: вход 57,224 KZT/1 перев., выход 0 KZT/0 перев.; seeds=1; confidence=0.54."
100000008029279100,terminal,0.5285422657944546,9,0.23744461342242923,"terminal: вход 17,000 KZT/1 перев., выход 0 KZT/0 перев.; seeds=7; confidence=0.53."
100000008038077100,terminal,0.5712212813276637,11,0.38930301984543303,"terminal: вход 499,850 KZT/2 перев., выход 0 KZT/0 перев.; seeds=7; confidence=0.57."
100000008042075100,terminal,0.5234105950034718,22,0.15117846938263924,"terminal: вход 5,000 KZT/1 перев., выход 0 KZT/0 перев.; seeds=1; confidence=0.52."
100000008043184100,terminal,0.5372440954707616,29,0.281626557082339,"terminal: вход 50,564 KZT/1 перев., выход 0 KZT/0 перев.; seeds=7; confidence=0.54."
100000008050986100,peripheral,0.4138522778816462,11,0.221234173881426,"peripheral: вход 95,000 KZT/2 перев., выход 0 KZT/0 перев.; seeds=7; confidence=0.41. Граница наблюдения."
100000008055972100,terminal,0.5329812401016738,23,0.17450013422268323,"terminal: вход 28,300 KZT/1 перев., выход 0 KZT/0 перев.; seeds=1; confidence=0.53."
100000008060273100,terminal,0.54717413605122,3,0.4138778319372844,"terminal: вход 10,000 KZT/2 перев., выход 0 KZT/0 перев.; seeds=11; confidence=0.55."
100000008066326100,terminal,0.5284007299325323,1,0.25732665699742935,"terminal: вход 19,320 KZT/1 перев., выход 0 KZT/0 перев.; seeds=7; confidence=0.53."
100000008070101100,terminal,0.5410889707127086,5,0.3932349406053347,"terminal: вход 100,000 KZT/1 перев., выход 0 KZT/0 перев.; seeds=8; confidence=0.54."
100000008071620100,terminal,0.5350271472326693,1,0.2960316169679449,"terminal: вход 46,968 KZT/1 перев., выход 0 KZT/0 перев.; seeds=7; confidence=0.54."
100000008071749100,peripheral,0.4023156852933736,19,0.15040175485113466,"peripheral: вход 24,943 KZT/1 перев., выход 0 KZT/0 перев.; seeds=7; confidence=0.40. Граница наблюдения."
100000008074304100,peripheral,0.4023156852933736,11,0.14980896241769365,"peripheral: вход 5,500 KZT/1 перев., выход 0 KZT/0 перев.; seeds=7; confidence=0.40. Граница наблюдения."
100000008077552100,terminal,0.5452033820022324,9,0.3386529930367682,"terminal: вход 214,000 KZT/1 перев., выход 0 KZT/0 перев.; seeds=7; confidence=0.55."
100000008086440100,distributor,0.6772766658357582,1,0.5590019817294888,"distributor: вход 199,733 KZT/1 перев., выход 161,300 KZT/6 перев.; seeds=7; confidence=0.68."
100000008088082100,transit,0.5262258722653801,13,0.40446344305747306,"transit: вход 39,138 KZT/1 перев., выход 50,000 KZT/1 перев.; seeds=7; confidence=0.53."
100000008094734100,terminal,0.5900563191994377,1,0.539515532629743,"terminal: вход 236,249 KZT/4 перев., выход 0 KZT/0 перев.; seeds=8; confidence=0.59."
100000008097580100,terminal,0.5789317160913819,9,0.4257447933746931,"terminal: вход 32,000 KZT/4 перев., выход 0 KZT/0 перев.; seeds=7; confidence=0.58."
100000008104567100,consolidator,0.502329917731779,19,0.5107198778293848,"consolidator: вход 53,550 KZT/3 перев., выход 40,000 KZT/4 перев.; seeds=7; confidence=0.50."
100000008106997100,consolidator,0.455135947481836,1,0.41691082536608914,"consolidator: вход 35,600 KZT/2 перев., выход 20,600 KZT/1 перев.; seeds=7; confidence=0.46."
100000008111003100,consolidator,0.6751805352483923,1,0.5686957611293771,"consolidator: вход 222,716 KZT/9 перев., выход 35,000 KZT/1 перев.; seeds=7; confidence=0.68."
100000008116374100,terminal,0.5324663240973635,17,0.2717143895778333,"terminal: вход 31,284 KZT/1 перев., выход 0 KZT/0 перев.; seeds=7; confidence=0.53."
100000008117324100,peripheral,0.1812375,87,0.05807830295966453,"peripheral: вход 0 KZT/0 перев., выход 0 KZT/0 перев.; seeds=0; confidence=0.18. Вход seed неполон."
100000008121806100,distributor,0.7855039378102775,9,0.6028093838229124,"distributor: вход 67,000 KZT/1 перев., выход 248,509 KZT/6 перев.; seeds=7; confidence=0.79."
100000008129393100,terminal,0.524735567989113,84,0.1918080885700309,"terminal: вход 10,000 KZT/1 перев., выход 0 KZT/0 перев.; seeds=1; confidence=0.52."
100000008130868100,peripheral,0.4023156852933736,25,0.12405515964421875,"peripheral: вход 22,782 KZT/1 перев., выход 0 KZT/0 перев.; seeds=1; confidence=0.40. Граница наблюдения."
100000008136608100,peripheral,0.4023156852933736,19,0.2249413440196688,"peripheral: вход 170,000 KZT/1 перев., выход 0 KZT/0 перев.; seeds=7; confidence=0.40. Граница наблюдения."
100000008137435100,distributor,0.6860165299124396,30,0.5848407098643774,"distributor: вход 93,906 KZT/2 перев., выход 1,419,700 KZT/7 перев.; seeds=7; confidence=0.69."
100000008141170100,terminal,0.5258965783686431,17,0.30225046177049625,"terminal: вход 11,000 KZT/1 перев., выход 0 KZT/0 перев.; seeds=7; confidence=0.53."
100000008144528100,terminal,0.6369617593365,17,0.5250937615394637,"terminal: вход 1,068,203 KZT/13 перев., выход 0 KZT/0 перев.; seeds=7; confidence=0.64."
100000008151098100,peripheral,0.4023156852933736,15,0.16176618362610554,"peripheral: вход 30,000 KZT/1 перев., выход 0 KZT/0 перев.; seeds=7; confidence=0.40. Граница наблюдения."
100000008165763100,consolidator,0.7679031113846272,3,0.7634935152075216,"consolidator: вход 1,165,815 KZT/26 перев., выход 1,267,858 KZT/17 перев.; seeds=9; confidence=0.77."
100000008168850100,peripheral,0.4138522778816462,11,0.2514605038058508,"peripheral: вход 187,910 KZT/2 перев., выход 0 KZT/0 перев.; seeds=7; confidence=0.41. Граница наблюдения."
100000008169544100,distributor,0.6596296340342835,17,0.5259420757542709,"distributor: вход 137,104 KZT/2 перев., выход 42,800 KZT/7 перев.; seeds=7; confidence=0.66."
100000008172352100,consolidator,0.5540940334829578,43,0.6219684851083863,"consolidator: вход 90,265 KZT/3 перев., выход 289,510 KZT/8 перев.; seeds=8; confidence=0.55."
100000008172721100,peripheral,0.4023156852933736,9,0.20762665124413665,"peripheral: вход 168,335 KZT/1 перев., выход 0 KZT/0 перев.; seeds=7; confidence=0.40. Граница наблюдения."
100000008173359100,terminal,0.5235296218650878,17,0.23874889205629443,"terminal: вход 6,110 KZT/1 перев., выход 0 KZT/0 перев.; seeds=7; confidence=0.52."
100000008174521100,terminal,0.5393439121255106,17,0.3295163488410275,"terminal: вход 82,110 KZT/1 перев., выход 0 KZT/0 перев.; seeds=7; confidence=0.54."
100000008175078100,peripheral,0.45,21,0.2960361363804628,"peripheral: вход 1,846,711 KZT/15 перев., выход 0 KZT/0 перев.; seeds=7; confidence=0.45. Граница наблюдения."
100000008183752100,peripheral,0.4023156852933736,47,0.29484861347035146,"peripheral: вход 140,000 KZT/1 перев., выход 0 KZT/0 перев.; seeds=8; confidence=0.40. Граница наблюдения."
100000008188026100,distributor,0.7958621687376672,4,0.598807008409092,"distributor: вход 86,468 KZT/5 перев., выход 337,983 KZT/4 перев.; seeds=7; confidence=0.80."
100000008190411100,peripheral,0.45,5,0.2739496872668826,"peripheral: вход 198,450 KZT/12 перев., выход 0 KZT/0 перев.; seeds=7; confidence=0.45. Граница наблюдения."
100000008190442100,terminal,0.5270098118918738,23,0.14857173423082023,"terminal: вход 13,000 KZT/1 перев., выход 0 KZT/0 перев.; seeds=1; confidence=0.53."
100000008192264100,transit,0.7460127631236381,11,0.5062479843010929,"transit: вход 162,810 KZT/1 перев., выход 187,910 KZT/2 перев.; seeds=7; confidence=0.75."
100000008193258100,peripheral,0.5194704015287267,29,0.3527569530804099,"peripheral: вход 75,000 KZT/2 перев., выход 30,000 KZT/1 перев.; seeds=7; confidence=0.52."
100000008193577100,distributor,0.7082514010139848,10,0.4127161950054043,"distributor: вход 154,300 KZT/6 перев., выход 480,180 KZT/16 перев.; seeds=1; confidence=0.71."
100000008200810100,terminal,0.5485317116141981,25,0.31637119734322083,"terminal: вход 475,000 KZT/1 перев., выход 0 KZT/0 перев.; seeds=2; confidence=0.55."
100000008205000100,peripheral,0.1812375,88,0.05807830295966453,"peripheral: вход 0 KZT/0 перев., выход 0 KZT/0 перев.; seeds=0; confidence=0.18. Вход seed неполон."
100000008205937100,terminal,0.5685822581447304,13,0.465874254020842,"terminal: вход 35,000 KZT/3 перев., выход 0 KZT/0 перев.; seeds=10; confidence=0.57."
100000008213966100,consolidator,0.6832391993059972,16,0.580128791870764,"consolidator: вход 187,004 KZT/7 перев., выход 436,900 KZT/8 перев.; seeds=7; confidence=0.68."
100000008219168100,terminal,0.5585696723180061,2,0.24104902712438134,"terminal: вход 53,200 KZT/2 перев., выход 0 KZT/0 перев.; seeds=1; confidence=0.56."
100000008221543100,terminal,0.5706922997333286,29,0.46384596597550165,"terminal: вход 542,000 KZT/2 перев., выход 0 KZT/0 перев.; seeds=7; confidence=0.57."
100000008221765100,peripheral,0.4023156852933736,11,0.21945570558904456,"peripheral: вход 156,354 KZT/1 перев., выход 0 KZT/0 перев.; seeds=7; confidence=0.40. Граница наблюдения."
100000008223661100,consolidator,0.5851062983404482,5,0.6179740229953545,"consolidator: вход 202,000 KZT/2 перев., выход 262,580 KZT/5 перев.; seeds=8; confidence=0.59."
100000008223756100,terminal,0.569671900959762,9,0.4448227563355061,"terminal: вход 331,682 KZT/2 перев., выход 0 KZT/0 перев.; seeds=7; confidence=0.57."
100000008229700100,peripheral,0.6076138234223264,8,0.1998822984124418,"peripheral: вход 23,500 KZT/1 перев., выход 7,200 KZT/1 перев.; seeds=1; confidence=0.61."
100000008232832100,peripheral,0.5672840984844244,52,0.4646350974265223,"peripheral: вход 337,000 KZT/2 перев., выход 138,000 KZT/1 перев.; seeds=10; confidence=0.57."
100000008237827100,terminal,0.5341155247283534,3,0.4074069577914184,"terminal: вход 40,001 KZT/1 перев., выход 0 KZT/0 перев.; seeds=10; confidence=0.53."
100000008238112100,terminal,0.5445219481526369,11,0.3102215148233854,"terminal: вход 190,000 KZT/1 перев., выход 0 KZT/0 перев.; seeds=7; confidence=0.54."
100000008238989100,terminal,0.5665367462824321,30,0.38193835277584154,"terminal: вход 200,000 KZT/2 перев., выход 0 KZT/0 перев.; seeds=7; confidence=0.57."
100000008244300100,terminal,0.5965316005241275,11,0.5309309112886843,"terminal: вход 65,430 KZT/6 перев., выход 0 KZT/0 перев.; seeds=8; confidence=0.60."
100000008251939100,peripheral,0.4023156852933736,19,0.165811710401832,"peripheral: вход 44,360 KZT/1 перев., выход 0 KZT/0 перев.; seeds=7; confidence=0.40. Граница наблюдения."
100000008254069100,distributor,0.670362754356138,50,0.6342852441282133,"distributor: вход 10,200 KZT/2 перев., выход 107,500 KZT/6 перев.; seeds=8; confidence=0.67."
100000008254576100,peripheral,0.5504432431662849,39,0.36547327815330255,"peripheral: вход 8,000 KZT/1 перев., выход 60,000 KZT/1 перев.; seeds=7; confidence=0.55."
100000008255655100,peripheral,0.4023156852933736,29,0.16952576769349006,"peripheral: вход 5,400 KZT/1 перев., выход 0 KZT/0 перев.; seeds=7; confidence=0.40. Граница наблюдения."
100000008258083100,distributor,0.5226376102354469,34,0.5205283719009245,"distributor: вход 3,149,500 KZT/13 перев., выход 2,045,650 KZT/6 перев.; seeds=7; confidence=0.52."
100000008258458100,distributor,0.7340763038714805,71,0.554361954671344,"distributor: вход 19,000 KZT/1 перев., выход 1,557,988 KZT/4 перев.; seeds=7; confidence=0.73."
100000008259451100,terminal,0.5378912259800954,41,0.2947566142283895,"terminal: вход 55,000 KZT/1 перев., выход 0 KZT/0 перев.; seeds=7; confidence=0.54."
100000008279405100,terminal,0.5680340911007199,9,0.38806558429262183,"terminal: вход 234,738 KZT/2 перев., выход 0 KZT/0 перев.; seeds=7; confidence=0.57."
100000008283183100,terminal,0.5319666942694177,23,0.1855309682706914,"terminal: вход 29,000 KZT/1 перев., выход 0 KZT/0 перев.; seeds=1; confidence=0.53."
100000008289539100,terminal,0.5268584675272175,4,0.23379840007827427,"terminal: вход 14,912 KZT/1 перев., выход 0 KZT/0 перев.; seeds=7; confidence=0.53."
100000008293431100,distributor,0.6643295045952025,1,0.5098254997675118,"distributor: вход 15,000 KZT/1 перев., выход 297,000 KZT/7 перев.; seeds=7; confidence=0.66."
100000008295429100,terminal,0.5475439286097862,11,0.33207727428383754,"terminal: вход 352,000 KZT/1 перев., выход 0 KZT/0 перев.; seeds=7; confidence=0.55."
100000008297199100,terminal,0.535609761226075,1,0.28268327030457246,"terminal: вход 42,268 KZT/1 перев., выход 0 KZT/0 перев.; seeds=7; confidence=0.54."
100000008304115100,terminal,0.5361827041854641,8,0.21582173266241686,"terminal: вход 51,000 KZT/1 перев., выход 0 KZT/0 перев.; seeds=1; confidence=0.54."
100000008304139100,distributor,0.5629766878085217,3,0.5666919040163286,"distributor: вход 189,330 KZT/4 перев., выход 1,692,997 KZT/43 перев.; seeds=7; confidence=0.56."
100000008306857100,terminal,0.5422861782324854,25,0.26872475578784905,"terminal: вход 125,000 KZT/1 перев., выход 0 KZT/0 перев.; seeds=2; confidence=0.54."
100000008308418100,peripheral,0.4023156852933736,1,0.1923397638403163,"peripheral: вход 50,000 KZT/1 перев., выход 0 KZT/0 перев.; seeds=7; confidence=0.40. Граница наблюдения."
100000008309514100,terminal,0.5287175477446479,23,0.15535323356153188,"terminal: вход 17,200 KZT/1 перев., выход 0 KZT/0 перев.; seeds=1; confidence=0.53."
100000008314203100,consolidator,0.40712091638863257,52,0.45267876810770585,"consolidator: вход 382,076 KZT/10 перев., выход 327,000 KZT/13 перев.; seeds=9; confidence=0.41. Вход seed неполон."
100000008314863100,terminal,0.5266265535989637,3,0.416462502925808,"terminal: вход 12,000 KZT/1 перев., выход 0 KZT/0 перев.; seeds=10; confidence=0.53."
100000008321975100,peripheral,0.4023156852933736,33,0.14120725017807617,"peripheral: вход 5,900 KZT/1 перев., выход 0 KZT/0 перев.; seeds=7; confidence=0.40. Граница наблюдения."
100000008324800100,transit,0.7994818133966276,86,0.6433881520091983,"transit: вход 526,500 KZT/17 перев., выход 511,000 KZT/13 перев.; seeds=7; confidence=0.80."
100000008327791100,peripheral,0.4023156852933736,29,0.1761116172367453,"peripheral: вход 11,000 KZT/1 перев., выход 0 KZT/0 перев.; seeds=7; confidence=0.40. Граница наблюдения."
100000008331280100,peripheral,0.4138522778816462,15,0.2068866764536279,"peripheral: вход 41,000 KZT/2 перев., выход 0 KZT/0 перев.; seeds=7; confidence=0.41. Граница наблюдения."
100000008332511100,terminal,0.5410889707127086,25,0.48172428032607006,"terminal: вход 100,000 KZT/1 перев., выход 0 KZT/0 перев.; seeds=9; confidence=0.54."
100000008333492100,peripheral,0.4023156852933736,61,0.3124377290774532,"peripheral: вход 216,400 KZT/1 перев., выход 0 KZT/0 перев.; seeds=9; confidence=0.40. Граница наблюдения."
100000008335401100,terminal,0.5779128657105665,19,0.5124063686643304,"terminal: вход 150,000 KZT/3 перев., выход 0 KZT/0 перев.; seeds=9; confidence=0.58."
100000008336318100,peripheral,0.4023156852933736,5,0.2797636123532828,"peripheral: вход 170,000 KZT/1 перев., выход 0 KZT/0 перев.; seeds=8; confidence=0.40. Граница наблюдения."
100000008337304100,peripheral,0.4138522778816462,9,0.2303490393601643,"peripheral: вход 105,465 KZT/2 перев., выход 0 KZT/0 перев.; seeds=7; confidence=0.41. Граница наблюдения."
100000008343415100,peripheral,0.4220376205867471,36,0.24521031900199447,"peripheral: вход 100,000 KZT/3 перев., выход 0 KZT/0 перев.; seeds=7; confidence=0.42. Граница наблюдения."
100000008343874100,distributor,0.57737360564937,36,0.5158824930988187,"distributor: вход 283,535 KZT/2 перев., выход 176,400 KZT/5 перев.; seeds=7; confidence=0.58."
100000008346837100,distributor,0.5608446566022376,13,0.5732739667123523,"distributor: вход 254,359 KZT/12 перев., выход 1,258,643 KZT/26 перев.; seeds=7; confidence=0.56."
100000008349675100,transit,0.438378077703626,2,0.22536656926804247,"transit: вход 46,520 KZT/1 перев., выход 36,650 KZT/2 перев.; seeds=1; confidence=0.44."
100000008349740100,peripheral,0.4138522778816462,21,0.20162089053564905,"peripheral: вход 70,000 KZT/2 перев., выход 0 KZT/0 перев.; seeds=7; confidence=0.41. Граница наблюдения."
100000008352542100,terminal,0.5363954799266134,3,0.43057827843664365,"terminal: вход 50,220 KZT/1 перев., выход 0 KZT/0 перев.; seeds=10; confidence=0.54."
100000008356606100,terminal,0.56558151070278,13,0.40940666607237003,"terminal: вход 168,500 KZT/2 перев., выход 0 KZT/0 перев.; seeds=7; confidence=0.57."
100000008376089100,terminal,0.5421845818500023,34,0.31318867821481244,"terminal: вход 135,000 KZT/1 перев., выход 0 KZT/0 перев.; seeds=7; confidence=0.54."
100000008376785100,peripheral,0.4138522778816462,11,0.2535664955279476,"peripheral: вход 234,250 KZT/2 перев., выход 0 KZT/0 перев.; seeds=7; confidence=0.41. Граница наблюдения."
100000008379273100,distributor,0.6498420821243945,19,0.5301500642168756,"distributor: вход 36,000 KZT/2 перев., выход 38,000 KZT/4 перев.; seeds=7; confidence=0.65."
100000008383405100,terminal,0.5526780939279234,22,0.2454185631326147,"terminal: вход 25,000 KZT/2 перев., выход 0 KZT/0 перев.; seeds=1; confidence=0.55."
100000008388049100,terminal,0.5488087131314072,25,0.3184385963739338,"terminal: вход 496,400 KZT/1 перев., выход 0 KZT/0 перев.; seeds=2; confidence=0.55."
100000008389800100,distributor,0.5328276270886767,17,0.5303891783446392,"distributor: вход 189,000 KZT/3 перев., выход 401,620 KZT/8 перев.; seeds=7; confidence=0.53."
100000008405209100,terminal,0.537783810666276,29,0.28481212154583174,"terminal: вход 54,400 KZT/1 перев., выход 0 KZT/0 перев.; seeds=7; confidence=0.54."
100000008406609100,terminal,0.5332805070856744,50,0.3949170694738014,"terminal: вход 34,000 KZT/1 перев., выход 0 KZT/0 перев.; seeds=8; confidence=0.53."
100000008413748100,distributor,0.8398843629977673,29,0.6551533222034808,"distributor: вход 26,480 KZT/2 перев., выход 1,377,320 KZT/21 перев.; seeds=7; confidence=0.84."
100000008416433100,terminal,0.5299335803120135,41,0.25104647487469345,"terminal: вход 20,000 KZT/1 перев., выход 0 KZT/0 перев.; seeds=7; confidence=0.53."
100000008417029100,terminal,0.5410889707127086,5,0.4316944670638203,"terminal: вход 100,000 KZT/1 перев., выход 0 KZT/0 перев.; seeds=9; confidence=0.54."
100000008417359100,distributor,0.620934655016069,29,0.3952405776886651,"distributor: вход 40,810 KZT/2 перев., выход 110,760 KZT/3 перев.; seeds=7; confidence=0.62."
100000008418835100,distributor,0.6744960452718207,4,0.38369163942694806,"distributor: вход 1,372,000 KZT/67 перев., выход 186,179 KZT/6 перев.; seeds=1; confidence=0.67. Вход seed неполон."
100000008418934100,terminal,0.5471400340460612,5,0.2719144917805855,"terminal: вход 360,000 KZT/1 перев., выход 0 KZT/0 перев.; seeds=1; confidence=0.55."
100000008422226100,terminal,0.540121332069094,1,0.2882843184746898,"terminal: вход 87,450 KZT/1 перев., выход 0 KZT/0 перев.; seeds=7; confidence=0.54."
100000008427027100,terminal,0.5468711187679411,3,0.5016490951721737,"terminal: вход 300,000 KZT/1 перев., выход 0 KZT/0 перев.; seeds=10; confidence=0.55."
100000008430691100,distributor,0.6090182505876822,85,0.5234706636918149,"distributor: вход 20,000 KZT/1 перев., выход 604,900 KZT/2 перев.; seeds=7; confidence=0.61."
100000008432942100,terminal,0.5582447543790419,1,0.30911757576062954,"terminal: вход 44,542 KZT/2 перев., выход 0 KZT/0 перев.; seeds=7; confidence=0.56."
100000008436257100,terminal,0.5568581059296076,29,0.34256516609704357,"terminal: вход 35,000 KZT/2 перев., выход 0 KZT/0 перев.; seeds=7; confidence=0.56."
100000008438656100,consolidator,0.6461812382459344,3,0.6032445914042478,"consolidator: вход 80,000 KZT/2 перев., выход 5,000 KZT/1 перев.; seeds=10; confidence=0.65."
100000008443341100,distributor,0.5071870162471511,8,0.5145645613481244,"distributor: вход 34,500 KZT/2 перев., выход 50,000 KZT/4 перев.; seeds=7; confidence=0.51."
100000008454065100,terminal,0.5315438122562768,41,0.25635898345218683,"terminal: вход 24,050 KZT/1 перев., выход 0 KZT/0 перев.; seeds=7; confidence=0.53."
100000008459449100,terminal,0.5377014954159084,1,0.29207799895616726,"terminal: вход 53,700 KZT/1 перев., выход 0 KZT/0 перев.; seeds=7; confidence=0.54."
100000008460102100,distributor,0.7375314659117129,48,0.4877961275813137,"distributor: вход 17,500 KZT/1 перев., выход 476,570 KZT/34 перев.; seeds=1; confidence=0.74."
100000008461217100,peripheral,0.4023156852933736,49,0.290624918822372,"peripheral: вход 18,000 KZT/1 перев., выход 0 KZT/0 перев.; seeds=10; confidence=0.40. Граница наблюдения."
100000008461532100,distributor,0.7935935229535458,15,0.6436651371728996,"distributor: вход 565,300 KZT/2 перев., выход 2,530,090 KZT/9 перев.; seeds=7; confidence=0.79."
100000008463968100,terminal,0.5257777217627762,23,0.1447344209410139,"terminal: вход 10,000 KZT/1 перев., выход 0 KZT/0 перев.; seeds=1; confidence=0.53."
100000008465789100,distributor,0.8172589958181034,5,0.6946904552460098,"distributor: вход 30,099 KZT/1 перев., выход 1,858,100 KZT/17 перев.; seeds=8; confidence=0.82."
100000008466579100,distributor,0.8259599900630341,5,0.7268016328428629,"distributor: вход 36,952 KZT/2 перев., выход 1,933,000 KZT/20 перев.; seeds=8; confidence=0.83."
100000008468762100,terminal,0.5663969893701765,47,0.5069398539072327,"terminal: вход 170,000 KZT/2 перев., выход 0 KZT/0 перев.; seeds=8; confidence=0.57."
100000008469048100,peripheral,0.44175955588012067,1,0.28405882911827646,"peripheral: вход 265,200 KZT/7 перев., выход 0 KZT/0 перев.; seeds=7; confidence=0.44. Граница наблюдения."
100000008470470100,terminal,0.5327511265364968,23,0.19818597275101338,"terminal: вход 33,547 KZT/1 перев., выход 0 KZT/0 перев.; seeds=1; confidence=0.53."
100000008471634100,peripheral,0.4023156852933736,14,0.21266883564306804,"peripheral: вход 20,000 KZT/1 перев., выход 0 KZT/0 перев.; seeds=7; confidence=0.40. Граница наблюдения."
100000008472324100,terminal,0.5451025313388056,11,0.31371735394560196,"terminal: вход 205,200 KZT/1 перев., выход 0 KZT/0 перев.; seeds=7; confidence=0.55."
100000008473207100,terminal,0.5895238476552926,3,0.5528275763216257,"terminal: вход 202,000 KZT/4 перев., выход 0 KZT/0 перев.; seeds=11; confidence=0.59."
100000008473765100,terminal,0.5334634504757427,9,0.2645435556539791,"terminal: вход 30,000 KZT/1 перев., выход 0 KZT/0 перев.; seeds=7; confidence=0.53."
100000008474308100,peripheral,0.5278736908786522,8,0.3119231964169251,"peripheral: вход 14,000 KZT/2 перев., выход 10,000 KZT/1 перев.; seeds=7; confidence=0.53."
100000008474391100,terminal,0.5299335803120135,30,0.28833135717404557,"terminal: вход 20,000 KZT/1 перев., выход 0 KZT/0 перев.; seeds=7; confidence=0.53."
100000008477350100,distributor,0.5663009698646699,1,0.5843493420766487,"distributor: вход 610,100 KZT/14 перев., выход 3,374,866 KZT/44 перев.; seeds=7; confidence=0.57."
100000008478414100,terminal,0.5252049341684587,23,0.15341253533492488,"terminal: вход 10,000 KZT/1 перев., выход 0 KZT/0 перев.; seeds=1; confidence=0.53."
100000008486520100,peripheral,0.5301230104479341,17,0.3431945649142453,"peripheral: вход 35,720 KZT/2 перев., выход 14,000 KZT/1 перев.; seeds=7; confidence=0.53."
100000008488166100,terminal,0.5240285386502885,23,0.13730093554948306,"terminal: вход 5,600 KZT/1 перев., выход 0 KZT/0 перев.; seeds=1; confidence=0.52."
100000008489604100,terminal,0.5264163890394495,23,0.14648031593590205,"terminal: вход 11,000 KZT/1 перев., выход 0 KZT/0 перев.; seeds=1; confidence=0.53."
100000008489922100,consolidator,0.6356314282564055,5,0.6901591699810433,"consolidator: вход 262,010 KZT/5 перев., выход 3,789,900 KZT/41 перев.; seeds=8; confidence=0.64."
100000008490127100,distributor,0.7045227273280473,11,0.5432577617357203,"distributor: вход 431,755 KZT/2 перев., выход 923,000 KZT/9 перев.; seeds=7; confidence=0.70."
100000008491390100,terminal,0.5346638758909961,1,0.2565013022967461,"terminal: вход 36,000 KZT/1 перев., выход 0 KZT/0 перев.; seeds=7; confidence=0.53."
100000008493007100,transit,0.7268130059573455,23,0.37816714480461716,"transit: вход 26,150 KZT/1 перев., выход 26,150 KZT/1 перев.; seeds=1; confidence=0.73."
100000008497298100,terminal,0.5490504908848615,5,0.2894385645316622,"terminal: вход 600,000 KZT/1 перев., выход 0 KZT/0 перев.; seeds=1; confidence=0.55."
100000008501413100,transit,0.7241613616665414,54,0.6146765434765583,"transit: вход 5,000 KZT/1 перев., выход 5,100 KZT/1 перев.; seeds=8; confidence=0.72."
100000008502995100,terminal,0.5542987707547891,1,0.3614057223326884,"terminal: вход 25,000 KZT/2 перев., выход 0 KZT/0 перев.; seeds=7; confidence=0.55."
100000008503177100,terminal,0.534200490564516,9,0.2692847479528581,"terminal: вход 33,951 KZT/1 перев., выход 0 KZT/0 перев.; seeds=7; confidence=0.53."
100000008507703100,terminal,0.5330308609595181,23,0.17484621356493024,"terminal: вход 28,500 KZT/1 перев., выход 0 KZT/0 перев.; seeds=1; confidence=0.53."
100000008512552100,distributor,0.7300604760554169,29,0.5997010969721345,"distributor: вход 394,360 KZT/9 перев., выход 1,302,275 KZT/11 перев.; seeds=7; confidence=0.73."
100000008512827100,distributor,0.6235165338244725,25,0.6731878204180575,"distributor: вход 107,949 KZT/3 перев., выход 1,944,500 KZT/10 перев.; seeds=9; confidence=0.62."
100000008513251100,peripheral,0.1812375,89,0.05807830295966453,"peripheral: вход 0 KZT/0 перев., выход 0 KZT/0 перев.; seeds=0; confidence=0.18. Вход seed неполон."
100000008514970100,peripheral,0.5216991341636219,36,0.2728914837142362,"peripheral: вход 379,966 KZT/1 перев., выход 31,000 KZT/1 перев.; seeds=1; confidence=0.52."
100000008516839100,terminal,0.4206939963341227,50,0.4626298974273074,"terminal: вход 155,000 KZT/4 перев., выход 0 KZT/0 перев.; seeds=10; confidence=0.42. Вход seed неполон."
100000008517061100,peripheral,0.4283866656432347,41,0.27636538138577404,"peripheral: вход 1,844,000 KZT/4 перев., выход 0 KZT/0 перев.; seeds=7; confidence=0.43. Граница наблюдения."
100000008517538100,distributor,0.5593802969003405,5,0.6237427904658901,"distributor: вход 155,500 KZT/6 перев., выход 1,439,000 KZT/18 перев.; seeds=8; confidence=0.56."
100000008522127100,peripheral,0.42258572139270395,60,0.17123421544214107,"peripheral: вход 0 KZT/0 перев., выход 145,000 KZT/3 перев.; seeds=0; confidence=0.42. Вход seed неполон."
100000008524903100,peripheral,0.4023156852933736,1,0.1562735663545781,"peripheral: вход 15,000 KZT/1 перев., выход 0 KZT/0 перев.; seeds=7; confidence=0.40. Граница наблюдения."
100000008525136100,peripheral,0.4023156852933736,1,0.13098472401626468,"peripheral: вход 14,100 KZT/1 перев., выход 0 KZT/0 перев.; seeds=7; confidence=0.40. Граница наблюдения."
100000008531133100,distributor,0.6284601079234812,17,0.53432576684764,"distributor: вход 25,000 KZT/1 перев., выход 158,272 KZT/3 перев.; seeds=7; confidence=0.63."
100000008531186100,terminal,0.5418648077237631,3,0.4442767523184557,"terminal: вход 125,000 KZT/1 перев., выход 0 KZT/0 перев.; seeds=9; confidence=0.54."
100000008532050100,terminal,0.5484161227022478,11,0.33936264959381085,"terminal: вход 455,156 KZT/1 перев., выход 0 KZT/0 перев.; seeds=7; confidence=0.55."
100000008536546100,terminal,0.5684050889964336,47,0.5191439587210764,"terminal: вход 250,000 KZT/2 перев., выход 0 KZT/0 перев.; seeds=8; confidence=0.57."
100000008537380100,terminal,0.5248007509829122,23,0.14077142872474446,"terminal: вход 8,000 KZT/1 перев., выход 0 KZT/0 перев.; seeds=1; confidence=0.52."
100000008545727100,distributor,0.6751427452874665,19,0.6482802234827645,"distributor: вход 30,000 KZT/1 перев., выход 1,866,500 KZT/7 перев.; seeds=9; confidence=0.68."
100000008546855100,distributor,0.5775859699057837,44,0.5312712816682931,"distributor: вход 71,790 KZT/8 перев., выход 10,000 KZT/2 перев.; seeds=7; confidence=0.58."
100000008547295100,terminal,0.5277097811545285,42,0.21793323620138202,"terminal: вход 15,000 KZT/1 перев., выход 0 KZT/0 перев.; seeds=1; confidence=0.53."
100000008547844100,consolidator,0.5750614630362303,5,0.6329403767172156,"consolidator: вход 177,600 KZT/3 перев., выход 2,042,199 KZT/21 перев.; seeds=8; confidence=0.58."
100000008547948100,consolidator,0.6342225672955865,5,0.6692625763942889,"consolidator: вход 212,665 KZT/7 перев., выход 5,185,600 KZT/31 перев.; seeds=8; confidence=0.63."
100000008548853100,terminal,0.527269018040173,23,0.14990547135859345,"terminal: вход 14,000 KZT/1 перев., выход 0 KZT/0 перев.; seeds=1; confidence=0.53."
100000008551752100,peripheral,0.4138522778816462,66,0.24778661061847296,"peripheral: вход 406,000 KZT/2 перев., выход 0 KZT/0 перев.; seeds=7; confidence=0.41. Граница наблюдения."
100000008554390100,peripheral,0.4023156852933736,48,0.08565565602285428,"peripheral: вход 14,000 KZT/1 перев., выход 0 KZT/0 перев.; seeds=1; confidence=0.40. Граница наблюдения."
100000008555233100,terminal,0.5482803894295001,47,0.4777835579731265,"terminal: вход 440,600 KZT/1 перев., выход 0 KZT/0 перев.; seeds=9; confidence=0.55."
100000008555918100,distributor,0.5854939410789581,3,0.5722737235182772,"distributor: вход 139,211 KZT/1 перев., выход 43,300 KZT/2 перев.; seeds=10; confidence=0.59."
100000008556318100,terminal,0.5657514497690449,3,0.5233451379799617,"terminal: вход 180,132 KZT/2 перев., выход 0 KZT/0 перев.; seeds=10; confidence=0.57."
100000008557672100,terminal,0.5355955570319513,23,0.20683507910057025,"terminal: вход 49,125 KZT/1 перев., выход 0 KZT/0 перев.; seeds=1; confidence=0.54."
100000008560263100,peripheral,0.4023156852933736,11,0.18554969912975602,"peripheral: вход 100,000 KZT/1 перев., выход 0 KZT/0 перев.; seeds=7; confidence=0.40. Граница наблюдения."
100000008560717100,consolidator,0.6777226782022175,11,0.5748370439172474,"consolidator: вход 529,000 KZT/9 перев., выход 25,000 KZT/1 перев.; seeds=7; confidence=0.68."
100000008561016100,transit,0.7939288666579122,5,0.6691700963359434,"transit: вход 180,000 KZT/2 перев., выход 185,000 KZT/4 перев.; seeds=9; confidence=0.79."
100000008566737100,terminal,0.5671894103440793,1,0.5497388747573418,"terminal: вход 230,000 KZT/2 перев., выход 0 KZT/0 перев.; seeds=10; confidence=0.57."
100000008568512100,terminal,0.5447896175335967,11,0.311942469014267,"terminal: вход 199,640 KZT/1 перев., выход 0 KZT/0 перев.; seeds=7; confidence=0.54."
100000008571243100,terminal,0.5426056566880869,19,0.438249101423656,"terminal: вход 134,000 KZT/1 перев., выход 0 KZT/0 перев.; seeds=9; confidence=0.54."
100000008571433100,distributor,0.6018403935256745,59,0.32143951417149635,"distributor: вход 350,000 KZT/2 перев., выход 1,434,000 KZT/3 перев.; seeds=0; confidence=0.60. Вход seed неполон."
100000008571443100,terminal,0.5600304469243218,13,0.3871866148324801,"terminal: вход 65,000 KZT/2 перев., выход 0 KZT/0 перев.; seeds=7; confidence=0.56."
100000008575624100,distributor,0.6221159617697917,72,0.2448671146681148,"distributor: вход 0 KZT/0 перев., выход 89,500 KZT/5 перев.; seeds=0; confidence=0.62. Вход seed неполон."
100000008576243100,terminal,0.584778415943723,1,0.5179022537468696,"terminal: вход 82,920 KZT/4 перев., выход 0 KZT/0 перев.; seeds=8; confidence=0.58."
100000008576528100,terminal,0.5329256338624963,11,0.2447610204427197,"terminal: вход 28,000 KZT/1 перев., выход 0 KZT/0 перев.; seeds=7; confidence=0.53."
100000008579978100,transit,0.6035766647441444,11,0.42365918936538194,"transit: вход 34,000 KZT/1 перев., выход 77,000 KZT/6 перев.; seeds=7; confidence=0.60."
100000008582730100,transit,0.5745920185813265,44,0.4161076428529503,"transit: вход 5,000 KZT/1 перев., выход 5,000 KZT/1 перев.; seeds=7; confidence=0.57."
100000008583360100,transit,0.5195779273673136,19,0.42234210070543815,"transit: вход 112,843 KZT/1 перев., выход 170,000 KZT/1 перев.; seeds=7; confidence=0.52."
100000008583971100,consolidator,0.30192759851820977,1,0.24468318641552267,"consolidator: вход 51,000 KZT/2 перев., выход 0 KZT/0 перев.; seeds=7; confidence=0.30. Граница наблюдения."
100000008586731100,terminal,0.525493165624389,8,0.1592324164939392,"terminal: вход 12,000 KZT/1 перев., выход 0 KZT/0 перев.; seeds=1; confidence=0.53."
100000008587459100,distributor,0.7450479650598825,1,0.5436984704440183,"distributor: вход 181,507 KZT/2 перев., выход 686,500 KZT/4 перев.; seeds=7; confidence=0.75."
100000008588665100,peripheral,0.4023156852933736,1,0.17157372851938485,"peripheral: вход 25,000 KZT/1 перев., выход 0 KZT/0 перев.; seeds=7; confidence=0.40. Граница наблюдения."
100000008595687100,peripheral,0.5789960012542198,17,0.3081312929134631,"peripheral: вход 64,395 KZT/1 перев., выход 10,400 KZT/1 перев.; seeds=7; confidence=0.58."
100000008596924100,terminal,0.5410889707127086,42,0.25502435164003673,"terminal: вход 100,000 KZT/1 перев., выход 0 KZT/0 перев.; seeds=1; confidence=0.54."
100000008598972100,terminal,0.5421916025849214,36,0.22546365439497665,"terminal: вход 120,000 KZT/1 перев., выход 0 KZT/0 перев.; seeds=1; confidence=0.54."
100000008599354100,peripheral,0.5458377482249932,1,0.41120741505189573,"peripheral: вход 177,000 KZT/1 перев., выход 38,200 KZT/2 перев.; seeds=7; confidence=0.55."
100000008601794100,consolidator,0.45391953512623345,40,0.286504957652727,"consolidator: вход 494,400 KZT/8 перев., выход 871,400 KZT/13 перев.; seeds=0; confidence=0.45. Вход seed неполон."
100000008603331100,distributor,0.6783797553809098,5,0.560336221890887,"distributor: вход 39,500 KZT/3 перев., выход 741,774 KZT/6 перев.; seeds=7; confidence=0.68."
100000008603629100,distributor,0.5617594479412547,9,0.5900671673172623,"distributor: вход 1,817,300 KZT/45 перев., выход 4,986,156 KZT/74 перев.; seeds=7; confidence=0.56."
100000008612257100,terminal,0.5252191815196728,29,0.22336310606172774,"terminal: вход 9,500 KZT/1 перев., выход 0 KZT/0 перев.; seeds=7; confidence=0.53."
100000008619159100,peripheral,0.4138522778816462,71,0.2492542598479243,"peripheral: вход 446,400 KZT/2 перев., выход 0 KZT/0 перев.; seeds=7; confidence=0.41. Граница наблюдения."
100000008619857100,distributor,0.5929679713224565,1,0.4328232013242798,"distributor: вход 29,000 KZT/1 перев., выход 13,000 KZT/2 перев.; seeds=7; confidence=0.59."
100000008620570100,consolidator,0.4844417300200685,9,0.47452042535688077,"consolidator: вход 145,000 KZT/2 перев., выход 31,800 KZT/2 перев.; seeds=7; confidence=0.48."
100000008624978100,terminal,0.5413759404961291,36,0.41515185713363933,"terminal: вход 109,000 KZT/1 перев., выход 0 KZT/0 перев.; seeds=8; confidence=0.54."
100000008625905100,distributor,0.7176690069354015,46,0.5621056315677755,"distributor: вход 197,800 KZT/1 перев., выход 635,000 KZT/2 перев.; seeds=7; confidence=0.72."
100000008628231100,distributor,0.7812991506999275,75,0.6997160113406148,"distributor: вход 50,000 KZT/1 перев., выход 627,870 KZT/19 перев.; seeds=10; confidence=0.78."
100000008628818100,peripheral,0.4023156852933736,19,0.1675070798465953,"peripheral: вход 46,310 KZT/1 перев., выход 0 KZT/0 перев.; seeds=7; confidence=0.40. Граница наблюдения."
100000008629504100,peripheral,0.4023156852933736,1,0.15109777243304667,"peripheral: вход 20,000 KZT/1 перев., выход 0 KZT/0 перев.; seeds=7; confidence=0.40. Граница наблюдения."
100000008629581100,terminal,0.53701254362398,3,0.3903942386804909,"terminal: вход 54,184 KZT/1 перев., выход 0 KZT/0 перев.; seeds=8; confidence=0.54."
100000008631800100,peripheral,0.4023156852933736,48,0.08368725242310475,"peripheral: вход 12,850 KZT/1 перев., выход 0 KZT/0 перев.; seeds=1; confidence=0.40. Граница наблюдения."
100000008632060100,distributor,0.7016667166465405,1,0.5369955855888153,"distributor: вход 6,000 KZT/1 перев., выход 339,200 KZT/12 перев.; seeds=7; confidence=0.70."
100000008633099100,peripheral,0.3614672577736295,2,0.30545306094419494,"peripheral: вход 19,468 KZT/1 перев., выход 13,500 KZT/1 перев.; seeds=7; confidence=0.36."
100000008634520100,terminal,0.5402963243847577,5,0.39790047990437183,"terminal: вход 90,000 KZT/1 перев., выход 0 KZT/0 перев.; seeds=8; confidence=0.54."
100000008636603100,distributor,0.6776033408341461,17,0.567212057776151,"distributor: вход 35,460 KZT/2 перев., выход 159,375 KZT/7 перев.; seeds=7; confidence=0.68."
100000008637537100,consolidator,0.5942133071131049,52,0.6138283394629026,"consolidator: вход 619,890 KZT/22 перев., выход 2,351,495 KZT/30 перев.; seeds=9; confidence=0.59. Вход seed неполон."
100000008638859100,peripheral,0.4023156852933736,44,0.2912297245634716,"peripheral: вход 34,000 KZT/1 перев., выход 0 KZT/0 перев.; seeds=9; confidence=0.40. Граница наблюдения."
100000008647905100,distributor,0.5898792438585317,44,0.4733104384361563,"distributor: вход 50,000 KZT/1 перев., выход 344,222 KZT/2 перев.; seeds=7; confidence=0.59."
100000008648783100,peripheral,0.4023156852933736,48,0.06950114360153138,"peripheral: вход 5,200 KZT/1 перев., выход 0 KZT/0 перев.; seeds=1; confidence=0.40. Граница наблюдения."
100000008649416100,peripheral,0.4023156852933736,29,0.1687302359959742,"peripheral: вход 5,000 KZT/1 перев., выход 0 KZT/0 перев.; seeds=7; confidence=0.40. Граница наблюдения."
100000008650785100,consolidator,0.482948453417806,17,0.508615060746333,"consolidator: вход 92,000 KZT/2 перев., выход 120,120 KZT/2 перев.; seeds=8; confidence=0.48. Вход seed неполон."
100000008652094100,terminal,0.5344662613632077,1,0.2555156244863613,"terminal: вход 35,000 KZT/1 перев., выход 0 KZT/0 перев.; seeds=7; confidence=0.53."
100000008653041100,terminal,0.5329256338624963,23,0.17411209491410737,"terminal: вход 28,000 KZT/1 перев., выход 0 KZT/0 перев.; seeds=1; confidence=0.53."
100000008654653100,peripheral,0.402838173196352,17,0.15763030136832082,"peripheral: вход 0 KZT/0 перев., выход 54,000 KZT/1 перев.; seeds=0; confidence=0.40. Вход seed неполон."
100000008655035100,terminal,0.5324167154251741,2,0.28666551068893337,"terminal: вход 30,000 KZT/1 перев., выход 0 KZT/0 перев.; seeds=2; confidence=0.53."
100000008655779100,distributor,0.591850621470094,16,0.47362265946136134,"distributor: вход 47,000 KZT/1 перев., выход 24,704 KZT/2 перев.; seeds=7; confidence=0.59."
100000008656043100,terminal,0.5314088819982477,23,0.18236343435771876,"terminal: вход 26,200 KZT/1 перев., выход 0 KZT/0 перев.; seeds=1; confidence=0.53."
100000008659445100,distributor,0.7071335444335503,10,0.36378908857019976,"distributor: вход 138,490 KZT/7 перев., выход 875,150 KZT/18 перев.; seeds=0; confidence=0.71. Вход seed неполон."
100000008659950100,terminal,0.5459058291162143,5,0.43750371464015286,"terminal: вход 246,000 KZT/1 перев., выход 0 KZT/0 перев.; seeds=8; confidence=0.55."
100000008661550100,terminal,0.5308775670648244,23,0.16477256018958988,"terminal: вход 22,800 KZT/1 перев., выход 0 KZT/0 перев.; seeds=1; confidence=0.53."
100000008661585100,terminal,0.5344248479618793,23,0.2089126413440774,"terminal: вход 43,141 KZT/1 перев., выход 0 KZT/0 перев.; seeds=1; confidence=0.53."
100000008662216100,terminal,0.5325628095649133,23,0.17279786533600597,"terminal: вход 26,200 KZT/1 перев., выход 0 KZT/0 перев.; seeds=1; confidence=0.53."
100000008662805100,terminal,0.5284247783002364,23,0.15378057439954623,"terminal: вход 16,500 KZT/1 перев., выход 0 KZT/0 перев.; seeds=1; confidence=0.53."
100000008663007100,terminal,0.5261532427428186,23,0.16384535619724996,"terminal: вход 14,000 KZT/1 перев., выход 0 KZT/0 перев.; seeds=1; confidence=0.53."
100000008663723100,terminal,0.5280761129821175,23,0.15254811841883695,"terminal: вход 15,600 KZT/1 перев., выход 0 KZT/0 перев.; seeds=1; confidence=0.53."
100000008664469100,terminal,0.530642442341009,3,0.3874558141975696,"terminal: вход 25,000 KZT/1 перев., выход 0 KZT/0 перев.; seeds=10; confidence=0.53."
100000008664774100,terminal,0.528348448431202,23,0.15335037892204254,"terminal: вход 16,300 KZT/1 перев., выход 0 KZT/0 перев.; seeds=1; confidence=0.53."
100000008665380100,consolidator,0.5870040105061084,1,0.42272284673669497,"consolidator: вход 69,100 KZT/2 перев., выход 18,200 KZT/1 перев.; seeds=7; confidence=0.59."
100000008666075100,terminal,0.5313421880416459,23,0.18900713685626777,"terminal: вход 26,217 KZT/1 перев., выход 0 KZT/0 перев.; seeds=1; confidence=0.53."
100000008667058100,terminal,0.5277663730169421,23,0.17105164346089058,"terminal: вход 17,534 KZT/1 перев., выход 0 KZT/0 перев.; seeds=1; confidence=0.53."
100000008667795100,terminal,0.5342645600363541,23,0.18388341699259755,"terminal: вход 34,000 KZT/1 перев., выход 0 KZT/0 перев.; seeds=1; confidence=0.53."
100000008667799100,terminal,0.5342645600363541,23,0.18388341699259755,"terminal: вход 34,000 KZT/1 перев., выход 0 KZT/0 перев.; seeds=1; confidence=0.53."
100000008668099100,terminal,0.5281483560520865,23,0.1529476800588444,"terminal: вход 15,700 KZT/1 перев., выход 0 KZT/0 перев.; seeds=1; confidence=0.53."
100000008669037100,peripheral,0.1812375,90,0.05807830295966453,"peripheral: вход 0 KZT/0 перев., выход 0 KZT/0 перев.; seeds=0; confidence=0.18. Вход seed неполон."
100000008669310100,terminal,0.560621084415156,1,0.323059048451816,"terminal: вход 59,567 KZT/2 перев., выход 0 KZT/0 перев.; seeds=7; confidence=0.56."
100000008670667100,terminal,0.5268827954453604,23,0.16704258385466256,"terminal: вход 15,534 KZT/1 перев., выход 0 KZT/0 перев.; seeds=1; confidence=0.53."
100000008671026100,terminal,0.530012098137485,23,0.18189588611999988,"terminal: вход 23,534 KZT/1 перев., выход 0 KZT/0 перев.; seeds=1; confidence=0.53."
100000008671081100,terminal,0.5348476210738499,23,0.18730677081656275,"terminal: вход 37,200 KZT/1 перев., выход 0 KZT/0 перев.; seeds=1; confidence=0.53."
100000008671129100,terminal,0.5325628095649133,23,0.17279786533600597,"terminal: вход 26,200 KZT/1 перев., выход 0 KZT/0 перев.; seeds=1; confidence=0.53."
100000008671929100,terminal,0.5606133822151727,3,0.46824352890193427,"terminal: вход 75,000 KZT/2 перев., выход 0 KZT/0 перев.; seeds=10; confidence=0.56."
100000008672162100,terminal,0.5269598078798803,23,0.16751881920903328,"terminal: вход 15,550 KZT/1 перев., выход 0 KZT/0 перев.; seeds=1; confidence=0.53."
100000008672200100,terminal,0.5241214968948515,23,0.1544646850009548,"terminal: вход 8,511 KZT/1 перев., выход 0 KZT/0 перев.; seeds=1; confidence=0.52."
100000008672480100,terminal,0.526405363371532,23,0.15881781734092615,"terminal: вход 13,000 KZT/1 перев., выход 0 KZT/0 перев.; seeds=1; confidence=0.53."
100000008672493100,terminal,0.527269018040173,23,0.14990547135859345,"terminal: вход 14,000 KZT/1 перев., выход 0 KZT/0 перев.; seeds=1; confidence=0.53."
100000008672603100,terminal,0.5296470556245071,3,0.3502669685428799,"terminal: вход 21,200 KZT/1 перев., выход 0 KZT/0 перев.; seeds=8; confidence=0.53."
100000008672762100,terminal,0.526405363371532,23,0.15881781734092615,"terminal: вход 13,000 KZT/1 перев., выход 0 KZT/0 перев.; seeds=1; confidence=0.53."
100000008673001100,terminal,0.3849584219609131,50,0.2598890088091062,"terminal: вход 80,000 KZT/1 перев., выход 0 KZT/0 перев.; seeds=1; confidence=0.38. Вход seed неполон."
100000008675322100,peripheral,0.4283866656432347,21,0.25456362308093783,"peripheral: вход 340,000 KZT/4 перев., выход 0 KZT/0 перев.; seeds=7; confidence=0.43. Граница наблюдения."
100000008676812100,terminal,0.5455517576858215,44,0.35359863745401954,"terminal: вход 230,800 KZT/1 перев., выход 0 KZT/0 перев.; seeds=7; confidence=0.55."
100000008677215100,terminal,0.5250809703955979,30,0.24989944181018586,"terminal: вход 9,000 KZT/1 перев., выход 0 KZT/0 перев.; seeds=7; confidence=0.53."
100000008677368100,peripheral,0.4023156852933736,2,0.1754492580776038,"peripheral: вход 13,500 KZT/1 перев., выход 0 KZT/0 перев.; seeds=7; confidence=0.40. Граница наблюдения."
100000008677518100,terminal,0.536610673531272,23,0.20046759507091452,"terminal: вход 48,700 KZT/1 перев., выход 0 KZT/0 перев.; seeds=1; confidence=0.54."
100000008679986100,terminal,0.5283032835026853,23,0.17337514033138027,"terminal: вход 19,000 KZT/1 перев., выход 0 KZT/0 перев.; seeds=1; confidence=0.53."
100000008680061100,peripheral,0.4138522778816462,11,0.20810246667672883,"peripheral: вход 41,300 KZT/2 перев., выход 0 KZT/0 перев.; seeds=7; confidence=0.41. Граница наблюдения."
100000008680451100,terminal,0.530012098137485,23,0.18189588611999988,"terminal: вход 23,534 KZT/1 перев., выход 0 KZT/0 перев.; seeds=1; confidence=0.53."
100000008680731100,distributor,0.8235214970824037,8,0.3384396666243112,"distributor: вход 0 KZT/0 перев., выход 1,464,354 KZT/28 перев.; seeds=0; confidence=0.82. Вход seed неполон."
100000008680912100,peripheral,0.5897200010231891,1,0.3366200982534766,"peripheral: вход 45,112 KZT/2 перев., выход 5,991 KZT/1 перев.; seeds=7; confidence=0.59."
100000008682426100,terminal,0.5299335803120135,41,0.25104647487469345,"terminal: вход 20,000 KZT/1 перев., выход 0 KZT/0 перев.; seeds=7; confidence=0.53."
100000008683818100,terminal,0.5280272347779119,23,0.16538531691358904,"terminal: вход 17,400 KZT/1 перев., выход 0 KZT/0 перев.; seeds=1; confidence=0.53."
100000008684452100,terminal,0.5374256524368178,23,0.20503491412498093,"terminal: вход 51,800 KZT/1 перев., выход 0 KZT/0 перев.; seeds=1; confidence=0.54."
100000008684767100,terminal,0.5338483177163911,23,0.18116727551861497,"terminal: вход 31,100 KZT/1 перев., выход 0 KZT/0 перев.; seeds=1; confidence=0.53."
100000008684951100,terminal,0.5287175477446479,23,0.15535323356153188,"terminal: вход 17,200 KZT/1 перев., выход 0 KZT/0 перев.; seeds=1; confidence=0.53."
100000008686214100,terminal,0.5319069261883893,9,0.2675763019316822,"terminal: вход 25,000 KZT/1 перев., выход 0 KZT/0 перев.; seeds=7; confidence=0.53."
100000008686234100,terminal,0.5338844133377946,1,0.2879044977976121,"terminal: вход 39,778 KZT/1 перев., выход 0 KZT/0 перев.; seeds=7; confidence=0.53."
100000008686247100,peripheral,0.6110394947526392,22,0.22569581803478697,"peripheral: вход 22,000 KZT/2 перев., выход 5,000 KZT/1 перев.; seeds=1; confidence=0.61."
100000008686313100,distributor,0.5528423057445915,1,0.5677179636389313,"distributor: вход 1,912,716 KZT/16 перев., выход 333,800 KZT/13 перев.; seeds=7; confidence=0.55."
100000008686494100,terminal,0.5281483560520865,23,0.1529476800588444,"terminal: вход 15,700 KZT/1 перев., выход 0 KZT/0 перев.; seeds=1; confidence=0.53."
100000008687492100,terminal,0.5270939532127954,23,0.1628572275341442,"terminal: вход 15,000 KZT/1 перев., выход 0 KZT/0 перев.; seeds=1; confidence=0.53."
100000008687617100,terminal,0.5580882974764374,23,0.24631806237375017,"terminal: вход 43,350 KZT/2 перев., выход 0 KZT/0 перев.; seeds=1; confidence=0.56."
100000008687671100,terminal,0.5334963896875772,23,0.20093619706512245,"terminal: вход 37,500 KZT/1 перев., выход 0 KZT/0 перев.; seeds=1; confidence=0.53."
100000008687733100,terminal,0.5274647339856935,23,0.15112439911695086,"terminal: вход 14,650 KZT/1 перев., выход 0 KZT/0 перев.; seeds=1; confidence=0.53."
100000008687990100,terminal,0.5289857963946668,23,0.15637751287809348,"terminal: вход 17,600 KZT/1 перев., выход 0 KZT/0 перев.; seeds=1; confidence=0.53."
100000008688109100,terminal,0.526929395223774,23,0.14814144668654533,"terminal: вход 12,800 KZT/1 перев., выход 0 KZT/0 перев.; seeds=1; confidence=0.53."
100000008688155100,terminal,0.5311806983241643,23,0.1665468408744072,"terminal: вход 23,600 KZT/1 перев., выход 0 KZT/0 перев.; seeds=1; confidence=0.53."
100000008688476100,terminal,0.5303954131120393,23,0.17671703767261351,"terminal: вход 24,000 KZT/1 перев., выход 0 KZT/0 перев.; seeds=1; confidence=0.53."
100000008688881100,terminal,0.5346607554476263,23,0.20174657448224034,"terminal: вход 44,211 KZT/1 перев., выход 0 KZT/0 перев.; seeds=1; confidence=0.53."
100000008690762100,terminal,0.5326925574563277,23,0.17354957231275675,"terminal: вход 26,750 KZT/1 перев., выход 0 KZT/0 перев.; seeds=1; confidence=0.53."
100000008690932100,terminal,0.5296946753928276,23,0.17985146510174174,"terminal: вход 23,000 KZT/1 перев., выход 0 KZT/0 перев.; seeds=1; confidence=0.53."
100000008691027100,terminal,0.5277663730169421,23,0.17105164346089058,"terminal: вход 17,534 KZT/1 перев., выход 0 KZT/0 перев.; seeds=1; confidence=0.53."
100000008691168100,terminal,0.5303954131120393,23,0.17671703767261351,"terminal: вход 24,000 KZT/1 перев., выход 0 KZT/0 перев.; seeds=1; confidence=0.53."
100000008691330100,terminal,0.52945242892652,23,0.1780112659316825,"terminal: вход 21,440 KZT/1 перев., выход 0 KZT/0 перев.; seeds=1; confidence=0.53."
100000008691495100,terminal,0.5314740909331871,23,0.18989648293453606,"terminal: вход 27,000 KZT/1 перев., выход 0 KZT/0 перев.; seeds=1; confidence=0.53."
100000008692291100,consolidator,0.6914092502828063,5,0.6425169517578426,"consolidator: вход 160,000 KZT/3 перев., выход 156,000 KZT/3 перев.; seeds=8; confidence=0.69."
100000008693069100,terminal,0.5288110237342467,23,0.17610803567348007,"terminal: вход 20,000 KZT/1 перев., выход 0 KZT/0 перев.; seeds=1; confidence=0.53."
100000008695133100,terminal,0.534711308532043,23,0.18658525991379393,"terminal: вход 36,610 KZT/1 перев., выход 0 KZT/0 перев.; seeds=1; confidence=0.53."
100000008695157100,peripheral,0.4220376205867471,9,0.26675781447943164,"peripheral: вход 425,546 KZT/3 перев., выход 0 KZT/0 перев.; seeds=7; confidence=0.42. Граница наблюдения."
100000008695495100,terminal,0.5293263749032151,23,0.17725547049459,"terminal: вход 21,000 KZT/1 перев., выход 0 KZT/0 перев.; seeds=1; confidence=0.53."
100000008695566100,terminal,0.5341715933365285,23,0.1833550975779289,"terminal: вход 33,700 KZT/1 перев., выход 0 KZT/0 перев.; seeds=1; confidence=0.53."
100000008695689100,terminal,0.5325628095649133,23,0.17279786533600597,"terminal: вход 26,200 KZT/1 перев., выход 0 KZT/0 перев.; seeds=1; confidence=0.53."
100000008696692100,terminal,0.528648901494416,23,0.16835858410086965,"terminal: вход 19,000 KZT/1 перев., выход 0 KZT/0 перев.; seeds=1; confidence=0.53."
100000008696919100,terminal,0.5325865292524323,23,0.19699425782274474,"terminal: вход 31,945 KZT/1 перев., выход 0 KZT/0 перев.; seeds=1; confidence=0.53."
100000008697670100,terminal,0.5322018838495983,23,0.17069435066670266,"terminal: вход 25,350 KZT/1 перев., выход 0 KZT/0 перев.; seeds=1; confidence=0.53."
100000008699083100,peripheral,0.4023156852933736,25,0.2784954906547339,"peripheral: вход 238,500 KZT/1 перев., выход 0 KZT/0 перев.; seeds=8; confidence=0.40. Граница наблюдения."
100000008701222100,peripheral,0.1812375,91,0.05807830295966453,"peripheral: вход 0 KZT/0 перев., выход 0 KZT/0 перев.; seeds=0; confidence=0.18. Вход seed неполон."
100000008701256100,terminal,0.5373864642577101,1,0.2913614679783648,"terminal: вход 58,250 KZT/1 перев., выход 0 KZT/0 перев.; seeds=7; confidence=0.54."
100000008701944100,terminal,0.5362854368228234,4,0.3075877903384578,"terminal: вход 52,124 KZT/1 перев., выход 0 KZT/0 перев.; seeds=2; confidence=0.54."
100000008703533100,peripheral,0.4023156852933736,5,0.25335183189314237,"peripheral: вход 75,000 KZT/1 перев., выход 0 KZT/0 перев.; seeds=8; confidence=0.40. Граница наблюдения."
100000008706846100,terminal,0.5273802305185283,23,0.15040715899550028,"terminal: вход 14,200 KZT/1 перев., выход 0 KZT/0 перев.; seeds=1; confidence=0.53."
100000008706947100,terminal,0.5287175477446479,23,0.15535323356153188,"terminal: вход 17,200 KZT/1 перев., выход 0 KZT/0 перев.; seeds=1; confidence=0.53."
100000008707810100,terminal,0.5325628095649133,23,0.17279786533600597,"terminal: вход 26,200 KZT/1 перев., выход 0 KZT/0 перев.; seeds=1; confidence=0.53."
100000008708025100,terminal,0.5257777217627762,16,0.25535478281952606,"terminal: вход 10,000 KZT/1 перев., выход 0 KZT/0 перев.; seeds=7; confidence=0.53."
100000008708061100,terminal,0.5249923801293672,23,0.14136375129243903,"terminal: вход 8,650 KZT/1 перев., выход 0 KZT/0 перев.; seeds=1; confidence=0.52."
100000008708207100,terminal,0.5708946589526103,5,0.5231804403509269,"terminal: вход 465,000 KZT/2 перев., выход 0 KZT/0 перев.; seeds=9; confidence=0.57."
100000008708368100,terminal,0.5301153934355682,23,0.18245846506023683,"terminal: вход 23,677 KZT/1 перев., выход 0 KZT/0 перев.; seeds=1; confidence=0.53."
100000008708595100,terminal,0.5287175477446479,23,0.15535323356153188,"terminal: вход 17,200 KZT/1 перев., выход 0 KZT/0 перев.; seeds=1; confidence=0.53."
100000008708743100,terminal,0.5280368539392017,23,0.15226901856118857,"terminal: вход 15,550 KZT/1 перев., выход 0 KZT/0 перев.; seeds=1; confidence=0.53."
100000008710791100,consolidator,0.5748013596027207,5,0.6534525963716055,"consolidator: вход 181,510 KZT/3 перев., выход 5,521,511 KZT/25 перев.; seeds=9; confidence=0.57."
100000008710843100,distributor,0.7136974953629194,47,0.6571088885580709,"distributor: вход 33,944 KZT/3 перев., выход 1,985,500 KZT/14 перев.; seeds=8; confidence=0.71."
100000008710913100,peripheral,0.4023156852933736,5,0.21203348695972385,"peripheral: вход 14,000 KZT/1 перев., выход 0 KZT/0 перев.; seeds=8; confidence=0.40. Граница наблюдения."
100000008712036100,terminal,0.5304378336291479,23,0.16520352655347675,"terminal: вход 21,000 KZT/1 перев., выход 0 KZT/0 перев.; seeds=1; confidence=0.53."
100000008712184100,terminal,0.5291752373243244,23,0.1575138829203359,"terminal: вход 18,000 KZT/1 перев., выход 0 KZT/0 перев.; seeds=1; confidence=0.53."
100000008712827100,terminal,0.539468795447486,23,0.21862002825741728,"terminal: вход 76,000 KZT/1 перев., выход 0 KZT/0 перев.; seeds=1; confidence=0.54."
100000008712991100,terminal,0.5387219728128437,23,0.21386247848760295,"terminal: вход 66,100 KZT/1 перев., выход 0 KZT/0 перев.; seeds=1; confidence=0.54."
100000008713270100,distributor,0.6293407141316141,42,0.36784652289787273,"distributor: вход 30,000 KZT/1 перев., выход 190,000 KZT/3 перев.; seeds=1; confidence=0.63."
100000008713685100,terminal,0.5367589568357456,23,0.2014025667460352,"terminal: вход 49,700 KZT/1 перев., выход 0 KZT/0 перев.; seeds=1; confidence=0.54."
100000008714412100,terminal,0.5439658857608607,19,0.4470843608528551,"terminal: вход 169,000 KZT/1 перев., выход 0 KZT/0 перев.; seeds=9; confidence=0.54."
100000008715513100,peripheral,0.4023156852933736,48,0.11100949355958457,"peripheral: вход 32,500 KZT/1 перев., выход 0 KZT/0 перев.; seeds=1; confidence=0.40. Граница наблюдения."
100000008715887100,terminal,0.5291752373243244,23,0.1575138829203359,"terminal: вход 18,000 KZT/1 перев., выход 0 KZT/0 перев.; seeds=1; confidence=0.53."
100000008716072100,terminal,0.5267069702670635,23,0.14683960924511946,"terminal: вход 12,100 KZT/1 перев., выход 0 KZT/0 перев.; seeds=1; confidence=0.53."
100000008716222100,terminal,0.5280453265878392,23,0.17076311000000688,"terminal: вход 18,000 KZT/1 перев., выход 0 KZT/0 перев.; seeds=1; confidence=0.53."
100000008716439100,terminal,0.5256565635000066,23,0.16115003176846718,"terminal: вход 12,267 KZT/1 перев., выход 0 KZT/0 перев.; seeds=1; confidence=0.53."
100000008716773100,terminal,0.527053167510662,23,0.1681914748635866,"terminal: вход 15,677 KZT/1 перев., выход 0 KZT/0 перев.; seeds=1; confidence=0.53."
100000008717340100,terminal,0.5342719484142872,23,0.20765885024538364,"terminal: вход 41,500 KZT/1 перев., выход 0 KZT/0 перев.; seeds=1; confidence=0.53."
100000008717341100,terminal,0.5263370746137633,23,0.16509002770842932,"terminal: вход 14,627 KZT/1 перев., выход 0 KZT/0 перев.; seeds=1; confidence=0.53."
100000008717375100,terminal,0.5320841790021705,3,0.3639091677797515,"terminal: вход 29,506 KZT/1 перев., выход 0 KZT/0 перев.; seeds=8; confidence=0.53."
100000008717802100,terminal,0.5324283956053742,23,0.17199697500472902,"terminal: вход 26,150 KZT/1 перев., выход 0 KZT/0 перев.; seeds=1; confidence=0.53."
100000008718089100,terminal,0.5268827954453604,23,0.16704258385466256,"terminal: вход 15,534 KZT/1 перев., выход 0 KZT/0 перев.; seeds=1; confidence=0.53."
100000008718811100,terminal,0.5392736587710248,23,0.21738841162552183,"terminal: вход 73,300 KZT/1 перев., выход 0 KZT/0 перев.; seeds=1; confidence=0.54."
100000008720668100,terminal,0.5282680317631023,23,0.153580071307729,"terminal: вход 16,000 KZT/1 перев., выход 0 KZT/0 перев.; seeds=1; confidence=0.53."
100000008720798100,terminal,0.5268827954453604,23,0.16704258385466256,"terminal: вход 15,534 KZT/1 перев., выход 0 KZT/0 перев.; seeds=1; confidence=0.53."
100000008720856100,peripheral,0.5419840282547456,11,0.38190866274058993,"peripheral: вход 18,105 KZT/1 перев., выход 46,000 KZT/2 перев.; seeds=7; confidence=0.54."
100000008721637100,distributor,0.6010985302285148,42,0.4802278380801873,"distributor: вход 24,041 KZT/1 перев., выход 127,000 KZT/2 перев.; seeds=7; confidence=0.60."
100000008722328100,terminal,0.5301153934355682,23,0.18245846506023683,"terminal: вход 23,677 KZT/1 перев., выход 0 KZT/0 перев.; seeds=1; confidence=0.53."
100000008722417100,distributor,0.6581399371229186,11,0.5101205589194913,"distributor: вход 331,900 KZT/1 перев., выход 720,000 KZT/6 перев.; seeds=7; confidence=0.66."
100000008722541100,peripheral,0.4283866656432347,11,0.2614294257979337,"peripheral: вход 280,000 KZT/4 перев., выход 0 KZT/0 перев.; seeds=7; confidence=0.43. Граница наблюдения."
100000008723830100,transit,0.7704867363797216,17,0.574335333335757,"transit: вход 459,785 KZT/2 перев., выход 455,000 KZT/1 перев.; seeds=7; confidence=0.77."
100000008724279100,terminal,0.5253834587973456,17,0.24045640983182903,"terminal: вход 11,750 KZT/1 перев., выход 0 KZT/0 перев.; seeds=7; confidence=0.53."
100000008724461100,transit,0.7193927996015732,5,0.6018311107254467,"transit: вход 100,111 KZT/1 перев., выход 130,000 KZT/1 перев.; seeds=9; confidence=0.72."
100000008727982100,peripheral,0.4138522778816462,42,0.15879255443379564,"peripheral: вход 30,000 KZT/2 перев., выход 0 KZT/0 перев.; seeds=1; confidence=0.41. Граница наблюдения."
100000008728457100,terminal,0.534713737200078,12,0.37167890815687443,"terminal: вход 45,000 KZT/1 перев., выход 0 KZT/0 перев.; seeds=8; confidence=0.53."
100000008729597100,terminal,0.5398618362862652,9,0.30438983465751007,"terminal: вход 83,090 KZT/1 перев., выход 0 KZT/0 перев.; seeds=7; confidence=0.54."
100000008729801100,terminal,0.5277663730169421,23,0.17105164346089058,"terminal: вход 17,534 KZT/1 перев., выход 0 KZT/0 перев.; seeds=1; confidence=0.53."
100000008730021100,terminal,0.5737727462667848,4,0.3665330160168352,"terminal: вход 75,555 KZT/3 перев., выход 0 KZT/0 перев.; seeds=2; confidence=0.57."
100000008730238100,peripheral,0.4023156852933736,5,0.29920799235863715,"peripheral: вход 113,000 KZT/1 перев., выход 0 KZT/0 перев.; seeds=8; confidence=0.40. Граница наблюдения."
100000008730371100,terminal,0.5844882934785562,1,0.4543870148567399,"terminal: вход 520,000 KZT/3 перев., выход 0 KZT/0 перев.; seeds=7; confidence=0.58."
100000008730846100,consolidator,0.8036340210247677,12,0.7277467369466055,"consolidator: вход 155,042 KZT/11 перев., выход 363,370 KZT/4 перев.; seeds=8; confidence=0.80."
100000008731444100,distributor,0.6931551208463539,1,0.5704748802762417,"distributor: вход 439,000 KZT/5 перев., выход 879,768 KZT/9 перев.; seeds=7; confidence=0.69."
100000008732098100,terminal,0.527053167510662,23,0.1681914748635866,"terminal: вход 15,677 KZT/1 перев., выход 0 KZT/0 перев.; seeds=1; confidence=0.53."
100000008732488100,peripheral,0.5240961216954064,9,0.357869380016584,"peripheral: вход 137,000 KZT/1 перев., выход 10,000 KZT/1 перев.; seeds=7; confidence=0.52."
100000008733049100,terminal,0.5252049341684587,4,0.22788250530514567,"terminal: вход 10,000 KZT/1 перев., выход 0 KZT/0 перев.; seeds=7; confidence=0.53."
100000008733194100,distributor,0.530239046879565,13,0.5193018750588789,"distributor: вход 251,424 KZT/4 перев., выход 159,695 KZT/8 перев.; seeds=7; confidence=0.53."
100000008734279100,peripheral,0.4023156852933736,9,0.15970583065942434,"peripheral: вход 31,650 KZT/1 перев., выход 0 KZT/0 перев.; seeds=7; confidence=0.40. Граница наблюдения."
100000008734364100,terminal,0.5314088819982477,23,0.18236343435771876,"terminal: вход 26,200 KZT/1 перев., выход 0 KZT/0 перев.; seeds=1; confidence=0.53."
100000008735384100,terminal,0.5337723817808566,23,0.204889496574392,"terminal: вход 39,220 KZT/1 перев., выход 0 KZT/0 перев.; seeds=1; confidence=0.53."
100000008735802100,peripheral,0.4138522778816462,1,0.2363227378693637,"peripheral: вход 85,000 KZT/2 перев., выход 0 KZT/0 перев.; seeds=7; confidence=0.41. Граница наблюдения."
100000008735832100,terminal,0.5289857963946668,23,0.15637751287809348,"terminal: вход 17,600 KZT/1 перев., выход 0 KZT/0 перев.; seeds=1; confidence=0.53."
100000008736173100,terminal,0.5324044594506583,23,0.1945127086772641,"terminal: вход 31,060 KZT/1 перев., выход 0 KZT/0 перев.; seeds=1; confidence=0.53."
100000008736394100,terminal,0.5276078431343901,23,0.16382514828947659,"terminal: вход 16,000 KZT/1 перев., выход 0 KZT/0 перев.; seeds=1; confidence=0.53."
100000008736760100,terminal,0.5367324377291273,23,0.22352594321762914,"terminal: вход 54,757 KZT/1 перев., выход 0 KZT/0 перев.; seeds=1; confidence=0.54."
100000008736940100,distributor,0.8009603082181654,10,0.44393393322723673,"distributor: вход 451,090 KZT/13 перев., выход 182,100 KZT/6 перев.; seeds=1; confidence=0.80."
100000008737422100,terminal,0.5388239898066319,23,0.2385840285533311,"terminal: вход 76,903 KZT/1 перев., выход 0 KZT/0 перев.; seeds=1; confidence=0.54."
100000008737514100,terminal,0.5395630506148268,4,0.304313088575151,"terminal: вход 85,000 KZT/1 перев., выход 0 KZT/0 перев.; seeds=7; confidence=0.54."
100000008737958100,terminal,0.5585988425721881,23,0.2699864351544693,"terminal: вход 53,373 KZT/2 перев., выход 0 KZT/0 перев.; seeds=1; confidence=0.56."
100000008738325100,peripheral,0.45631244665132165,50,0.2314901238769891,"peripheral: вход 36,550 KZT/1 перев., выход 54,000 KZT/1 перев.; seeds=1; confidence=0.46. Вход seed неполон."
100000008738526100,peripheral,0.5509886445628169,47,0.43820659436592185,"peripheral: вход 15,000 KZT/1 перев., выход 140,000 KZT/1 перев.; seeds=8; confidence=0.55."
100000008738658100,terminal,0.5332328519209015,23,0.17845634383388084,"terminal: вход 29,920 KZT/1 перев., выход 0 KZT/0 перев.; seeds=1; confidence=0.53."
100000008739887100,distributor,0.7327645014810893,9,0.5660930832042539,"distributor: вход 214,000 KZT/3 перев., выход 307,000 KZT/2 перев.; seeds=7; confidence=0.73."
100000008740295100,peripheral,0.4023156852933736,5,0.2890897299806373,"peripheral: вход 300,000 KZT/1 перев., выход 0 KZT/0 перев.; seeds=8; confidence=0.40. Граница наблюдения."
100000008740793100,terminal,0.5304378336291479,23,0.16520352655347675,"terminal: вход 21,000 KZT/1 перев., выход 0 KZT/0 перев.; seeds=1; confidence=0.53."
100000008741372100,terminal,0.5332798634241092,23,0.1993245894955768,"terminal: вход 35,975 KZT/1 перев., выход 0 KZT/0 перев.; seeds=1; confidence=0.53."
100000008742053100,distributor,0.8114547957900915,25,0.6851833538965497,"distributor: вход 10,000 KZT/1 перев., выход 2,789,000 KZT/12 перев.; seeds=8; confidence=0.81."
100000008742266100,terminal,0.5295617490642055,23,0.17226643986663429,"terminal: вход 21,000 KZT/1 перев., выход 0 KZT/0 перев.; seeds=1; confidence=0.53."
100000008743913100,distributor,0.6273450138507003,47,0.669919587220531,"distributor: вход 149,300 KZT/3 перев., выход 1,850,600 KZT/13 перев.; seeds=9; confidence=0.63."
100000008744364100,terminal,0.531306649051043,23,0.1672829623181797,"terminal: вход 23,700 KZT/1 перев., выход 0 KZT/0 перев.; seeds=1; confidence=0.53."
100000008744799100,terminal,0.5268923243976555,23,0.14775270784565633,"terminal: вход 12,600 KZT/1 перев., выход 0 KZT/0 перев.; seeds=1; confidence=0.53."
100000008744849100,terminal,0.5345695739113406,23,0.2109185140835873,"terminal: вход 44,445 KZT/1 перев., выход 0 KZT/0 перев.; seeds=1; confidence=0.53."
100000008745474100,terminal,0.5341855629731894,23,0.20712950418744647,"terminal: вход 40,559 KZT/1 перев., выход 0 KZT/0 перев.; seeds=1; confidence=0.53."
100000008745489100,terminal,0.5368433439646175,23,0.2241635295152279,"terminal: вход 55,539 KZT/1 перев., выход 0 KZT/0 перев.; seeds=1; confidence=0.54."
100000008745643100,terminal,0.5291629770275975,23,0.1776638193122166,"terminal: вход 20,313 KZT/1 перев., выход 0 KZT/0 перев.; seeds=1; confidence=0.53."
100000008745676100,peripheral,0.4023156852933736,23,0.13613211552328064,"peripheral: вход 34,547 KZT/1 перев., выход 0 KZT/0 перев.; seeds=1; confidence=0.40. Граница наблюдения."
100000008745725100,terminal,0.5351281178008578,23,0.213870927864026,"terminal: вход 47,060 KZT/1 перев., выход 0 KZT/0 перев.; seeds=1; confidence=0.54."
100000008745863100,terminal,0.5308982906946811,23,0.16500728487025462,"terminal: вход 22,900 KZT/1 перев., выход 0 KZT/0 перев.; seeds=1; confidence=0.53."
100000008745884100,terminal,0.5299335803120135,23,0.16303416999588527,"terminal: вход 20,000 KZT/1 перев., выход 0 KZT/0 перев.; seeds=1; confidence=0.53."
100000008746025100,terminal,0.5295388143676177,23,0.1786310497832269,"terminal: вход 22,000 KZT/1 перев., выход 0 KZT/0 перев.; seeds=1; confidence=0.53."
100000008746449100,distributor,0.8152571930893535,5,0.6813974635574658,"distributor: вход 10,000 KZT/1 перев., выход 1,009,000 KZT/10 перев.; seeds=8; confidence=0.82."
100000008746673100,terminal,0.53650485047691,23,0.2215105668004452,"terminal: вход 53,048 KZT/1 перев., выход 0 KZT/0 перев.; seeds=1; confidence=0.54."
100000008747113100,terminal,0.5663221799687592,11,0.5337547072842851,"terminal: вход 197,801 KZT/2 перев., выход 0 KZT/0 перев.; seeds=10; confidence=0.57."
100000008748408100,distributor,0.8255216792977396,42,0.4515923125454872,"distributor: вход 360,000 KZT/2 перев., выход 1,499,960 KZT/22 перев.; seeds=1; confidence=0.83."
100000008748795100,terminal,0.5363511777484431,1,0.26349751912873115,"terminal: вход 47,057 KZT/1 перев., выход 0 KZT/0 перев.; seeds=7; confidence=0.54."
100000008748914100,distributor,0.7380769297274284,3,0.543867600254638,"distributor: вход 180,000 KZT/9 перев., выход 4,471,847 KZT/21 перев.; seeds=1; confidence=0.74."
100000008749063100,terminal,0.5283032835026853,23,0.17337514033138027,"terminal: вход 19,000 KZT/1 перев., выход 0 KZT/0 перев.; seeds=1; confidence=0.53."
100000008749405100,terminal,0.5348165356290648,23,0.1871092157736138,"terminal: вход 37,150 KZT/1 перев., выход 0 KZT/0 перев.; seeds=1; confidence=0.53."
100000008749406100,terminal,0.5275107408319907,23,0.16957583970977816,"terminal: вход 17,144 KZT/1 перев., выход 0 KZT/0 перев.; seeds=1; confidence=0.53."
100000008749618100,terminal,0.535217390632574,23,0.2143257295408074,"terminal: вход 47,280 KZT/1 перев., выход 0 KZT/0 перев.; seeds=1; confidence=0.54."
100000008749900100,terminal,0.528634653225221,23,0.15482972437344358,"terminal: вход 17,150 KZT/1 перев., выход 0 KZT/0 перев.; seeds=1; confidence=0.53."
100000008749989100,terminal,0.5276078431343901,23,0.16382514828947659,"terminal: вход 16,000 KZT/1 перев., выход 0 KZT/0 перев.; seeds=1; confidence=0.53."
100000008750464100,terminal,0.524940860689255,23,0.1416125798533473,"terminal: вход 8,500 KZT/1 перев., выход 0 KZT/0 перев.; seeds=1; confidence=0.52."
100000008751349100,terminal,0.5265297897346023,15,0.22920498642033593,"terminal: вход 11,630 KZT/1 перев., выход 0 KZT/0 перев.; seeds=7; confidence=0.53."
100000008751380100,terminal,0.5698201842642358,5,0.5367525108110264,"terminal: вход 345,780 KZT/2 перев., выход 0 KZT/0 перев.; seeds=9; confidence=0.57."
100000008751429100,consolidator,0.5394598800979341,10,0.3394263764041237,"consolidator: вход 386,200 KZT/6 перев., выход 72,600 KZT/2 перев.; seeds=1; confidence=0.54."
100000008752616100,distributor,0.806533239036449,5,0.7224995235906282,"distributor: вход 64,510 KZT/2 перев., выход 1,265,000 KZT/7 перев.; seeds=9; confidence=0.81."
100000008753061100,terminal,0.5553978950969958,23,0.22994926742839844,"terminal: вход 28,400 KZT/2 перев., выход 0 KZT/0 перев.; seeds=1; confidence=0.56."
100000008753193100,terminal,0.5331596582690404,23,0.1984670945159621,"terminal: вход 35,225 KZT/1 перев., выход 0 KZT/0 перев.; seeds=1; confidence=0.53."
100000008753897100,terminal,0.5315438122562768,23,0.16831595351843628,"terminal: вход 24,050 KZT/1 перев., выход 0 KZT/0 перев.; seeds=1; confidence=0.53."
100000008754608100,terminal,0.5268100091472879,23,0.1473356269669579,"terminal: вход 12,300 KZT/1 перев., выход 0 KZT/0 перев.; seeds=1; confidence=0.53."
100000008754747100,terminal,0.5360502347059007,23,0.19758109270863058,"terminal: вход 45,500 KZT/1 перев., выход 0 KZT/0 перев.; seeds=1; confidence=0.54."
100000008754997100,terminal,0.5291752373243244,23,0.1575138829203359,"terminal: вход 18,000 KZT/1 перев., выход 0 KZT/0 перев.; seeds=1; confidence=0.53."
100000008755168100,terminal,0.5289857963946668,23,0.15637751287809348,"terminal: вход 17,600 KZT/1 перев., выход 0 KZT/0 перев.; seeds=1; confidence=0.53."
100000008755361100,terminal,0.5263370746137633,23,0.16509002770842932,"terminal: вход 14,627 KZT/1 перев., выход 0 KZT/0 перев.; seeds=1; confidence=0.53."
100000008755580100,terminal,0.5282680317631023,23,0.153580071307729,"terminal: вход 16,000 KZT/1 перев., выход 0 KZT/0 перев.; seeds=1; confidence=0.53."
100000008755754100,terminal,0.5245019961571675,25,0.16237284979055633,"terminal: вход 7,000 KZT/1 перев., выход 0 KZT/0 перев.; seeds=1; confidence=0.52."
100000008757301100,peripheral,0.4220376205867471,1,0.24471446885188217,"peripheral: вход 58,398 KZT/3 перев., выход 0 KZT/0 перев.; seeds=7; confidence=0.42. Граница наблюдения."
100000008757369100,transit,0.6049112673244758,1,0.42856001560831447,"transit: вход 25,961 KZT/1 перев., выход 58,398 KZT/3 перев.; seeds=7; confidence=0.60."
100000008758106100,peripheral,0.4023156852933736,5,0.20768236566916662,"peripheral: вход 10,000 KZT/1 перев., выход 0 KZT/0 перев.; seeds=8; confidence=0.40. Граница наблюдения."
100000008758168100,distributor,0.5973642506355412,47,0.6432420429348978,"distributor: вход 75,410 KZT/2 перев., выход 1,533,600 KZT/5 перев.; seeds=9; confidence=0.60."
100000008758607100,peripheral,0.4023156852933736,5,0.19974291458281593,"peripheral: вход 5,000 KZT/1 перев., выход 0 KZT/0 перев.; seeds=8; confidence=0.40. Граница наблюдения."
100000008759795100,peripheral,0.4023156852933736,48,0.0916576386170307,"peripheral: вход 17,000 KZT/1 перев., выход 0 KZT/0 перев.; seeds=1; confidence=0.40. Граница наблюдения."
100000008759857100,distributor,0.7284500881408055,47,0.6075337145050522,"distributor: вход 5,000 KZT/1 перев., выход 994,000 KZT/3 перев.; seeds=9; confidence=0.73."
100000008760098100,peripheral,0.5594198349182952,47,0.46207534140255946,"peripheral: вход 7,000 KZT/1 перев., выход 390,000 KZT/1 перев.; seeds=9; confidence=0.56."
100000008761132100,peripheral,0.4023156852933736,5,0.20768236566916662,"peripheral: вход 10,000 KZT/1 перев., выход 0 KZT/0 перев.; seeds=8; confidence=0.40. Граница наблюдения."
100000008761219100,consolidator,0.5640471837270836,61,0.6102010466724322,"consolidator: вход 50,000 KZT/2 перев., выход 375,000 KZT/2 перев.; seeds=9; confidence=0.56."
100000008761220100,peripheral,0.4023156852933736,5,0.20768236566916662,"peripheral: вход 10,000 KZT/1 перев., выход 0 KZT/0 перев.; seeds=8; confidence=0.40. Граница наблюдения."
100000008762005100,peripheral,0.4023156852933736,5,0.20056605046465512,"peripheral: вход 5,000 KZT/1 перев., выход 0 KZT/0 перев.; seeds=8; confidence=0.40. Граница наблюдения."
100000008762728100,terminal,0.527875005092851,17,0.26040183100273673,"terminal: вход 17,026 KZT/1 перев., выход 0 KZT/0 перев.; seeds=7; confidence=0.53."
100000008762832100,peripheral,0.559237577944155,3,0.23154537347473636,"peripheral: вход 150,000 KZT/1 перев., выход 85,000 KZT/4 перев.; seeds=1; confidence=0.56."
100000008762843100,peripheral,0.4023156852933736,5,0.20532064151751087,"peripheral: вход 7,000 KZT/1 перев., выход 0 KZT/0 перев.; seeds=8; confidence=0.40. Граница наблюдения."
100000008762885100,peripheral,0.4023156852933736,5,0.20532064151751087,"peripheral: вход 7,000 KZT/1 перев., выход 0 KZT/0 перев.; seeds=8; confidence=0.40. Граница наблюдения."
100000008763688100,terminal,0.5304378336291479,23,0.16520352655347675,"terminal: вход 21,000 KZT/1 перев., выход 0 KZT/0 перев.; seeds=1; confidence=0.53."
100000008764436100,terminal,0.5265162088458666,23,0.15943321181068631,"terminal: вход 13,100 KZT/1 перев., выход 0 KZT/0 перев.; seeds=1; confidence=0.53."
100000008764654100,terminal,0.5324283956053742,23,0.17199697500472902,"terminal: вход 26,150 KZT/1 перев., выход 0 KZT/0 перев.; seeds=1; confidence=0.53."
100000008765494100,terminal,0.5303954131120393,23,0.17671703767261351,"terminal: вход 24,000 KZT/1 перев., выход 0 KZT/0 перев.; seeds=1; confidence=0.53."
100000008765627100,terminal,0.5375151912680188,42,0.21016557045685588,"terminal: вход 60,000 KZT/1 перев., выход 0 KZT/0 перев.; seeds=1; confidence=0.54."
100000008766031100,peripheral,0.4023156852933736,5,0.20021543622085097,"peripheral: вход 5,000 KZT/1 перев., выход 0 KZT/0 перев.; seeds=8; confidence=0.40. Граница наблюдения."
100000008766764100,peripheral,0.4023156852933736,5,0.19974291458281593,"peripheral: вход 5,000 KZT/1 перев., выход 0 KZT/0 перев.; seeds=8; confidence=0.40. Граница наблюдения."
100000008767027100,terminal,0.5234105950034718,47,0.33307782709268946,"terminal: вход 5,000 KZT/1 перев., выход 0 KZT/0 перев.; seeds=9; confidence=0.52."
100000008767065100,terminal,0.5257777217627762,47,0.3422871851037273,"terminal: вход 10,000 KZT/1 перев., выход 0 KZT/0 перев.; seeds=9; confidence=0.53."
100000008767925100,terminal,0.5275107408319907,23,0.16957583970977816,"terminal: вход 17,144 KZT/1 перев., выход 0 KZT/0 перев.; seeds=1; confidence=0.53."
100000008767950100,terminal,0.5288004422640747,23,0.15598023915834464,"terminal: вход 17,350 KZT/1 перев., выход 0 KZT/0 перев.; seeds=1; confidence=0.53."
100000008768896100,terminal,0.5351281178008578,23,0.213870927864026,"terminal: вход 47,060 KZT/1 перев., выход 0 KZT/0 перев.; seeds=1; confidence=0.54."
100000008769097100,terminal,0.5338483177163911,23,0.18116727551861497,"terminal: вход 31,100 KZT/1 перев., выход 0 KZT/0 перев.; seeds=1; confidence=0.53."
100000008769636100,terminal,0.5297652762983873,23,0.18019514020928784,"terminal: вход 23,118 KZT/1 перев., выход 0 KZT/0 перев.; seeds=1; confidence=0.53."
100000008770483100,peripheral,0.4023156852933736,61,0.2220276500725992,"peripheral: вход 5,000 KZT/1 перев., выход 0 KZT/0 перев.; seeds=9; confidence=0.40. Граница наблюдения."
100000008771627100,terminal,0.527734017685346,23,0.1643179499752523,"terminal: вход 16,500 KZT/1 перев., выход 0 KZT/0 перев.; seeds=1; confidence=0.53."
100000008771814100,terminal,0.5302748596998614,23,0.17595099309653514,"terminal: вход 23,700 KZT/1 перев., выход 0 KZT/0 перев.; seeds=1; confidence=0.53."
100000008771819100,terminal,0.5336976940762314,23,0.2024778463265876,"terminal: вход 38,900 KZT/1 перев., выход 0 KZT/0 перев.; seeds=1; confidence=0.53."
100000008772058100,terminal,0.5360414913886424,23,0.20893729785795476,"terminal: вход 50,000 KZT/1 перев., выход 0 KZT/0 перев.; seeds=1; confidence=0.54."
100000008772246100,terminal,0.5358218243678571,23,0.19634314701710023,"terminal: вход 44,500 KZT/1 перев., выход 0 KZT/0 перев.; seeds=1; confidence=0.54."
100000008773876100,terminal,0.531102903052956,23,0.18777528419203113,"terminal: вход 26,120 KZT/1 перев., выход 0 KZT/0 перев.; seeds=1; confidence=0.53."
100000008774237100,peripheral,0.5779536624546779,35,0.2121413496590591,"peripheral: вход 50,000 KZT/1 перев., выход 10,000 KZT/1 перев.; seeds=1; confidence=0.58."
100000008775471100,terminal,0.5717239256970598,47,0.49683045368049444,"terminal: вход 580,000 KZT/2 перев., выход 0 KZT/0 перев.; seeds=8; confidence=0.57."
100000008775747100,peripheral,0.4023156852933736,5,0.19974291458281593,"peripheral: вход 5,000 KZT/1 перев., выход 0 KZT/0 перев.; seeds=8; confidence=0.40. Граница наблюдения."
100000008776298100,terminal,0.5343875041095666,23,0.20865444397220914,"terminal: вход 42,800 KZT/1 перев., выход 0 KZT/0 перев.; seeds=1; confidence=0.53."
100000008776310100,terminal,0.5295009907957888,23,0.16078696303752663,"terminal: вход 19,200 KZT/1 перев., выход 0 KZT/0 перев.; seeds=1; confidence=0.53."
100000008776420100,terminal,0.5388577060855915,23,0.21521776515748767,"terminal: вход 69,500 KZT/1 перев., выход 0 KZT/0 перев.; seeds=1; confidence=0.54."
100000008776576100,terminal,0.5264035887202577,23,0.16569609591433682,"terminal: вход 14,765 KZT/1 перев., выход 0 KZT/0 перев.; seeds=1; confidence=0.53."
100000008776720100,terminal,0.5324283956053742,23,0.17199697500472902,"terminal: вход 26,150 KZT/1 перев., выход 0 KZT/0 перев.; seeds=1; confidence=0.53."
100000008777088100,terminal,0.5280453265878392,23,0.17076311000000688,"terminal: вход 18,000 KZT/1 перев., выход 0 KZT/0 перев.; seeds=1; confidence=0.53."
100000008778010100,peripheral,0.4138522778816462,23,0.17557557066911608,"peripheral: вход 76,950 KZT/2 перев., выход 0 KZT/0 перев.; seeds=1; confidence=0.41. Граница наблюдения."
100000008778753100,peripheral,0.4023156852933736,14,0.1376297943539191,"peripheral: вход 10,000 KZT/1 перев., выход 0 KZT/0 перев.; seeds=7; confidence=0.40. Граница наблюдения."
100000008779584100,terminal,0.5324954943515454,23,0.19507926303227438,"terminal: вход 31,400 KZT/1 перев., выход 0 KZT/0 перев.; seeds=1; confidence=0.53."
100000008782056100,terminal,0.5317741152471344,23,0.19186267985597028,"terminal: вход 29,082 KZT/1 перев., выход 0 KZT/0 перев.; seeds=1; confidence=0.53."
100000008782421100,terminal,0.5355558841202817,23,0.2167158338106259,"terminal: вход 49,680 KZT/1 перев., выход 0 KZT/0 перев.; seeds=1; confidence=0.54."
100000008782800100,terminal,0.5344621918141919,23,0.2091708495051759,"terminal: вход 43,381 KZT/1 перев., выход 0 KZT/0 перев.; seeds=1; confidence=0.53."
